subset,token,agent,ADE,FDE,L2_1s,L2_2s,L2_3s,L2_4s,MissRate2m_token
lead574,d5407856a57357ce,human_replay,3.376806128185843e-08,1.0408266693822682e-07,9.613035809453466e-09,4.89643824419263e-08,5.545283497171164e-08,1.0408266693822682e-07,0.0
lead574,d5407856a57357ce,ignore_all,8.65492672202831,19.623247295763093,1.8859418870944398,6.1502003567585595,12.324567217197645,19.623247295763093,1.0
lead574,d5407856a57357ce,constant_velocity,3.0615443388272423,6.244610081588533,0.7617629160721328,2.407583811086239,4.4850922718180986,6.244610081588533,1.0
lead574,d5407856a57357ce,timid_creep,2.781710271727215,5.747123147151826,0.6373956479250457,2.158841832244454,4.111981864442882,5.747123147151826,1.0
lead574,d5407856a57357ce,lead_release,0.37966137410980905,0.955817169288952,0.06351870700276072,0.3072848313412423,0.47159046456151543,0.955817169288952,0.0
lead574,e917a198bd9757a4,human_replay,2.7064643263569287e-08,3.273124396908511e-08,1.54590692307629e-08,5.4747292493791496e-08,8.41679845454263e-09,3.273124396908511e-08,0.0
lead574,e917a198bd9757a4,ignore_all,7.784886198650671,17.45760606404918,1.732989646901337,5.6158525421515035,11.08232599141096,17.45760606404918,1.0
lead574,e917a198bd9757a4,constant_velocity,2.1778678641705076,4.030787612077201,0.6082389805253837,1.8690719132831415,3.2262332209901774,4.030787612077201,1.0
lead574,e917a198bd9757a4,timid_creep,3.384052503105583,6.175149222831432,1.1443282081364778,2.941255281109752,4.834500474668576,6.175149222831432,1.0
lead574,e917a198bd9757a4,lead_release,0.5621920730223635,1.4320357447799246,0.16080094884241913,0.42840574434463713,0.6576806676353252,1.4320357447799246,0.0
lead574,260c9a75f6e05785,human_replay,2.0594564246223564e-08,2.917101559545526e-08,5.1229291699475326e-08,6.7272723898477845e-09,6.015480098553825e-09,2.917101559545526e-08,0.0
lead574,260c9a75f6e05785,ignore_all,8.369714299602702,19.312642486305883,1.6887537534293044,5.890783433876274,11.896551348735725,19.312642486305883,1.0
lead574,260c9a75f6e05785,constant_velocity,2.769708009066011,5.910900288422106,0.5642702817825316,2.1461067120833346,4.0489314237996155,5.910900288422106,1.0
lead574,260c9a75f6e05785,timid_creep,3.129058627480602,6.549753395943265,0.7239813137469451,2.4655226980711515,4.528066493621452,6.549753395943265,1.0
lead574,260c9a75f6e05785,lead_release,0.13995242106583983,0.1497109615669403,0.01368894138288824,0.16936603270763934,0.24704465017488433,0.1497109615669403,0.0
lead574,2087ff145dae502d,human_replay,1.8353276164488274e-08,2.6050423737888303e-08,2.8276268215764918e-08,2.8569342808871115e-09,5.672526423776987e-09,2.6050423737888303e-08,0.0
lead574,2087ff145dae502d,ignore_all,7.896915266942625,18.044407982739656,1.7073877677435878,5.664370688614519,11.133294025169057,18.044407982739656,1.0
lead574,2087ff145dae502d,constant_velocity,2.2877516121710486,4.609623386193939,0.5825957684255902,1.9171120942132525,3.2746887148794133,4.609623386193939,1.0
lead574,2087ff145dae502d,timid_creep,3.8161499210632233,7.3268169849236635,1.2618815661479126,3.2756628771060083,5.312563961494834,7.3268169849236635,1.0
lead574,2087ff145dae502d,lead_release,0.05352913971500209,0.13989137805350124,0.01349115950464726,0.058106911524240724,0.03525859608597673,0.13989137805350124,0.0
lead574,a371624958cb52ea,human_replay,1.952922072461132e-08,2.5527988445508918e-08,2.9557206391665448e-08,2.0335189635350067e-08,1.1396945711479677e-08,2.5527988445508918e-08,0.0
lead574,a371624958cb52ea,ignore_all,7.39673447971576,17.278744936098956,1.4532162266012318,5.134194275224073,10.483925120377824,17.278744936098956,1.0
lead574,a371624958cb52ea,constant_velocity,1.78592559096901,3.8379233802529193,0.32835579140865434,1.3864499444343323,2.6233637049051994,3.8379233802529193,1.0
lead574,a371624958cb52ea,timid_creep,3.5528979501603413,6.996924170585928,1.1010703358638878,2.9545773921363763,4.986932675246694,6.996924170585928,1.0
lead574,a371624958cb52ea,lead_release,0.5323258046953733,0.7688709685399584,0.1226751103511304,0.6065889209725837,0.8164120520686738,0.7688709685399584,0.0
lead574,2928cfbed3d15000,human_replay,2.5931918624456734e-08,3.835404082644411e-08,3.7964908621745425e-09,4.3114974503896e-08,3.361785029892232e-08,3.835404082644411e-08,0.0
lead574,2928cfbed3d15000,ignore_all,8.64622277934958,19.971391307882907,1.7353256533031978,6.0431974664447345,12.317348825826004,19.971391307882907,1.0
lead574,2928cfbed3d15000,constant_velocity,3.051879721760763,6.589261655860275,0.6110950702669314,2.3003680612710613,4.4766305252365735,6.589261655860275,1.0
lead574,2928cfbed3d15000,timid_creep,2.8626723690608555,6.25287048656041,0.5269994977790196,2.1321877794171527,4.224339875265951,6.25287048656041,1.0
lead574,2928cfbed3d15000,lead_release,0.2934093235085587,0.4670067326157151,0.10844281264471088,0.3399726211974158,0.3748133031777132,0.4670067326157151,0.0
lead574,c5dfe79ae983556a,human_replay,2.2980241070276483e-08,2.3802633218740128e-08,2.2769717228988016e-08,2.8868724404181997e-08,1.855070101402818e-08,2.3802633218740128e-08,0.0
lead574,c5dfe79ae983556a,ignore_all,8.22180895062485,18.774847817932553,1.72749216741916,5.910462742415788,11.630312526707511,18.774847817932553,1.0
lead574,c5dfe79ae983556a,constant_velocity,2.616604448728478,5.353912910169345,0.6032519768930666,2.164345193719733,3.776231773067818,5.353912910169345,1.0
lead574,c5dfe79ae983556a,timid_creep,3.607316207982274,7.115397231105488,1.043331812559377,3.045002452545891,5.097321538358603,7.115397231105488,1.0
lead574,c5dfe79ae983556a,lead_release,0.07479783410075426,0.17326334253641892,0.03441868110876129,0.0468102982349187,0.08300569686629511,0.17326334253641892,0.0
lead574,c8df3a922f9d5550,human_replay,1.1101250823289393e-08,9.219646975177039e-09,5.940911903471036e-09,1.3840023482217926e-08,6.739174665444607e-09,9.219646975177039e-09,0.0
lead574,c8df3a922f9d5550,ignore_all,7.677126747643461,17.403364386935635,1.7843485973195736,5.554020622418264,10.751300318617533,17.403364386935635,1.0
lead574,c8df3a922f9d5550,constant_velocity,2.064579059824119,3.9555433798620263,0.6597947375049156,1.8059110751285132,2.8886400059247848,3.9555433798620263,1.0
lead574,c8df3a922f9d5550,timid_creep,4.094537435369529,7.640708982880492,1.507368424764396,3.5994892373698057,5.628021251625731,7.640708982880492,1.0
lead574,c8df3a922f9d5550,lead_release,0.10781804433072933,0.23974932694821485,0.03879981010417788,0.06245462717015762,0.14705865644486446,0.23974932694821485,0.0
lead574,dd9b1479609c5c59,human_replay,2.0895688789918344e-07,3.522111320714799e-07,2.267406884840127e-07,7.840223230126121e-08,2.2582019485295345e-07,3.522111320714799e-07,0.0
lead574,dd9b1479609c5c59,ignore_all,5.845001037214896,14.35276015217416,1.0921638697123262,3.7448246604178292,8.188062417579959,14.35276015217416,1.0
lead574,dd9b1479609c5c59,constant_velocity,2.387110125442046,5.959190500957744,0.33411615203875483,1.4963496290486875,3.421313402804753,5.959190500957744,1.0
lead574,dd9b1479609c5c59,timid_creep,5.200090677864576,10.347393146931775,1.6059770075686393,4.344912689049157,7.266068300075491,10.347393146931775,1.0
lead574,dd9b1479609c5c59,lead_release,0.8874212884330609,1.9318757232114765,0.16779118672071913,0.6906599825613368,1.2859888276252285,1.9318757232114765,0.0
lead574,8d83f07bed9d5f6a,human_replay,3.479480311375462e-08,5.392409078287689e-08,2.7715139788829904e-08,5.0026611360385e-08,2.237281229705845e-08,5.392409078287689e-08,0.0
lead574,8d83f07bed9d5f6a,ignore_all,8.108871870744865,18.616786620542147,1.6822481526674127,5.750618651839728,11.495351146379278,18.616786620542147,1.0
lead574,8d83f07bed9d5f6a,constant_velocity,2.504140225930479,5.198245889673841,0.5576154773185512,2.004484999563344,3.641973724900115,5.198245889673841,1.0
lead574,8d83f07bed9d5f6a,timid_creep,3.406715580530929,6.802856259576524,0.9587399356563113,2.8067863882063575,4.845431239341399,6.802856259576524,1.0
lead574,8d83f07bed9d5f6a,lead_release,0.12848490807272922,0.31700820429771887,0.030255735894555467,0.08267582874208562,0.16626365404167923,0.31700820429771887,0.0
lead574,8d9d0d3caa9b5905,human_replay,4.073437726705559e-08,3.7991925988574184e-08,5.634131148700667e-08,5.185711127011981e-09,5.947457086906345e-08,3.7991925988574184e-08,0.0
lead574,8d9d0d3caa9b5905,ignore_all,7.992660536119717,18.746242916187228,1.5464537703221228,5.467386222789714,11.37743042893728,18.746242916187228,1.0
lead574,8d9d0d3caa9b5905,constant_velocity,2.3919249789243304,5.34123760392265,0.42275126221101705,1.7224635523848795,3.528646583013597,5.34123760392265,1.0
lead574,8d9d0d3caa9b5905,timid_creep,2.849205685812051,6.1543531951913275,0.6256589551594597,2.1289929619397316,4.1384815097500285,6.1543531951913275,1.0
lead574,8d9d0d3caa9b5905,lead_release,0.0706049642617238,0.16124405514838974,0.062484133859851895,0.038544075043592675,0.0602615892539453,0.16124405514838974,0.0
lead574,aa4430320c3151e3,human_replay,3.1043845784695726e-08,4.6589800224000945e-08,1.74928043572828e-09,4.5279272233190445e-08,3.219526920277005e-08,4.6589800224000945e-08,0.0
lead574,aa4430320c3151e3,ignore_all,7.872614673530933,18.168879837999377,1.6283697633096539,5.551427738355101,11.139432328970148,18.168879837999377,1.0
lead574,aa4430320c3151e3,constant_velocity,2.2655853973538598,4.741164448215859,0.5042934692390034,1.8045831615155286,3.2830351990709863,4.741164448215859,1.0
lead574,aa4430320c3151e3,timid_creep,3.505680184115936,6.946174218601922,1.05502749715823,2.907087084673872,4.936792307805885,6.946174218601922,1.0
lead574,aa4430320c3151e3,lead_release,0.11576610378345328,0.21693884092612647,0.09453881129860925,0.07607347629174248,0.12821280026020912,0.21693884092612647,0.0
lead574,2d4d48a048615f9a,human_replay,3.2795680494153524e-08,2.8915592641934743e-08,4.3692641615630767e-08,4.7652541939076457e-08,3.581385522002494e-08,2.8915592641934743e-08,0.0
lead574,2d4d48a048615f9a,ignore_all,9.095029518115096,20.453681782725234,2.0240229590867322,6.650180326045479,12.850419170430662,20.453681782725234,1.0
lead574,2d4d48a048615f9a,constant_velocity,3.4998396805780048,7.06875142951699,0.8997498080861636,2.9069739419441363,5.008664815930976,7.06875142951699,1.0
lead574,2d4d48a048615f9a,timid_creep,3.383360603355479,6.861670086463424,0.8479802405492829,2.803434147331155,4.853354312725436,6.861670086463424,1.0
lead574,2d4d48a048615f9a,lead_release,0.04296113804954861,0.12638948638097264,0.04121781893696279,0.029739529123265832,0.029577192647171884,0.12638948638097264,0.0
lead574,0ee1f95f55d95f7e,human_replay,9.009673483170228e-08,4.723945039553986e-08,1.1710440635856099e-07,5.7068217221487745e-08,4.0929506883878005e-08,4.723945039553986e-08,0.0
lead574,0ee1f95f55d95f7e,ignore_all,8.317874312447444,20.043728329155524,1.5205874915752438,5.453861534873231,11.807912713831689,20.043728329155524,1.0
lead574,0ee1f95f55d95f7e,constant_velocity,2.8159162642771904,6.879429360495497,0.43081830732526744,1.781613716054236,4.079632207301233,6.879429360495497,1.0
lead574,0ee1f95f55d95f7e,timid_creep,0.9400297228524741,1.3865530988828434,0.8775969516792832,1.146118665044959,0.7372026174522602,1.3865530988828434,0.0
lead574,0ee1f95f55d95f7e,lead_release,2.522641577175476,6.052463746085396,0.3910089884156823,1.621499319056661,3.6945738191164543,6.052463746085396,1.0
lead574,d929120b36a95db5,human_replay,2.2691203142672598e-08,1.322394761402773e-08,4.300246541525864e-08,2.9384462638888582e-08,1.781893898206065e-08,1.322394761402773e-08,0.0
lead574,d929120b36a95db5,ignore_all,8.211687842857728,19.085089380345202,1.6300408762692011,5.7005382569040375,11.681225476586457,19.085089380345202,1.0
lead574,d929120b36a95db5,constant_velocity,2.611525206349447,5.682818561838497,0.5055564273604092,1.9557539277552607,3.8334212083286543,5.682818561838497,1.0
lead574,d929120b36a95db5,timid_creep,2.98661585460039,6.349653921646913,0.6722606492803852,2.2891733032141177,4.333542171645073,6.349653921646913,1.0
lead574,d929120b36a95db5,lead_release,0.15763419455240926,0.3192835379401776,0.06255812521547634,0.11296244524315134,0.2028768219239364,0.3192835379401776,0.0
lead574,4a71a24c376f5388,human_replay,1.3965030903406898e-08,3.5626650861213256e-09,1.569200733436005e-08,9.41009231161031e-09,1.8112459797048125e-08,3.5626650861213256e-09,0.0
lead574,4a71a24c376f5388,ignore_all,7.894711084877949,18.125821963245844,1.6674364693164376,5.62022035838564,11.15186206947123,18.125821963245844,1.0
lead574,4a71a24c376f5388,constant_velocity,2.28658324983199,4.694828924116784,0.542712409058168,1.8732193335512257,3.2944588624877453,4.694828924116784,1.0
lead574,4a71a24c376f5388,timid_creep,3.65837613532989,7.133633651002998,1.1523691452790759,3.0925819918531476,5.12354559293074,7.133633651002998,1.0
lead574,4a71a24c376f5388,lead_release,0.2006110383566243,0.37194153342745595,0.0820413931301554,0.168485263915082,0.26530809325024696,0.37194153342745595,0.0
lead574,1c5019f2bc6052d6,human_replay,8.257889967009471e-09,4.167410221268485e-09,1.102220020283531e-08,2.3879672079178736e-09,1.284246299341629e-08,4.167410221268485e-09,0.0
lead574,1c5019f2bc6052d6,ignore_all,7.30830741643564,16.74254160485334,1.6429403986376243,5.211981532916862,10.245132895135022,16.74254160485334,1.0
lead574,1c5019f2bc6052d6,constant_velocity,1.6940989056823854,3.2883708636637023,0.5181295903907597,1.463663876988303,2.3806839504812274,3.2883708636637023,1.0
lead574,1c5019f2bc6052d6,timid_creep,3.992184703063111,7.509732007560954,1.4425092561798016,3.4869297107935266,5.503016190180118,7.509732007560954,1.0
lead574,1c5019f2bc6052d6,lead_release,0.1917062808531268,0.36180209857936607,0.07491141453129786,0.15850946556348075,0.2596777883580433,0.36180209857936607,0.0
lead574,3a36b098acee53b9,human_replay,4.7427594468897854e-08,1.0712258930039387e-07,5.8449916282859774e-08,8.763289151369519e-09,3.1568024871377324e-09,1.0712258930039387e-07,0.0
lead574,3a36b098acee53b9,ignore_all,7.707155806584985,18.61858939748656,1.4375842769250589,4.987920557049147,10.931818906652008,18.61858939748656,1.0
lead574,3a36b098acee53b9,constant_velocity,2.113636627421947,5.239005004231766,0.31338159701194046,1.2455623383027106,3.091978718996842,5.239005004231766,1.0
lead574,3a36b098acee53b9,timid_creep,1.8580107494645728,4.78433898196644,0.1997177005669114,1.0183356740863183,2.750980555630029,4.78433898196644,1.0
lead574,3a36b098acee53b9,lead_release,0.6219717005783223,1.01186083077677,0.20174598605360985,0.6384315164553314,0.8938462230928446,1.01186083077677,0.0
lead574,48271cdeceb35236,human_replay,5.727474285346246e-08,6.138673355554255e-08,5.5344228609444774e-08,2.200068081497902e-08,7.9213301801491e-08,6.138673355554255e-08,0.0
lead574,48271cdeceb35236,ignore_all,7.764312274760855,18.496584907481388,1.4199297351443085,5.163472037871797,11.084247153829152,18.496584907481388,1.0
lead574,48271cdeceb35236,constant_velocity,2.1646568388679555,5.094526936450122,0.29669714021029137,1.4190701606161755,3.236480992501484,5.094526936450122,1.0
lead574,48271cdeceb35236,timid_creep,2.531580154757342,5.747201615797935,0.4592976240096433,1.745312261555809,3.7259847155385777,5.747201615797935,1.0
lead574,48271cdeceb35236,lead_release,0.33578121436945646,0.549521463287055,0.16324842096059522,0.31672362277986105,0.4321009523405115,0.549521463287055,0.0
lead574,8560e670c7865e3f,human_replay,3.070007009741589e-08,2.6694472742833908e-08,5.84010607740456e-08,2.7862003820866927e-08,4.4311299875120955e-08,2.6694472742833908e-08,0.0
lead574,8560e670c7865e3f,ignore_all,7.9424931138207855,18.48032775827658,1.5594837834396853,5.530114832011839,11.286819551668504,18.48032775827658,1.0
lead574,8560e670c7865e3f,constant_velocity,2.3383321796672236,5.062921655310582,0.4357426755225473,1.7840732804625887,3.4338214088830084,5.062921655310582,1.0
lead574,8560e670c7865e3f,timid_creep,3.201232715528957,6.597328685220054,0.8187434987277667,2.551272464776025,4.584626629836514,6.597328685220054,1.0
lead574,8560e670c7865e3f,lead_release,0.2110539193310856,0.3725076766920128,0.1305566136259345,0.16458186250200646,0.2580392267629072,0.3725076766920128,0.0
lead574,c4b1d4fabd315035,human_replay,1.5390490791647665e-08,2.5833929529694666e-08,2.5360875114699115e-08,4.949752373199049e-09,8.581969580582508e-09,2.5833929529694666e-08,0.0
lead574,c4b1d4fabd315035,ignore_all,7.6827609481159005,17.647922437165445,1.6392629782635408,5.470927034377184,10.832420159617797,17.647922437165445,1.0
lead574,c4b1d4fabd315035,constant_velocity,2.0723670035305606,4.208309383104099,0.5144493988075377,1.723309680290098,2.9722811106443014,4.208309383104099,1.0
lead574,c4b1d4fabd315035,timid_creep,3.798674387578256,7.286133070212731,1.2755372292371525,3.2566259618446507,5.2778504255958305,7.286133070212731,1.0
lead574,c4b1d4fabd315035,lead_release,0.24038281396642627,0.41072181887311593,0.10843178258619147,0.2199178784050492,0.3135073137317226,0.41072181887311593,0.0
lead574,008d66a74c275479,human_replay,4.514820719895953e-09,5.236609009818844e-09,6.613996799249222e-09,2.1472656506365494e-09,1.7153020965849767e-09,5.236609009818844e-09,0.0
lead574,008d66a74c275479,ignore_all,7.04785949071135,16.202741524276234,1.5977146337541384,4.994319046748964,9.863785286352531,16.202741524276234,1.0
lead574,008d66a74c275479,constant_velocity,1.4322538352784302,2.742586997920818,0.47325173859572206,1.245833402957855,1.9977103102432623,2.742586997920818,1.0
lead574,008d66a74c275479,timid_creep,4.013089020124136,7.529674556940838,1.478098680423001,3.5114404797035785,5.524083196957549,7.529674556940838,1.0
lead574,008d66a74c275479,lead_release,0.18230907726258788,0.32364387264029043,0.07145015421298502,0.1650661219550197,0.24794447349554996,0.32364387264029043,0.0
lead574,cf7045e0db215eea,human_replay,1.8282888710795225e-08,1.6038278755872906e-08,2.4973942222705417e-08,2.9092554655308622e-08,4.338719730916086e-09,1.6038278755872906e-08,0.0
lead574,cf7045e0db215eea,ignore_all,8.142562036070693,18.515915338438855,1.805096266828823,5.865229257297944,11.473221342790099,18.515915338438855,1.0
lead574,cf7045e0db215eea,constant_velocity,2.535601552647843,5.088769033143577,0.6806309845018594,2.1186107485153025,3.6170933519823745,5.088769033143577,1.0
lead574,cf7045e0db215eea,timid_creep,3.756998528310852,7.260333389201813,1.2233224477245492,3.2043081591576668,5.245741482797663,7.260333389201813,1.0
lead574,cf7045e0db215eea,lead_release,0.07724421161966535,0.18315287661513202,0.04647578918364573,0.06411096044438672,0.07426687231604133,0.18315287661513202,0.0
lead574,ef90f66b5d465ebf,human_replay,2.8839802418777048e-08,4.41264218079736e-08,8.114808754421801e-09,3.6853617128179094e-08,3.399011433298044e-08,4.41264218079736e-08,0.0
lead574,ef90f66b5d465ebf,ignore_all,9.209496484971396,20.992387379604683,1.968662248200464,6.5609496202731545,13.072696431411186,20.992387379604683,1.0
lead574,ef90f66b5d465ebf,constant_velocity,3.6230068509213256,7.637111018083312,0.8449376617905405,2.820687304879029,5.241742264650544,7.637111018083312,1.0
lead574,ef90f66b5d465ebf,timid_creep,2.7916516455170006,6.159064036728453,0.47557146350007357,2.081680188750883,4.133208378336311,6.159064036728453,1.0
lead574,ef90f66b5d465ebf,lead_release,0.24645873570599497,0.42387633536341085,0.06201910518612994,0.27139613454011646,0.34000025864130606,0.42387633536341085,0.0
lead574,95448c5ace9e5a22,human_replay,1.7947355803228982e-08,2.679247548138941e-08,9.434172605674117e-09,2.6045498411345096e-08,2.9606869119641898e-08,2.679247548138941e-08,0.0
lead574,95448c5ace9e5a22,ignore_all,8.44621034937762,19.14363524609513,1.8828845276993087,6.0967762102887395,11.90815678764524,19.14363524609513,1.0
lead574,95448c5ace9e5a22,constant_velocity,2.8425754818144666,5.728924212520559,0.7584476713653374,2.350940850502485,4.05606185601739,5.728924212520559,1.0
lead574,95448c5ace9e5a22,timid_creep,3.6133871216573037,7.099317104326787,1.100940470213563,3.036137246277441,5.083856195440782,7.099317104326787,1.0
lead574,95448c5ace9e5a22,lead_release,0.10254494035801537,0.21748493432290453,0.04285748267831176,0.07026188017496658,0.13577879018156622,0.21748493432290453,0.0
lead574,fdfad1317cd75455,human_replay,7.66615193708622e-09,7.826943811582858e-09,8.339039168537488e-09,4.869523964368703e-09,1.4396061953721048e-08,7.826943811582858e-09,0.0
lead574,fdfad1317cd75455,ignore_all,7.528580294705847,17.14411461743211,1.7311673915056751,5.406081154362529,10.546888334310625,17.14411461743211,1.0
lead574,fdfad1317cd75455,constant_velocity,1.915276841005715,3.6938788134103233,0.6062532054060581,1.6577421378451298,2.6834582551958386,3.6938788134103233,1.0
lead574,fdfad1317cd75455,timid_creep,4.040473345668785,7.569321641486136,1.4813157134157287,3.532919552016425,5.5587706429114325,7.569321641486136,1.0
lead574,fdfad1317cd75455,lead_release,0.1232624413633096,0.23627056812144306,0.04623143248923865,0.09438213726722387,0.17050747884973588,0.23627056812144306,0.0
lead574,371672ed85805daf,human_replay,1.2130535333815944e-08,1.7644827729724268e-09,2.5720688480190306e-08,2.1901341522035125e-08,7.828223304051153e-09,1.7644827729724268e-09,0.0
lead574,371672ed85805daf,ignore_all,7.168400813103698,16.77630770397103,1.4244490785716393,4.965947933467882,10.144538130280964,16.77630770397103,1.0
lead574,371672ed85805daf,constant_velocity,1.5559650964864402,3.327731354107857,0.3005358860214227,1.2178787027516405,2.281664880110447,3.327731354107857,1.0
lead574,371672ed85805daf,timid_creep,3.6156536512689144,7.072949105986362,1.1560682540337337,3.037120733052777,5.063929756681074,7.072949105986362,1.0
lead574,371672ed85805daf,lead_release,0.5986714227892986,1.2035969404085012,0.08636922915065125,0.5269634433523931,0.9011883809212077,1.2035969404085012,0.0
lead574,80d8679b8c215769,human_replay,9.166318861380358e-08,3.472196879801027e-07,1.9758861525518044e-08,1.25276872032567e-08,1.387562164754932e-07,3.472196879801027e-07,0.0
lead574,80d8679b8c215769,ignore_all,3.1861905779017787,8.660916891935036,0.4721334593891049,1.7585297843920467,4.334342924035606,8.660916891935036,1.0
lead574,80d8679b8c215769,constant_velocity,3.2299703520976246,7.599755007619105,0.6654526016002491,2.192192788817433,4.551617010668805,7.599755007619105,1.0
lead574,80d8679b8c215769,timid_creep,1.6717163845871081,4.919816698157513,0.27672987982133046,0.624775237833563,2.268720887638107,4.919816698157513,1.0
lead574,80d8679b8c215769,lead_release,0.49237124418134653,1.5789182071205086,0.07073434898965845,0.13323107996847114,0.6405503862000768,1.5789182071205086,0.0
lead574,58b0a1db2a145780,human_replay,3.0322970666178895e-07,7.130759189473445e-07,6.968227315021632e-08,2.56370366210907e-07,3.698308389665596e-07,7.130759189473445e-07,0.0
lead574,58b0a1db2a145780,ignore_all,6.898958147529198,17.213904924878793,1.1412492782386874,4.24560699712433,9.77666554133956,17.213904924878793,1.0
lead574,58b0a1db2a145780,constant_velocity,4.100621786377162,10.29388477759241,0.4958664366325719,2.4887248655152376,5.974199986444176,10.29388477759241,1.0
lead574,58b0a1db2a145780,timid_creep,6.559748786256019,13.73394456075784,1.6525898887324397,5.221848443047558,9.297239101573384,13.73394456075784,1.0
lead574,58b0a1db2a145780,lead_release,0.888422084926113,1.8141327765262822,0.163562889477073,0.7199051031251495,1.325251811672894,1.8141327765262822,0.0
lead574,a0b3a3b623235a49,human_replay,9.21037878414375e-08,3.560512210713985e-07,3.5152107005945523e-09,8.256888647942682e-08,7.55000703447262e-08,3.560512210713985e-07,0.0
lead574,a0b3a3b623235a49,ignore_all,2.811691924079443,6.352740624902051,0.5995294444438317,2.046688857867163,3.979302325753541,6.352740624902051,1.0
lead574,a0b3a3b623235a49,constant_velocity,2.807933764865185,7.1222548070166924,0.5254635169283735,1.7029113039366899,3.8911312955669604,7.1222548070166924,1.0
lead574,a0b3a3b623235a49,timid_creep,0.706302745258583,0.7558551724466531,0.59953695462614,1.169514645693482,0.7291428615164306,0.7558551724466531,0.0
lead574,a0b3a3b623235a49,lead_release,0.4994864774143212,0.3465631405252938,0.41407324894526026,0.6225185699631951,0.6528816191661647,0.3465631405252938,0.0
lead574,2751f9eb641455c9,human_replay,6.107043833453305e-08,1.054945425334766e-07,1.503866331303973e-08,2.1107280479206622e-08,1.0644618105312671e-07,1.054945425334766e-07,0.0
lead574,2751f9eb641455c9,ignore_all,7.261171629933097,16.626563777440243,1.6329429880015751,5.179553447196851,10.179931742386708,16.626563777440243,1.0
lead574,2751f9eb641455c9,constant_velocity,1.6653061884490006,3.2391362476241485,0.5086234248019702,1.4360633262916513,2.3374281542594364,3.2391362476241485,1.0
lead574,2751f9eb641455c9,timid_creep,1.6267878378151193,3.1706576245451092,0.49150097752576183,1.4018184765930457,2.286069071717459,3.1706576245451092,1.0
lead574,2751f9eb641455c9,lead_release,1.4570604504559777,2.3243868464731867,0.5379569774133739,1.4594189726971127,2.078619932926679,2.3243868464731867,1.0
lead574,4314c162a57f568e,human_replay,1.2458184572767636e-07,1.8269060671952612e-07,8.193076170464885e-08,6.279329738174411e-08,2.0660679196977948e-07,1.8269060671952612e-07,0.0
lead574,4314c162a57f568e,ignore_all,6.347887137879416,16.013196950198996,1.166793892120631,3.9420999732549213,8.754935615368828,16.013196950198996,1.0
lead574,4314c162a57f568e,constant_velocity,0.768564423772402,2.6404989356912236,0.04346050123049671,0.23060738679820314,0.9307712894428687,2.6404989356912236,1.0
lead574,4314c162a57f568e,timid_creep,0.5744978787892968,2.1644512141618377,0.07737273044618583,0.12576472237859992,0.5832145460996617,2.1644512141618377,1.0
lead574,4314c162a57f568e,lead_release,0.2912711161352619,0.5352229694307893,0.06428426252045215,0.23019894915348238,0.4815789854109656,0.5352229694307893,0.0
lead574,740f68663d3255e1,human_replay,6.917522489497941e-08,4.310689215169245e-08,8.178733497641154e-08,7.868666642492557e-08,1.4303291296337478e-07,4.310689215169245e-08,0.0
lead574,740f68663d3255e1,ignore_all,6.7035879879681355,16.797887797909464,1.1888868926784586,4.095956012551036,9.413894826016215,16.797887797909464,1.0
lead574,740f68663d3255e1,constant_velocity,1.1165996805557814,3.4174003454487263,0.08078386495303626,0.36357819184491885,1.5772655850107768,3.4174003454487263,1.0
lead574,740f68663d3255e1,timid_creep,0.9482815317145139,3.080735549216131,0.05391071230248514,0.2048971698008834,1.3255433001089127,3.080735549216131,1.0
lead574,740f68663d3255e1,lead_release,0.21379337414206054,0.40686430676380547,0.04444057700465788,0.10576326976812213,0.3766928298994773,0.40686430676380547,0.0
lead574,af5f095a4d815525,human_replay,4.8399317626353595e-08,1.1040887121435614e-07,2.2300938199914356e-08,4.45999060044354e-08,1.105772896831933e-07,1.1040887121435614e-07,0.0
lead574,af5f095a4d815525,ignore_all,7.967782069682349,18.39818425835912,1.5823796204990774,5.664668955128935,11.306263867720855,18.39818425835912,1.0
lead574,af5f095a4d815525,constant_velocity,2.3682639441134863,4.998068477356902,0.4580311444053084,1.9201450260002653,3.459165686895442,4.998068477356902,1.0
lead574,af5f095a4d815525,timid_creep,2.677170994720429,5.547264695387981,0.5952886748633222,2.194728332493943,3.8710616005831224,5.547264695387981,1.0
lead574,af5f095a4d815525,lead_release,0.2018589632609479,0.6554798978189502,0.061074147274892535,0.0945513549756258,0.21277135260640456,0.6554798978189502,0.0
lead574,7daa0ad6ca5356fc,human_replay,1.9237714147015596e-08,7.269632460752004e-09,5.504960363658918e-09,5.9533605798627e-08,2.05192468441599e-09,7.269632460752004e-09,0.0
lead574,7daa0ad6ca5356fc,ignore_all,7.650659234759811,17.556185220671995,1.7033949394107222,5.527225721038826,10.663979182238302,17.556185220671995,1.0
lead574,7daa0ad6ca5356fc,constant_velocity,2.0433358068256284,4.128132890152036,0.5788372433313864,1.7803704318835452,2.807470948165043,4.128132890152036,1.0
lead574,7daa0ad6ca5356fc,timid_creep,3.296762009346942,6.356529639848873,1.135783247151589,2.8945601338791573,4.478769918275929,6.356529639848873,1.0
lead574,7daa0ad6ca5356fc,lead_release,0.34407344648362476,0.8421961387226385,0.0633994584913107,0.05711967068891918,0.6035619093360717,0.8421961387226385,0.0
lead574,b3de35a12e36586c,human_replay,1.161466163503133e-08,1.2325965695519457e-08,1.184809945734827e-09,1.845472416947239e-08,2.8638202562861145e-08,1.2325965695519457e-08,0.0
lead574,b3de35a12e36586c,ignore_all,7.755286212943569,17.830420840617148,1.6717689755593763,5.491357709592218,10.941295804092796,17.830420840617148,1.0
lead574,b3de35a12e36586c,constant_velocity,2.1456784924837478,4.39414011700902,0.5469667974435313,1.7438975977621027,3.0821519144806664,4.39414011700902,1.0
lead574,b3de35a12e36586c,timid_creep,3.7345621290279913,7.218842854762639,1.2531198728022646,3.156248957753554,5.200679041528575,7.218842854762639,1.0
lead574,b3de35a12e36586c,lead_release,0.1707189175048702,0.3733781690242164,0.08206886243850661,0.05386390231934651,0.2523430456662399,0.3733781690242164,0.0
lead574,50d6986491d3510a,human_replay,1.1152822849985195e-07,2.1522727611063518e-07,1.0645948241588683e-07,8.315936303720215e-08,9.683669290975897e-08,2.1522727611063518e-07,0.0
lead574,50d6986491d3510a,ignore_all,6.992343182669087,17.718762497217217,1.1455495104143456,4.230667417319054,9.826887176338488,17.718762497217217,1.0
lead574,50d6986491d3510a,constant_velocity,1.4951241377981683,4.403552847048582,0.11521314094421384,0.6327556541733558,2.0764775361493872,4.403552847048582,1.0
lead574,50d6986491d3510a,timid_creep,0.9942991104968923,2.840324293946402,0.3983692507151868,0.535241377933887,1.0094789743485955,2.840324293946402,1.0
lead574,50d6986491d3510a,lead_release,0.742778732741494,2.4554202331613237,0.09149574375457216,0.09976333325022665,0.9940512596883995,2.4554202331613237,1.0
lead574,1e78181bb1c150e4,human_replay,5.396786377766314e-08,9.740578690895027e-09,2.849515429129024e-08,6.073723794197947e-08,8.541054742223319e-08,9.740578690895027e-09,0.0
lead574,1e78181bb1c150e4,ignore_all,8.176575150576712,19.552149336746787,1.4245833006231736,5.397726918556894,11.730443347171375,19.552149336746787,1.0
lead574,1e78181bb1c150e4,constant_velocity,2.595050241023381,6.189400711250553,0.31417401001978273,1.6664710105259637,3.900465039164253,6.189400711250553,1.0
lead574,1e78181bb1c150e4,timid_creep,2.035340104213244,5.137263490371546,0.10819037423451591,1.1466654031755172,3.112523331988983,5.137263490371546,1.0
lead574,1e78181bb1c150e4,lead_release,2.439415081888963,6.120678357946885,0.2074539431386084,1.4534513221401621,3.665343765929333,6.120678357946885,1.0
lead574,00ff8eeb53cc598b,human_replay,2.042870527700119e-07,2.023147235000603e-07,1.7686276992885423e-07,3.339259036000574e-07,3.1408293256257547e-07,2.023147235000603e-07,0.0
lead574,00ff8eeb53cc598b,ignore_all,7.1396499052183,17.135647959875975,1.3865777229468506,4.7607701526040715,10.028310146212048,17.135647959875975,1.0
lead574,00ff8eeb53cc598b,constant_velocity,3.342408469966165,8.032755967521055,0.5307364394007932,2.20397010914468,4.821050680391571,8.032755967521055,1.0
lead574,00ff8eeb53cc598b,timid_creep,5.007609134458831,10.196487450420841,1.4106987727438578,4.053566236528909,7.086651611339646,10.196487450420841,1.0
lead574,00ff8eeb53cc598b,lead_release,0.35585532473653225,0.9702552003731615,0.13013495699247715,0.24291623924914135,0.37271178550984274,0.9702552003731615,0.0
lead574,eb872b2d7e7c52bf,human_replay,1.1859349005544866e-08,5.658427227868672e-09,7.334838356767764e-09,1.736530376979209e-08,4.284792121164406e-09,5.658427227868672e-09,0.0
lead574,eb872b2d7e7c52bf,ignore_all,7.382763055026996,17.17040129828565,1.5401798824276887,5.123751369667014,10.424381925861875,17.17040129828565,1.0
lead574,eb872b2d7e7c52bf,constant_velocity,1.771438100620701,3.7271049094859685,0.4157590779698453,1.3758567887412316,2.5630526793963893,3.7271049094859685,1.0
lead574,eb872b2d7e7c52bf,timid_creep,3.6275263742108037,7.064603063023491,1.2135630002185438,3.0204744586710865,5.054120896790725,7.064603063023491,1.0
lead574,eb872b2d7e7c52bf,lead_release,0.11321137273964552,0.14249500518017966,0.02606819463111209,0.11579598356875057,0.19364518397458286,0.14249500518017966,0.0
lead574,76e72a3b44205ec0,human_replay,9.841377598331246e-09,6.815811539171769e-09,1.1635311955016927e-08,4.896621994863044e-09,1.1222631732905484e-08,6.815811539171769e-09,0.0
lead574,76e72a3b44205ec0,ignore_all,7.7022514929643435,17.75651426443975,1.6586672776842757,5.402156526348812,10.869504219892079,17.75651426443975,1.0
lead574,76e72a3b44205ec0,constant_velocity,2.0928078628414877,4.320318884506333,0.5341863020613176,1.6547162911680284,3.0104570930599484,4.320318884506333,1.0
lead574,76e72a3b44205ec0,timid_creep,3.681147359249677,7.144250056236541,1.2398867646521852,3.0666890407262315,5.128382017456745,7.144250056236541,1.0
lead574,76e72a3b44205ec0,lead_release,0.3645809175241763,0.8226947855408496,0.03947026871501251,0.22944450433390762,0.5802666144157956,0.8226947855408496,0.0
lead574,efe0cf18491855e6,human_replay,1.2097662808438175e-07,1.7830402410887353e-07,1.0265992095641109e-07,1.8313970202830545e-07,1.317724425400172e-07,1.7830402410887353e-07,0.0
lead574,efe0cf18491855e6,ignore_all,8.011594631068135,19.757923542714543,1.5278640702259594,5.068370453708176,11.186737965786284,19.757923542714543,1.0
lead574,efe0cf18491855e6,constant_velocity,2.503392282004867,6.538336534651453,0.43841888537276597,1.4151873129175556,3.4487456961685736,6.538336534651453,1.0
lead574,efe0cf18491855e6,timid_creep,0.9947868291024801,1.9654301618471481,0.7289773243750114,1.1124975719509678,0.720051215928016,1.9654301618471481,0.0
lead574,efe0cf18491855e6,lead_release,1.00875064432942,2.127081889676821,0.3074945839972208,0.7200257040322202,1.4374234740517446,2.127081889676821,1.0
lead574,16aa734bed8a5f81,human_replay,8.941248663955185e-08,6.824656672538683e-08,6.70609466015455e-08,1.0902368394533121e-07,1.0146320261340119e-07,6.824656672538683e-08,0.0
lead574,16aa734bed8a5f81,ignore_all,8.151168447548661,20.00187514919269,1.4365722600785806,5.127900087144478,11.579584407317185,20.00187514919269,1.0
lead574,16aa734bed8a5f81,constant_velocity,2.595438267258074,6.7127797764806925,0.3297471546666847,1.4138094629160094,3.7825405816966295,6.7127797764806925,1.0
lead574,16aa734bed8a5f81,timid_creep,1.1229904238904176,3.196601517091278,0.5834119041600511,0.4650901339523921,1.1747145106463293,3.196601517091278,1.0
lead574,16aa734bed8a5f81,lead_release,0.36242237496999963,0.7028397340690065,0.08981974128868127,0.23823397399463647,0.5761441462681965,0.7028397340690065,0.0
lead574,f3f9b7c1f6e95b82,human_replay,3.474522549261345e-08,5.062407089383978e-08,3.954219408599303e-08,2.50350639853281e-08,5.173658389582389e-08,5.062407089383978e-08,0.0
lead574,f3f9b7c1f6e95b82,ignore_all,8.666052989405735,19.703963831711988,1.8459791928539473,6.25340904390043,12.270309851527013,19.703963831711988,1.0
lead574,f3f9b7c1f6e95b82,constant_velocity,3.066649407424066,6.304327341324486,0.7215387413380233,2.508922028405732,4.423384936303654,6.304327341324486,1.0
lead574,f3f9b7c1f6e95b82,timid_creep,3.361671975595576,6.828825859318597,0.8526560152114825,2.7711602514956124,4.816757376564522,6.828825859318597,1.0
lead574,f3f9b7c1f6e95b82,lead_release,0.3059750203896688,0.4953066047934514,0.1746276398038555,0.29786063298364934,0.38681317843536195,0.4953066047934514,0.0
lead574,03c0cf33d2105598,human_replay,8.15883149311702e-09,1.1865863405655867e-08,1.7823335016435756e-08,5.802174025241549e-09,6.463252458812117e-09,1.1865863405655867e-08,0.0
lead574,03c0cf33d2105598,ignore_all,7.876262080521146,17.83541097857069,1.8220551001917187,5.704922259804861,11.044121111977814,17.83541097857069,1.0
lead574,03c0cf33d2105598,constant_velocity,2.2655038043726585,4.394581117287515,0.6974304399953085,1.9572447649394402,3.1835888710480367,4.394581117287515,1.0
lead574,03c0cf33d2105598,timid_creep,4.033833506000348,7.556359637923863,1.4703430125147652,3.5265237131090745,5.549129591362547,7.556359637923863,1.0
lead574,03c0cf33d2105598,lead_release,0.20840865864171512,0.3688856750314992,0.11575750317358328,0.17802917924645073,0.27164715441335724,0.3688856750314992,0.0
lead574,f0f77f6f5cb4562c,human_replay,1.0278799226335697e-07,4.174676489445416e-08,6.925699512820927e-08,1.1298330884173642e-07,3.0170793488922375e-07,4.174676489445416e-08,0.0
lead574,f0f77f6f5cb4562c,ignore_all,5.994173783388587,14.319024809659442,1.2683646665774226,4.030999241548421,8.333339803044442,14.319024809659442,1.0
lead574,f0f77f6f5cb4562c,constant_velocity,1.6718832945606545,4.24670800135362,0.2530290927995232,1.0249476536353346,2.355322110940144,4.24670800135362,1.0
lead574,f0f77f6f5cb4562c,timid_creep,3.9478045078150643,7.77592236267048,1.329707962926085,3.2953977367915877,5.480544234513358,7.77592236267048,1.0
lead574,f0f77f6f5cb4562c,lead_release,0.6229631255109187,1.6422601613704246,0.06536617869639468,0.32657526371238227,0.9155462735672627,1.6422601613704246,0.0
lead574,dd4483f390725319,human_replay,1.113731247432889e-07,1.6536146069880085e-07,4.141201390310684e-08,1.5686302905588193e-07,7.45424216591307e-08,1.6536146069880085e-07,0.0
lead574,dd4483f390725319,ignore_all,7.982001971573594,18.842075055302143,1.4437973143267735,5.404637600960513,11.425156618901536,18.842075055302143,1.0
lead574,dd4483f390725319,constant_velocity,2.4266163184921257,5.563091244993388,0.33194177544664505,1.685953829112836,3.632403326944975,5.563091244993388,1.0
lead574,dd4483f390725319,timid_creep,0.9261664774046726,2.268027541275456,0.5264106738493858,0.2752413183690687,1.18175884954433,2.268027541275456,1.0
lead574,dd4483f390725319,lead_release,0.3043684510940488,0.33850480129367677,0.06569289724854094,0.511505676053203,0.4808430328518825,0.33850480129367677,0.0
lead574,ed3e5181549254bc,human_replay,7.71197681686131e-08,7.667509251930218e-08,2.096398077538733e-08,2.4708615805634675e-08,1.5535170729531388e-07,7.667509251930218e-08,0.0
lead574,ed3e5181549254bc,ignore_all,8.123033484752423,18.683396399076393,1.6300009845006191,5.76379572875087,11.549686563252317,18.683396399076393,1.0
lead574,ed3e5181549254bc,constant_velocity,2.5498398981068657,5.364822651201057,0.5091557201430853,2.031027963274737,3.735520345040044,5.364822651201057,1.0
lead574,ed3e5181549254bc,timid_creep,1.3178149375590777,3.054725022153897,0.0977493340697403,0.8790288353988739,2.0024273477308636,3.054725022153897,1.0
lead574,ed3e5181549254bc,lead_release,0.3532476255559623,1.1800945484891132,0.08535497132392388,0.32643646301064266,0.12961300319502383,1.1800945484891132,0.0
lead574,6404a27bddb85488,human_replay,2.6376300669097868e-08,7.789252949741549e-08,2.3440146386797338e-08,1.4366232592431341e-08,1.2302019885735564e-08,7.789252949741549e-08,0.0
lead574,6404a27bddb85488,ignore_all,5.996576769339871,14.016624915194484,1.3315507229824535,4.142405010431154,8.36262941358017,14.016624915194484,1.0
lead574,6404a27bddb85488,constant_velocity,0.3991535346068543,0.6158101455613602,0.20840454245875656,0.39836343084816,0.5218829630528736,0.6158101455613602,0.0
lead574,6404a27bddb85488,timid_creep,2.3165757990872957,4.062061122063412,1.0261735604136517,2.1030080118154983,3.1001051163346225,4.062061122063412,1.0
lead574,6404a27bddb85488,lead_release,1.0665149219236685,2.760353702014987,0.03021469283889267,0.5865505255781142,1.6471653330961216,2.760353702014987,1.0
lead574,f51357fd3f59500a,human_replay,2.1934169529796585e-07,4.991053216813444e-07,1.2866595038445393e-08,9.577488655451492e-08,1.6380399030057096e-07,4.991053216813444e-07,0.0
lead574,f51357fd3f59500a,ignore_all,4.846109330078134,11.21705966172845,1.0377049940477303,3.369692168000759,6.8428186114677585,11.21705966172845,1.0
lead574,f51357fd3f59500a,constant_velocity,3.010371423136458,7.054318347838215,0.5341862133849337,2.0599542454285125,4.333757575674268,7.054318347838215,1.0
lead574,f51357fd3f59500a,timid_creep,6.696978294973115,14.099588718764629,1.7713234456365734,5.274734338224967,9.433584425625599,14.099588718764629,1.0
lead574,f51357fd3f59500a,lead_release,0.8649652644708321,1.7870573251139708,0.24330551351571428,0.729718163183486,1.1839323012142349,1.7870573251139708,0.0
lead574,859dea9ce9215b47,human_replay,1.9045128750868688e-07,2.463004490653887e-07,2.723731444340742e-08,4.6631150519631466e-07,2.417719216268059e-07,2.463004490653887e-07,0.0
lead574,859dea9ce9215b47,ignore_all,9.164330335255453,22.234937251088404,1.7911064641776062,6.049127632652955,12.78666577425779,22.234937251088404,1.0
lead574,859dea9ce9215b47,constant_velocity,4.490842921053883,11.219015879496716,0.7892077805052936,2.8625912768090207,6.253881492922124,11.219015879496716,1.0
lead574,859dea9ce9215b47,timid_creep,4.025744074691129,8.323788471940517,0.9972476505223615,3.3014897254713254,5.723579983826824,8.323788471940517,1.0
lead574,859dea9ce9215b47,lead_release,0.9759956818164777,1.871446114950169,0.18736625268533114,0.7834347031899714,1.5366395467184488,1.871446114950169,0.0
lead574,dfb437fd895b5e96,human_replay,1.864234314518493e-08,1.2841291311258417e-08,2.6755815455076496e-08,2.2688113209698528e-08,1.580625070361234e-08,1.2841291311258417e-08,0.0
lead574,dfb437fd895b5e96,ignore_all,8.043749973044562,18.417794411071398,1.6948411604206193,5.762417484556857,11.368532724531978,18.417794411071398,1.0
lead574,dfb437fd895b5e96,constant_velocity,2.436832220700416,4.991371649248551,0.5701059226367797,2.0157003253078036,3.5125857889223977,4.991371649248551,1.0
lead574,dfb437fd895b5e96,timid_creep,3.6289154105790575,7.110642463138304,1.099916223040025,3.075324486456023,5.1020314988731155,7.110642463138304,1.0
lead574,dfb437fd895b5e96,lead_release,1.5007670238005575,2.991765642255998,0.2895697333759311,1.294489681810424,2.2230557642083886,2.991765642255998,1.0
lead574,ab807bda4fdd5274,human_replay,1.5473979670301325e-07,3.9495053787869786e-07,6.413959381382101e-09,2.3226977643402274e-07,2.0759565468910388e-07,3.9495053787869786e-07,0.0
lead574,ab807bda4fdd5274,ignore_all,4.378045779748696,10.450351993299394,0.9139106927499814,2.9711730938842686,6.089850854524906,10.450351993299394,1.0
lead574,ab807bda4fdd5274,constant_velocity,1.8056601546762059,4.195202349831386,0.3350086510312514,1.2589862160929062,2.5876929094806638,4.195202349831386,1.0
lead574,ab807bda4fdd5274,timid_creep,2.0937074898749928,4.712343798278532,0.4640088129887256,1.5062562932408843,2.9727816215195655,4.712343798278532,1.0
lead574,ab807bda4fdd5274,lead_release,1.4862456657759258,3.920965447465803,0.189605686154111,0.8343223631166978,2.1002409575664824,3.920965447465803,1.0
lead574,ebb383e16f7c5121,human_replay,3.0233514799496606e-08,3.8869447904056366e-08,4.7134583961569134e-08,5.024676203376086e-08,1.0109152844194027e-08,3.8869447904056366e-08,0.0
lead574,ebb383e16f7c5121,ignore_all,8.21613175166896,18.8737414015737,1.7674240797941814,5.7867795842500405,11.615950104195583,18.8737414015737,1.0
lead574,ebb383e16f7c5121,constant_velocity,2.6129880793561266,5.46051868422733,0.6429774604743242,2.0411958025136725,3.7643918211540437,5.46051868422733,1.0
lead574,ebb383e16f7c5121,timid_creep,3.334673668824931,6.743639777197431,0.9636665366749732,2.682710784386189,4.726724275966734,6.743639777197431,1.0
lead574,ebb383e16f7c5121,lead_release,4.725160735935981,11.0415175084896,0.957153859187035,3.2896307725814067,6.6889571295525,11.0415175084896,1.0
lead574,b0b25b314843551d,human_replay,1.2680215700989312e-08,6.635080185248387e-09,1.9556235992900602e-08,1.4520025199910966e-08,2.223854427183978e-08,6.635080185248387e-09,0.0
lead574,b0b25b314843551d,ignore_all,7.575264115782879,17.391842716998468,1.6664466255868082,5.372074504159989,10.658803799746352,17.391842716998468,1.0
lead574,b0b25b314843551d,constant_velocity,1.9635895917113353,3.9478677477498954,0.5415796543076716,1.6241088677122435,2.7972619137568753,3.9478677477498954,1.0
lead574,b0b25b314843551d,timid_creep,3.84483364817745,7.335366124996483,1.3469244981809205,3.290174767264529,5.32404611570243,7.335366124996483,1.0
lead574,b0b25b314843551d,lead_release,4.737768526797536,10.726810658852527,1.0142596075838084,3.4699925087411776,6.726935252158456,10.726810658852527,1.0
lead574,774160714b7e5ca4,human_replay,1.3130914221881529e-08,7.8411704703934e-09,7.622424505417049e-09,8.13351279701773e-09,5.402653941526597e-09,7.8411704703934e-09,0.0
lead574,774160714b7e5ca4,ignore_all,8.333791577318282,18.788851021434937,1.9341014723817458,6.069392677687484,11.703622464407287,18.788851021434937,1.0
lead574,774160714b7e5ca4,constant_velocity,2.72752196555833,5.364847189568258,0.8093745666983639,2.3228263711158608,3.8484378045311862,5.364847189568258,1.0
lead574,774160714b7e5ca4,timid_creep,3.8272288758040087,7.319884036340972,1.2981325430227104,3.300344477279978,5.314715531778038,7.319884036340972,1.0
lead574,774160714b7e5ca4,lead_release,0.12565696963157272,0.3080379751270409,0.033441775664752885,0.06983598651839057,0.19073893871917452,0.3080379751270409,0.0
lead574,ed1a1174e6aa5270,human_replay,1.570197502923646e-08,2.9762288130473783e-08,1.4814620497686313e-08,6.759461655472506e-09,1.1825685174704152e-08,2.9762288130473783e-08,0.0
lead574,ed1a1174e6aa5270,ignore_all,8.25217402751152,18.79861025616152,1.78978751058028,5.929449996767664,11.651752753426617,18.79861025616152,1.0
lead574,ed1a1174e6aa5270,constant_velocity,2.6469178610993014,5.37773716798417,0.6655338442324394,2.18324797652781,3.797665390979315,5.37773716798417,1.0
lead574,ed1a1174e6aa5270,timid_creep,3.6345183956783544,7.13362105236705,1.104227512593649,3.0611425991276415,5.114561584819724,7.13362105236705,1.0
lead574,ed1a1174e6aa5270,lead_release,0.10047899573848507,0.06496123719902903,0.049287558893352894,0.1669976200421345,0.13598410005546008,0.06496123719902903,0.0
lead574,184e4aef7e095f7a,human_replay,6.218671083740528e-09,4.152268874568921e-09,3.047283218745685e-09,1.432419653938353e-08,3.045574960129247e-09,4.152268874568921e-09,0.0
lead574,184e4aef7e095f7a,ignore_all,7.5711280364914675,17.213480210628287,1.7476919355720104,5.449477527558186,10.6041182585651,17.213480210628287,1.0
lead574,184e4aef7e095f7a,constant_velocity,1.9580243278895488,3.7636863130714135,0.6228906612620667,1.7012125788428551,2.74084768000782,3.7636863130714135,1.0
lead574,184e4aef7e095f7a,timid_creep,4.066200447459653,7.605234717207494,1.4930134447972054,3.561833921024845,5.591938311045162,7.605234717207494,1.0
lead574,184e4aef7e095f7a,lead_release,0.07758947393657688,0.18626748543288577,0.025136244592926873,0.03400664882719329,0.10978068896323198,0.18626748543288577,0.0
lead574,7819725bfb845e82,human_replay,3.411316966540576e-08,4.535604679741144e-08,5.450003132712511e-08,6.536173791554964e-09,4.7349591511719373e-08,4.535604679741144e-08,0.0
lead574,7819725bfb845e82,ignore_all,9.123723384287093,20.604215665503077,1.9963272526833868,6.623542075438456,12.91949843191283,20.604215665503077,1.0
lead574,7819725bfb845e82,constant_velocity,3.5304149389066595,7.225692016028637,0.872223108369492,2.881020058028189,5.080063038128232,7.225692016028637,1.0
lead574,7819725bfb845e82,timid_creep,3.2484031541283067,6.7243202328773926,0.7469054203258639,2.630348421146044,4.704037128695051,6.7243202328773926,1.0
lead574,7819725bfb845e82,lead_release,0.21495307045432926,0.22853559254274214,0.0669664927147673,0.2960857654984132,0.32005660611163145,0.22853559254274214,0.0
lead574,c756ce81365d5a3b,human_replay,1.2010405876753907e-08,6.547533408132566e-09,2.267990216116418e-08,5.382615299073142e-09,8.0367055848362e-09,6.547533408132566e-09,0.0
lead574,c756ce81365d5a3b,ignore_all,8.208143184143788,18.48541718402972,1.8998177090188764,5.991829610586693,11.518561852579102,18.48541718402972,1.0
lead574,c756ce81365d5a3b,constant_velocity,2.599883305224013,5.053804264810028,0.7752415492941265,2.2447763428539145,3.660941815402294,5.053804264810028,1.0
lead574,c756ce81365d5a3b,timid_creep,3.99566849992297,7.535315578381685,1.3954598011337702,3.4854942048050916,5.5220638886956,7.535315578381685,1.0
lead574,c756ce81365d5a3b,lead_release,0.05740872605428987,0.08492268202297815,0.04398114687812706,0.105299734832798,0.016197279015851593,0.08492268202297815,0.0
lead574,b17da95d765b51c4,human_replay,2.947972662483781e-08,2.105226614402017e-08,7.54933357257439e-09,5.718320808086513e-08,5.866148612470528e-08,2.105226614402017e-08,0.0
lead574,b17da95d765b51c4,ignore_all,8.939700011938816,20.336723530564395,1.8927750852045728,6.431967893444714,12.678131552678554,20.336723530564395,1.0
lead574,b17da95d765b51c4,constant_velocity,3.3456942666578997,6.9559044114289055,0.7685511874252577,2.689135408408225,4.837840102805514,6.9559044114289055,1.0
lead574,b17da95d765b51c4,timid_creep,3.121617867003348,6.557529872542564,0.6689575605205712,2.489948284909716,4.539059190029499,6.557529872542564,1.0
lead574,b17da95d765b51c4,lead_release,0.09174980475089795,0.021802515063966903,0.006906080046992993,0.18404748931181159,0.13662481793033057,0.021802515063966903,0.0
lead574,bbf8fd8a87565e05,human_replay,1.303774129151526e-08,4.695875006039311e-09,3.7684534974758964e-09,2.1559709248751205e-08,1.1632977756824218e-08,4.695875006039311e-09,0.0
lead574,bbf8fd8a87565e05,ignore_all,8.178641440799877,18.493381556357235,1.866237360336479,5.9364589508839405,11.492958066267008,18.493381556357235,1.0
lead574,bbf8fd8a87565e05,constant_velocity,2.5708737961200265,5.063748686825924,0.7416039226365417,2.189489198177178,3.6359449991289536,5.063748686825924,1.0
lead574,bbf8fd8a87565e05,timid_creep,3.886281861157121,7.402317773525468,1.3261411845511561,3.3587646376252467,5.389869703610023,7.402317773525468,1.0
lead574,bbf8fd8a87565e05,lead_release,0.05869978048999085,0.08437193173326804,0.04906887801871541,0.1010037226986533,0.015223756421821506,0.08437193173326804,0.0
lead574,bf204ae0ffed51d2,human_replay,5.5877636341323946e-08,3.776580294340544e-08,4.319228441775929e-08,1.1293574893850005e-07,4.274794749989671e-08,3.776580294340544e-08,0.0
lead574,bf204ae0ffed51d2,ignore_all,8.741507680793115,20.262604811294228,1.7798495153058238,6.060445215688759,12.430356598349732,20.262604811294228,1.0
lead574,bf204ae0ffed51d2,constant_velocity,3.152370698746587,6.898185001825331,0.6559663132142207,2.3193668939669574,4.596109004198802,6.898185001825331,1.0
lead574,bf204ae0ffed51d2,timid_creep,2.5293963882548867,5.7905489034161555,0.3791642489256258,1.7656159841232473,3.765406227304712,5.7905489034161555,1.0
lead574,bf204ae0ffed51d2,lead_release,0.08904239809168554,0.16129656627314687,0.05384263427696329,0.0932476926006586,0.0950221166814688,0.16129656627314687,0.0
lead574,4d88ae43c2f55d96,human_replay,2.3396149100092617e-08,1.5689885275182284e-08,9.161257610236929e-09,1.8664304156414972e-08,2.60608697123439e-09,1.5689885275182284e-08,0.0
lead574,4d88ae43c2f55d96,ignore_all,8.264444590068685,18.982084468067317,1.7487115626626577,5.841747022659239,11.702390724893968,18.982084468067317,1.0
lead574,4d88ae43c2f55d96,constant_velocity,2.661769451496349,5.570736577837169,0.6242764776612757,2.096293726357847,3.851482394150174,5.570736577837169,1.0
lead574,4d88ae43c2f55d96,timid_creep,3.3221877147372982,6.744863491771888,0.9177266353336583,2.68332499140998,4.732067416775326,6.744863491771888,1.0
lead574,4d88ae43c2f55d96,lead_release,0.22778818663475808,0.343500410574031,0.12123492682892746,0.2441575208034271,0.2836300435927206,0.343500410574031,0.0
lead574,8a4861a2a0e857fb,human_replay,1.5429509149050805e-08,6.667136399367662e-09,6.9133570895293345e-09,2.517235020301808e-08,1.5352181873530542e-08,6.667136399367662e-09,0.0
lead574,8a4861a2a0e857fb,ignore_all,7.614573975724063,17.45380094088319,1.6588755260480614,5.429466359445473,10.715877402656853,17.45380094088319,1.0
lead574,8a4861a2a0e857fb,constant_velocity,2.003093782326969,4.010257633186685,0.5341157406041044,1.6816069149251933,2.8545054158164085,4.010257633186685,1.0
lead574,8a4861a2a0e857fb,timid_creep,3.8695159596753648,7.368239799800647,1.3351539306022984,3.3349736593296595,5.360190787538022,7.368239799800647,1.0
lead574,8a4861a2a0e857fb,lead_release,0.17928738666164412,0.28468515629039465,0.11297241288440979,0.1601288155039621,0.22692508617757304,0.28468515629039465,0.0
lead574,f8b4b55200585f2b,human_replay,2.572883353226246e-09,3.6745571025371074e-09,4.229904106318849e-10,2.7350417959118652e-09,6.531735751404344e-10,3.6745571025371074e-09,0.0
lead574,f8b4b55200585f2b,ignore_all,6.933364887014987,15.97277312672341,1.559777234862056,4.901840529270476,9.701922157868202,15.97277312672341,1.0
lead574,f8b4b55200585f2b,constant_velocity,1.3168105281255398,2.509948722591192,0.43484974608024934,1.15282468322813,1.8348574731562792,2.509948722591192,1.0
lead574,f8b4b55200585f2b,timid_creep,4.020668560422706,7.542693336562749,1.4752041258092283,3.5239836554372483,5.536812629205684,7.542693336562749,1.0
lead574,f8b4b55200585f2b,lead_release,0.07249446318368528,0.06744426123217782,0.08576073360702782,0.0985514946988286,0.06225917984614115,0.06744426123217782,0.0
lead574,4abc4549b6d45891,human_replay,5.508459672608683e-08,6.938992061786731e-08,4.267950582245478e-08,1.0673687016535247e-07,3.092254527473547e-08,6.938992061786731e-08,0.0
lead574,4abc4549b6d45891,ignore_all,9.283721573769366,21.17502472291947,2.010779368850984,6.589878139367005,13.162872479412895,21.17502472291947,1.0
lead574,4abc4549b6d45891,constant_velocity,3.70029429480636,7.830007083568949,0.8871513623668916,2.850671798687662,5.335752086188373,7.830007083568949,1.0
lead574,4abc4549b6d45891,timid_creep,2.649363538499282,5.961081881578052,0.4199794511589591,1.916213259643543,3.9340591635691475,5.961081881578052,1.0
lead574,4abc4549b6d45891,lead_release,0.3679391821735191,0.6495367337644509,0.04894834114889076,0.3992404686685889,0.5327712256921295,0.6495367337644509,0.0
lead574,39752b75d70d5458,human_replay,2.297786842716729e-08,3.850253274710916e-08,2.532734994126433e-08,1.0075802504203116e-09,8.470332353821998e-09,3.850253274710916e-08,0.0
lead574,39752b75d70d5458,ignore_all,8.406246091708029,19.1453031966414,1.850418955328009,6.012861579955687,11.867615466030752,19.1453031966414,1.0
lead574,39752b75d70d5458,constant_velocity,2.8034795565879613,5.733619634160491,0.726138231597242,2.267341036530657,4.016568742040417,5.733619634160491,1.0
lead574,39752b75d70d5458,timid_creep,3.474332159078008,6.926303568669509,1.0241541446593478,2.863663171591397,4.911076790430793,6.926303568669509,1.0
lead574,39752b75d70d5458,lead_release,0.2360148431796324,0.44098945430115094,0.043750094969866274,0.2416528812324221,0.33068278669879475,0.44098945430115094,0.0
lead574,75b312bbd4e25c17,human_replay,1.41260255635991e-08,9.602847734583443e-09,2.802003134204192e-08,1.4577067885130901e-08,1.1038029099423849e-08,9.602847734583443e-09,0.0
lead574,75b312bbd4e25c17,ignore_all,7.565049670205376,17.28925878229122,1.694064017327229,5.4078995368220655,10.621998081395247,17.28925878229122,1.0
lead574,75b312bbd4e25c17,constant_velocity,1.9527235713276463,3.8422408166791304,0.5693227570843287,1.6597860538570197,2.7595532608154234,3.8422408166791304,1.0
lead574,75b312bbd4e25c17,timid_creep,3.9502176767668087,7.462525053844718,1.4077959955605945,3.425591087540243,5.452602236801708,7.462525053844718,1.0
lead574,75b312bbd4e25c17,lead_release,0.21079286971018055,0.3845107162915107,0.08203436610844402,0.18957567318622529,0.28264292360363796,0.3845107162915107,0.0
lead574,d73cabbfed045bf2,human_replay,5.556315815299328e-08,3.9225042958237086e-08,1.042683841244598e-07,1.035770676284431e-08,8.546278621393675e-08,3.9225042958237086e-08,0.0
lead574,d73cabbfed045bf2,ignore_all,9.444900581735638,22.139363535708934,1.7576816077840414,6.42207241401782,13.54800021352994,22.139363535708934,1.0
lead574,d73cabbfed045bf2,constant_velocity,3.889093656028849,8.87563337627142,0.6406065935300458,2.696745158831243,5.754261844909277,8.87563337627142,1.0
lead574,d73cabbfed045bf2,timid_creep,1.711799080091587,4.56242370574505,0.4241162589458668,0.59101125004831,2.5339002761100646,4.56242370574505,1.0
lead574,d73cabbfed045bf2,lead_release,0.978338143301384,1.6598166974069442,0.2362680961189648,0.878372925771209,1.5501312873188873,1.6598166974069442,0.0
lead574,b614d476ea185810,human_replay,2.4690139274224176e-08,2.3530770711512325e-08,4.083953683985415e-08,4.187418661524669e-08,4.76113599351356e-10,2.3530770711512325e-08,0.0
lead574,b614d476ea185810,ignore_all,8.723266602269257,19.71815980120082,1.920143981748817,6.346505278300083,12.317626764915786,19.71815980120082,1.0
lead574,b614d476ea185810,constant_velocity,3.1231545688983164,6.315993217984972,0.7957808664945677,2.601779236743844,4.46983241829039,6.315993217984972,1.0
lead574,b614d476ea185810,timid_creep,3.4941547966092408,6.975567566372142,0.9606347268567805,2.9315569856734482,4.964510479743792,6.975567566372142,1.0
lead574,b614d476ea185810,lead_release,0.15585620871563288,0.1727073056646831,0.04830134091213512,0.2166993576297957,0.22216989667265533,0.1727073056646831,0.0
lead574,cbec1eda814e5065,human_replay,7.2140339489512774e-09,4.0240240390745434e-09,4.081869710663794e-10,3.788093186519501e-09,7.394554969277641e-09,4.0240240390745434e-09,0.0
lead574,cbec1eda814e5065,ignore_all,7.767761993522431,17.580753051039377,1.8192848918802702,5.625150717928371,10.87364114117495,17.580753051039377,1.0
lead574,cbec1eda814e5065,constant_velocity,2.1558449755582254,4.135724415057833,0.6944884535337189,1.8771351185512966,3.0117889624276426,4.135724415057833,1.0
lead574,cbec1eda814e5065,timid_creep,4.076821863411318,7.6027513670428055,1.5111282533992416,3.577275485797649,5.5953749767310015,7.6027513670428055,1.0
lead574,cbec1eda814e5065,lead_release,0.13037389263968938,0.22918099371452938,0.05260770871068819,0.14625125168793637,0.15544517804781666,0.22918099371452938,0.0
lead574,4d4ed59397825822,human_replay,1.1360436233828588e-07,2.875907312416921e-07,9.985403996509575e-08,1.0545210523416724e-07,2.1244488144604658e-07,2.875907312416921e-07,0.0
lead574,4d4ed59397825822,ignore_all,4.09759172883714,10.087791955349582,0.8232756161429632,2.677143917970397,5.6269625193064225,10.087791955349582,1.0
lead574,4d4ed59397825822,constant_velocity,1.674546863802839,3.8834063652055617,0.30729553714930197,1.1225650575543642,2.4483453496012118,3.8834063652055617,1.0
lead574,4d4ed59397825822,timid_creep,1.1723820928307824,3.0178752408297136,0.07289800572670234,0.6500610592518573,1.7629476092275431,3.0178752408297136,1.0
lead574,4d4ed59397825822,lead_release,1.2568642947753856,3.0085429199830496,0.16797157134639865,0.7591661541972381,1.9073005950712139,3.0085429199830496,1.0
lead574,59c00a21c1315d9b,human_replay,1.4948308218374106e-07,1.2235540751506375e-07,9.567611672424333e-08,5.398690999738767e-08,2.2455194433076022e-07,1.2235540751506375e-07,0.0
lead574,59c00a21c1315d9b,ignore_all,4.354577884387387,10.667939037055751,0.8766559000541979,2.79961115023478,6.031847933124531,10.667939037055751,1.0
lead574,59c00a21c1315d9b,constant_velocity,1.5001381306930623,3.527387078627446,0.2574441149078567,1.0408610902260285,2.1689770094607392,3.527387078627446,1.0
lead574,59c00a21c1315d9b,timid_creep,1.6194372205919225,3.72568179078902,0.3154546763687575,1.1523930965678006,2.326846367999561,3.72568179078902,1.0
lead574,59c00a21c1315d9b,lead_release,1.0709062930926452,2.658724741860148,0.1274330859848435,0.6630082877554566,1.5838941732581533,2.658724741860148,1.0
lead574,305d73038ef35efe,human_replay,1.1336772303104445e-07,2.0644863208504712e-07,9.709035027469749e-09,4.787373431254261e-08,1.39249955552552e-07,2.0644863208504712e-07,0.0
lead574,305d73038ef35efe,ignore_all,4.610221992954759,11.114158652733925,0.9405803139512835,2.9615100749822183,6.495835263103144,11.114158652733925,1.0
lead574,305d73038ef35efe,constant_velocity,1.3555216447817915,3.3543455423508934,0.20699057974988402,0.9515772118488796,1.8659191361968688,3.3543455423508934,1.0
lead574,305d73038ef35efe,timid_creep,2.042845619943752,4.495372546421142,0.546593203027139,1.5983143918604972,2.7655086452782016,4.495372546421142,1.0
lead574,305d73038ef35efe,lead_release,0.9257473416230317,2.003230527175757,0.20369104620740008,0.7935588302498938,1.2595045016397555,2.003230527175757,1.0
lead574,d9b28b3ee70e57f2,human_replay,1.1656060460499596e-07,3.582228384314238e-07,1.0762844506683416e-07,1.0798473464149493e-07,5.9183577326534334e-08,3.582228384314238e-07,0.0
lead574,d9b28b3ee70e57f2,ignore_all,4.6487186261686295,10.906664831021121,1.1015647331620952,3.257541545673232,6.3707060797528,10.906664831021121,1.0
lead574,d9b28b3ee70e57f2,constant_velocity,1.4672308101432507,3.829400512155835,0.15528217834109728,0.8088559901113389,2.140058041949478,3.829400512155835,1.0
lead574,d9b28b3ee70e57f2,timid_creep,3.48739170239137,7.308621897900669,1.0536715908084446,2.636906595381594,4.863868450574358,7.308621897900669,1.0
lead574,d9b28b3ee70e57f2,lead_release,1.9209226938950905,5.094237089477982,0.16616854564805966,1.0500052295677174,2.7954729008990626,5.094237089477982,1.0
lead574,3aa9d1c9ceb35906,human_replay,1.849305897680299e-07,3.669832966350812e-07,8.925551559746828e-08,1.3423844025451644e-08,2.47038533327669e-07,3.669832966350812e-07,0.0
lead574,3aa9d1c9ceb35906,ignore_all,8.2141546814208,19.121258590902357,1.7424409850683602,5.566657070568754,11.642858632825886,19.121258590902357,1.0
lead574,3aa9d1c9ceb35906,constant_velocity,2.734099682413806,6.098908831136059,0.6274993382552959,1.8713644054033631,3.9503843058435635,6.098908831136059,1.0
lead574,3aa9d1c9ceb35906,timid_creep,1.6506149714974816,2.2798067451209665,0.8732162834223255,1.9218631693025923,2.1355305274617695,2.2798067451209665,1.0
lead574,3aa9d1c9ceb35906,lead_release,1.8907611283830594,4.897495015817247,0.13388268891162272,1.1624914709373597,2.7600016836793757,4.897495015817247,1.0
lead574,8c9cbf03c46b5ddc,human_replay,3.10657447274716e-08,1.460054168215472e-09,9.751383589184564e-09,5.1934477354843407e-08,5.074263460317145e-08,1.460054168215472e-09,0.0
lead574,8c9cbf03c46b5ddc,ignore_all,9.005133874906004,20.338925318161497,1.9720361128988164,6.546558745865543,12.738651783339131,20.338925318161497,1.0
lead574,8c9cbf03c46b5ddc,constant_velocity,3.4095204556580736,6.952566172040123,0.8477401108883397,2.803207555025969,4.896389879043241,6.952566172040123,1.0
lead574,8c9cbf03c46b5ddc,timid_creep,3.331214833440698,6.813353056256342,0.8129370745448005,2.7336010407960756,4.791980192948015,6.813353056256342,1.0
lead574,8c9cbf03c46b5ddc,lead_release,0.061048265441284055,0.053459674782788756,0.05185878725689657,0.12339926145582258,0.050390894231135824,0.053459674782788756,0.0
lead574,5fe40d882c3b545f,human_replay,1.071094086394849e-08,1.4337665981299328e-08,1.707908196031453e-08,4.2646611256993584e-09,1.4590985221987592e-08,1.4337665981299328e-08,0.0
lead574,5fe40d882c3b545f,ignore_all,8.044861142608095,18.14638390511059,1.8833372901794296,5.853173589121824,11.276228844058004,18.14638390511059,1.0
lead574,5fe40d882c3b545f,constant_velocity,2.4350245807966413,4.709249756071477,0.7585637796728469,2.105655386146186,3.4168188251363225,4.709249756071477,1.0
lead574,5fe40d882c3b545f,timid_creep,4.060952286381511,7.599807615844312,1.4811534245438165,3.5509351179137076,5.584737086966513,7.599807615844312,1.0
lead574,5fe40d882c3b545f,lead_release,0.13793808465586735,0.27035864949440563,0.05824705655801499,0.1047235635008979,0.1840188860490999,0.27035864949440563,0.0
lead574,dedf2d5568c758ae,human_replay,2.8530765648570316e-08,3.526901401399605e-08,1.2615602135250447e-08,8.260525390123329e-09,1.858562085944616e-08,3.526901401399605e-08,0.0
lead574,dedf2d5568c758ae,ignore_all,7.52795653044884,17.840613188458427,1.4129781267750707,5.067128504363211,10.715297216729443,17.840613188458427,1.0
lead574,dedf2d5568c758ae,constant_velocity,1.9222048589386638,4.418393602058263,0.28830076749419553,1.3206995983439,2.8607166225738494,4.418393602058263,1.0
lead574,dedf2d5568c758ae,timid_creep,2.9569359388591483,6.257950594169279,0.7481643685787037,2.2404801378816726,4.24037934092393,6.257950594169279,1.0
lead574,dedf2d5568c758ae,lead_release,0.04510882632898651,0.09885991690983978,0.06251292008998256,0.016849381496301736,0.013724390713949316,0.09885991690983978,0.0
lead574,10c9b6cd8a2e55f8,human_replay,2.3958458905641217e-08,4.3300199977748115e-08,2.1062689417077493e-08,2.2780693262802307e-08,2.724354682710787e-08,4.3300199977748115e-08,0.0
lead574,10c9b6cd8a2e55f8,ignore_all,7.514468352971132,17.513761768001018,1.4997397266666779,5.227088359082749,10.647408527480943,17.513761768001018,1.0
lead574,10c9b6cd8a2e55f8,constant_velocity,1.904667041041673,4.0767173709065245,0.3749057301403652,1.4796374197352915,2.7880621955008764,4.0767173709065245,1.0
lead574,10c9b6cd8a2e55f8,timid_creep,3.5281298956054705,6.962893034651095,1.0964538712163634,2.9226909023233247,4.952679335668377,6.962893034651095,1.0
lead574,10c9b6cd8a2e55f8,lead_release,0.08931972503533009,0.038433937935065526,0.010764093784445867,0.1512673939691814,0.14055655421582372,0.038433937935065526,0.0
lead574,2861c47f508652e8,human_replay,7.721536374747184e-09,9.233695752128756e-09,9.344135320241926e-09,4.879431583558035e-09,3.492072144017645e-09,9.233695752128756e-09,0.0
lead574,2861c47f508652e8,ignore_all,7.216592951357865,16.674497565333926,1.5433780088017084,5.092968386611013,10.152431645708134,16.674497565333926,1.0
lead574,2861c47f508652e8,constant_velocity,1.6025256414129254,3.2212290552966185,0.4185130916178359,1.3445296189340668,2.2881486141583522,3.2212290552966185,1.0
lead574,2861c47f508652e8,timid_creep,3.856819901500474,7.354891589451298,1.3304083268305629,3.330321445983374,5.347882520068032,7.354891589451298,1.0
lead574,2861c47f508652e8,lead_release,0.1569795791989143,0.30729708160760083,0.0651619793197029,0.11297728851737959,0.2159407823919632,0.30729708160760083,0.0
lead574,afbde7335ad05055,human_replay,2.0795251181671788e-08,3.1664167395398065e-08,6.261299887422112e-09,8.811438510243796e-09,4.7237405997949504e-08,3.1664167395398065e-08,0.0
lead574,afbde7335ad05055,ignore_all,7.552924288674494,17.59045415340386,1.549284534855873,5.2295269609963775,10.685312783490852,17.59045415340386,1.0
lead574,afbde7335ad05055,constant_velocity,1.9437159494680982,4.155387597751927,0.4245063827589626,1.4821571005114693,2.8265620465009045,4.155387597751927,1.0
lead574,afbde7335ad05055,timid_creep,3.4811801038114663,6.888797732303736,1.1078240727596331,2.848859621276412,4.876616751845758,6.888797732303736,1.0
lead574,afbde7335ad05055,lead_release,0.20688504418612366,0.24079483397033657,0.048501310915906676,0.2490588833101249,0.3322897716687271,0.24079483397033657,0.0
lead574,609d74e2399c53ad,human_replay,7.947364792146401e-08,2.1843115286163966e-07,5.953612121765318e-09,1.335215565991105e-07,3.89368594806322e-08,2.1843115286163966e-07,0.0
lead574,609d74e2399c53ad,ignore_all,9.15520559299457,21.45769105802906,1.8507851865020744,6.248958859672108,12.96594991535308,21.45769105802906,1.0
lead574,609d74e2399c53ad,constant_velocity,3.618650120173164,8.263322037005766,0.7306068953698984,2.5282716281013853,5.199019223277143,8.263322037005766,1.0
lead574,609d74e2399c53ad,timid_creep,0.8537836039966775,2.461669776334622,0.5272364937534416,0.2448821011125718,0.9123677956105242,2.461669776334622,1.0
lead574,609d74e2399c53ad,lead_release,0.5070251725150574,1.3034067640267952,0.02032278546152688,0.25751093026735206,0.7670539007165506,1.3034067640267952,0.0
lead574,97c8e9ca10ba5a69,human_replay,6.796699411761147e-08,1.2098585022902448e-07,9.822400972777441e-08,2.321725143604956e-08,1.179262689473318e-07,1.2098585022902448e-07,0.0
lead574,97c8e9ca10ba5a69,ignore_all,8.932034753512358,20.742818327874563,1.8261018093674664,6.2033113862261935,12.652732187201405,20.742818327874563,1.0
lead574,97c8e9ca10ba5a69,constant_velocity,3.368208306271935,7.462129916370213,0.7037609649460829,2.4714685428476435,4.850624402153966,7.462129916370213,1.0
lead574,97c8e9ca10ba5a69,timid_creep,1.2955632179505019,3.526928075426627,0.280321062615072,0.5039234274114377,1.8994297463023826,3.526928075426627,1.0
lead574,97c8e9ca10ba5a69,lead_release,0.7982998327093509,1.786837683845169,0.06479455568603774,0.5491029349967664,1.2630289044452114,1.786837683845169,0.0
lead574,a161122c95815233,human_replay,5.9378667136052836e-08,3.39944120483493e-08,3.293442011721288e-08,2.4483927868843532e-08,9.367162059359993e-08,3.39944120483493e-08,0.0
lead574,a161122c95815233,ignore_all,8.555227081723658,19.678227891952375,1.831829100179155,6.028809443070046,12.092505027229677,19.678227891952375,1.0
lead574,a161122c95815233,constant_velocity,2.970483697807803,6.328726521798234,0.7081266879943682,2.289289737708669,4.2637591997463815,6.328726521798234,1.0
lead574,a161122c95815233,timid_creep,2.0150956541569256,4.628489056867058,0.28314603053211673,1.439326536239088,2.9886160611006245,4.628489056867058,1.0
lead574,a161122c95815233,lead_release,0.8930443395513412,1.823309740992064,0.14005066157760643,0.750336698705896,1.336733692643805,1.823309740992064,0.0
lead574,fbe786c417ca5245,human_replay,2.0906673222671768e-08,4.322832388184968e-09,5.6054084581649525e-08,1.1046825048039151e-08,1.9563377451003072e-08,4.322832388184968e-09,0.0
lead574,fbe786c417ca5245,ignore_all,8.380761235218618,19.464070259569645,1.7281657613324508,5.801371572955048,11.883774919699777,19.464070259569645,1.0
lead574,fbe786c417ca5245,constant_velocity,2.7846473079465754,6.07587819073699,0.603978677482977,2.0578741073335722,4.0408566935594985,6.07587819073699,1.0
lead574,fbe786c417ca5245,timid_creep,2.755551914752157,6.0241500387319915,0.5910512630189031,2.0320105643379742,4.002060839078529,6.0241500387319915,1.0
lead574,fbe786c417ca5245,lead_release,0.06475437323118724,0.14117341726010904,0.03129151413956818,0.0662751225750483,0.05957019157635184,0.14117341726010904,0.0
lead574,f7b7dcf856ce587d,human_replay,3.9757283574040314e-08,5.8372711626359966e-08,1.3541180029128106e-08,5.169535243939525e-08,4.833979046262579e-08,5.8372711626359966e-08,0.0
lead574,f7b7dcf856ce587d,ignore_all,7.966350555578876,18.363923479977732,1.6935698482875816,5.593272571558803,11.260955251099595,18.363923479977732,1.0
lead574,f7b7dcf856ce587d,constant_velocity,2.3603074156467017,4.94060623246288,0.5689349082014517,1.8467593707171361,3.40601913804107,4.94060623246288,1.0
lead574,f7b7dcf856ce587d,timid_creep,3.435641911992253,6.852356049007099,1.0468145177192745,2.8026378687994553,4.839825884533701,6.852356049007099,1.0
lead574,f7b7dcf856ce587d,lead_release,0.12701496902645648,0.25521101651076916,0.042888377716991694,0.10611890110854454,0.16306488480514858,0.25521101651076916,0.0
lead574,67bb26a522b45b5a,human_replay,1.4111982529748658e-08,2.0581515790487965e-09,2.757729996842691e-08,4.3512398361755355e-09,9.243692724235204e-09,2.0581515790487965e-09,0.0
lead574,67bb26a522b45b5a,ignore_all,7.409707127728911,17.059157654974502,1.6084948131373675,5.244443896361324,10.42360540672401,17.059157654974502,1.0
lead574,67bb26a522b45b5a,constant_velocity,1.796944356390557,3.6108559476519866,0.4835933583955592,1.4963467672739648,2.5608335924888666,3.6108559476519866,1.0
lead574,67bb26a522b45b5a,timid_creep,3.8475836445169493,7.337200624513254,1.3373611854940153,3.3075480156773645,5.329614518837976,7.337200624513254,1.0
lead574,67bb26a522b45b5a,lead_release,0.1617052533164349,0.30416197234000286,0.06376616648940911,0.12913111909798275,0.2189276039274844,0.30416197234000286,0.0
lead574,4d5a01dea92b5867,human_replay,1.910014728119753e-07,1.7519250915691067e-07,1.643690670464175e-07,2.8487419776461517e-07,1.1940382353073853e-07,1.7519250915691067e-07,0.0
lead574,4d5a01dea92b5867,ignore_all,10.00178087029119,24.432123284718717,1.8250092026784572,6.500865671671275,14.057093985535097,24.432123284718717,1.0
lead574,4d5a01dea92b5867,constant_velocity,5.449875158744314,13.776444722866659,0.8383395959321884,3.3773317576453867,7.6795989199144925,13.776444722866659,1.0
lead574,4d5a01dea92b5867,timid_creep,4.346025687885868,9.554383447393741,0.9786650459303513,3.331151910536983,6.152429403897973,9.554383447393741,1.0
lead574,4d5a01dea92b5867,lead_release,1.3732832365503531,3.660920183066392,0.15613834288552236,0.7657976845651514,1.9373480400526693,3.660920183066392,1.0
lead574,40c362dd278b5280,human_replay,3.267167918873208e-08,6.446692844775113e-08,4.965369919608361e-08,3.0676783781201528e-09,3.331039273761351e-08,6.446692844775113e-08,0.0
lead574,40c362dd278b5280,ignore_all,8.293045753160436,19.299132369239626,1.7100344210372542,5.720564123452561,11.750178173715414,19.299132369239626,1.0
lead574,40c362dd278b5280,constant_velocity,2.6963621673348066,5.908495685743677,0.5859564479223025,1.97712835501798,3.906579611297107,5.908495685743677,1.0
lead574,40c362dd278b5280,timid_creep,2.739309615952413,5.984855658519419,0.6050337994628001,2.015300470835716,3.963846466172942,5.984855658519419,1.0
lead574,40c362dd278b5280,lead_release,0.30516541404576664,0.5665532682534622,0.02612533565845776,0.2981804756523254,0.47463411260194194,0.5665532682534622,0.0
lead574,8a02c25b58bb5a2b,human_replay,2.404652802355308e-08,3.5096904369273274e-08,1.4329671266013841e-08,5.735462467718668e-08,9.686354332968579e-09,3.5096904369273274e-08,0.0
lead574,8a02c25b58bb5a2b,ignore_all,7.8960222465497,18.250705262125926,1.671581851243606,5.519569961628271,11.162566880348653,18.250705262125926,1.0
lead574,8a02c25b58bb5a2b,constant_velocity,2.290147264098404,4.826667058363991,0.5476034318514774,1.7733354798806957,3.3076156565157886,4.826667058363991,1.0
lead574,8a02c25b58bb5a2b,timid_creep,3.4000521445192584,6.800255832411158,1.0404942480842558,2.7599921118658606,4.787737011484663,6.800255832411158,1.0
lead574,8a02c25b58bb5a2b,lead_release,0.29164131482263433,0.49479877198144623,0.06951094858371387,0.318783998125388,0.4052912998088942,0.49479877198144623,0.0
lead574,6ebf87c3da335680,human_replay,1.92433226313762e-08,2.3507290676029902e-08,2.786031063438719e-08,1.2603554032630325e-08,8.830939463766859e-09,2.3507290676029902e-08,0.0
lead574,6ebf87c3da335680,ignore_all,7.366845626120478,17.007205878252655,1.5779608187897372,5.192594454656623,10.370981110481276,17.007205878252655,1.0
lead574,6ebf87c3da335680,constant_velocity,1.754269211531543,3.558971813111151,0.45347486004281684,1.4446228670600196,2.5082932661913837,3.558971813111151,1.0
lead574,6ebf87c3da335680,timid_creep,3.8043553771895398,7.284494782717598,1.3067499997595107,3.2553911915590437,5.276459018394273,7.284494782717598,1.0
lead574,6ebf87c3da335680,lead_release,0.2799586288353462,0.46379582076845793,0.1196234775657124,0.2791126697778821,0.3707895825086477,0.46379582076845793,0.0
lead574,f8e036dd79a954d6,human_replay,5.731539067586163e-09,6.636390917141709e-09,9.5567176384159e-09,5.682499637455331e-09,6.039025239209761e-09,6.636390917141709e-09,0.0
lead574,f8e036dd79a954d6,ignore_all,6.861003263092607,15.878410062009234,1.5071176314639314,4.821356400454156,9.614411189755144,15.878410062009234,1.0
lead574,f8e036dd79a954d6,constant_velocity,1.2445036746481648,2.41543738955142,0.3822109410477165,1.0724573164070743,1.7473836625202395,2.41543738955142,1.0
lead574,f8e036dd79a954d6,timid_creep,3.9602170221409008,7.4720298536815735,1.4259602922126007,3.4537517419390533,5.466335561653474,7.4720298536815735,1.0
lead574,f8e036dd79a954d6,lead_release,0.2683028217645988,0.44626134087778185,0.14207255146068828,0.2464574457531167,0.34902743121122864,0.44626134087778185,0.0
lead574,491dce963f7f5b57,human_replay,4.258845347392898e-08,6.531086381988166e-08,4.790359996721559e-08,1.6096319526010775e-08,6.138454283312266e-09,6.531086381988166e-08,0.0
lead574,491dce963f7f5b57,ignore_all,8.880438942872784,20.40482797092137,1.8736860931927934,6.21887950514428,12.615512045128451,20.40482797092137,1.0
lead574,491dce963f7f5b57,constant_velocity,3.295963315682532,7.041364396238409,0.7596536572137543,2.4810757564701977,4.783244454913357,7.041364396238409,1.0
lead574,491dce963f7f5b57,timid_creep,2.691032021450316,5.957891356285592,0.4978169377413786,1.9407356867918422,3.971065794263257,5.957891356285592,1.0
lead574,491dce963f7f5b57,lead_release,0.440055445090655,0.7020910477308574,0.17620417015219675,0.4842605945911043,0.5778366261473609,0.7020910477308574,0.0
lead574,f40f57ad82885f04,human_replay,1.4647965738728954e-08,8.927920440753912e-09,7.414965927108348e-09,3.2053907110674295e-08,3.35458225906125e-09,8.927920440753912e-09,0.0
lead574,f40f57ad82885f04,ignore_all,8.216629597247955,18.66625828297303,1.7723423767625406,5.85806676213083,11.664321661519628,18.66625828297303,1.0
lead574,f40f57ad82885f04,constant_velocity,2.6145779260679998,5.250849231943965,0.6514652091208771,2.113343853852742,3.8125661888064637,5.250849231943965,1.0
lead574,f40f57ad82885f04,timid_creep,3.427521292989738,6.6979127319924165,1.0111454386069934,2.8364771318132487,4.897740539386336,6.6979127319924165,1.0
lead574,f40f57ad82885f04,lead_release,0.36753388310481144,0.7344120383930726,0.1502411475026332,0.367107849543723,0.4252764400634115,0.7344120383930726,0.0
lead574,bd646d9caaef57d8,human_replay,2.735584651304319e-08,2.2439706865694546e-08,1.9696924110168864e-08,1.814231276877716e-08,2.9006127467726276e-08,2.2439706865694546e-08,0.0
lead574,bd646d9caaef57d8,ignore_all,7.207840998723385,17.411724032199785,1.2753706295005172,4.713015900275396,10.257773985271488,17.411724032199785,1.0
lead574,bd646d9caaef57d8,constant_velocity,1.6028947320564926,3.991458839629841,0.15096545053829338,0.9673611512597825,2.404127264213048,3.991458839629841,1.0
lead574,bd646d9caaef57d8,timid_creep,2.5753042408567324,5.720459667505116,0.5829951721553192,1.831529004775531,3.7007745404536685,5.720459667505116,1.0
lead574,bd646d9caaef57d8,lead_release,0.25949334803347773,0.46085328882829857,0.09967572515963388,0.22891392906918961,0.35907428865481156,0.46085328882829857,0.0
lead574,93a5e1de2d185374,human_replay,2.913617417501157e-08,5.499176390021297e-08,4.55581704059712e-08,3.890293171515614e-08,2.989723226000171e-08,5.499176390021297e-08,0.0
lead574,93a5e1de2d185374,ignore_all,7.40729625774041,17.507933430838403,1.4089035083613939,5.0220980334883345,10.527191051982667,17.507933430838403,1.0
lead574,93a5e1de2d185374,constant_velocity,1.799686976226963,4.077360937017558,0.28505936481362526,1.2754630772271023,2.6701400434919096,4.077360937017558,1.0
lead574,93a5e1de2d185374,timid_creep,3.1613260160190197,6.498626560650019,0.8896005426613652,2.485867055614192,4.485986879197577,6.498626560650019,1.0
lead574,93a5e1de2d185374,lead_release,0.25031532136749646,0.40590732348575503,0.14273172669524214,0.24237047769435696,0.30659737810492527,0.40590732348575503,0.0
lead574,b4aeb4bbd9035964,human_replay,1.3901979739301134e-08,6.693169136091857e-09,1.936759852841195e-08,2.826696473837209e-08,8.870191563608304e-10,6.693169136091857e-09,0.0
lead574,b4aeb4bbd9035964,ignore_all,7.309790712196322,17.034644669376412,1.4844950298373354,5.088013868263187,10.332771494289544,17.034644669376412,1.0
lead574,b4aeb4bbd9035964,constant_velocity,1.69824673536379,3.5895358704303604,0.36049316753678046,1.3403710824844903,2.471079763263416,3.5895358704303604,1.0
lead574,b4aeb4bbd9035964,timid_creep,3.6283146219868794,7.075390342657412,1.179103930479509,3.048329310397797,5.068029534490578,7.075390342657412,1.0
lead574,b4aeb4bbd9035964,lead_release,0.27609876997297056,0.45984491728840615,0.12688687781579094,0.26095674624571935,0.36377443302829493,0.45984491728840615,0.0
lead574,6136d15f12905f36,human_replay,7.556743185494978e-09,8.899830166057958e-10,1.274519695808891e-08,5.996294293781453e-09,5.365255063426062e-09,8.899830166057958e-10,0.0
lead574,6136d15f12905f36,ignore_all,6.927805479124971,16.08751186286061,1.4748209097746838,4.852368366537525,9.735888086100736,16.08751186286061,1.0
lead574,6136d15f12905f36,constant_velocity,1.3122010357118175,2.627697021868664,0.3500429990733422,1.1036760139761754,1.8697590116517124,2.627697021868664,1.0
lead574,6136d15f12905f36,timid_creep,3.868433159653441,7.365506154209075,1.3481374375461783,3.3483083605077493,5.3610007813105875,7.365506154209075,1.0
lead574,6136d15f12905f36,lead_release,0.2718117797792702,0.4454435678037852,0.1340641427946203,0.25500614560729773,0.3559733401263759,0.4454435678037852,0.0
lead574,984c4c329ba05bd2,human_replay,2.8905872849786525e-08,3.2577769052109245e-09,1.663110020151511e-08,3.814207736976965e-08,5.0857481687666095e-08,3.2577769052109245e-09,0.0
lead574,984c4c329ba05bd2,ignore_all,6.920189427753364,16.51460056470181,1.3939224967396227,4.645229305343136,9.706541476889049,16.51460056470181,1.0
lead574,984c4c329ba05bd2,constant_velocity,1.3106625174207762,3.0782039796882406,0.2692246609971483,0.8980518443935496,1.847401852329579,3.0782039796882406,1.0
lead574,984c4c329ba05bd2,timid_creep,2.904553162515018,5.911963697145217,0.9775462769410972,2.3147117053718933,3.9726955545611182,5.911963697145217,1.0
lead574,984c4c329ba05bd2,lead_release,0.2891900235789495,0.6223559730187173,0.037121837085544535,0.18909784851758146,0.4671081769544011,0.6223559730187173,0.0
lead574,18176fbd46ba5000,human_replay,2.4808528422961736e-08,5.649711525622201e-08,2.356759312022259e-08,1.7078835058598455e-08,9.181965163038144e-09,5.649711525622201e-08,0.0
lead574,18176fbd46ba5000,ignore_all,6.810550820530256,16.234846934065416,1.3606135140433755,4.569231617296211,9.566066354643247,16.234846934065416,1.0
lead574,18176fbd46ba5000,constant_velocity,1.1983916481675412,2.788102128464525,0.23666738895354236,0.8212146920844259,1.7036785914759474,2.788102128464525,1.0
lead574,18176fbd46ba5000,timid_creep,3.1843562719873444,6.3855044329165604,1.071113957819969,2.577137551717683,4.3803955971095805,6.3855044329165604,1.0
lead574,18176fbd46ba5000,lead_release,0.5138713823740415,0.8810921952645614,0.13541528497650257,0.47122546521905095,0.7861588045933126,0.8810921952645614,0.0
lead574,01c4dab17c975e13,human_replay,3.1238720101391455e-08,3.703392310411198e-08,2.7945441839472845e-08,4.5431914165188675e-08,4.549580704611738e-08,3.703392310411198e-08,0.0
lead574,01c4dab17c975e13,ignore_all,6.7175002159603245,15.949077075666127,1.3508252403880936,4.521275601268131,9.465487479374811,15.949077075666127,1.0
lead574,01c4dab17c975e13,constant_velocity,1.1032096301125052,2.494263626303157,0.2263281280526293,0.7726614878328607,1.6007039498320994,2.494263626303157,1.0
lead574,01c4dab17c975e13,timid_creep,3.4226786956930364,6.758659204647894,1.1565311090159016,2.814540789824565,4.753839551591316,6.758659204647894,1.0
lead574,01c4dab17c975e13,lead_release,0.32927615913019653,0.5854476689919921,0.06085504955110931,0.3102819554797652,0.49233274643249525,0.5854476689919921,0.0
lead574,229e86f19e7d5ced,human_replay,1.7337466482803123e-08,2.2540423963733065e-08,1.3810537131101367e-08,1.764332400204268e-08,1.4455387019385529e-08,2.2540423963733065e-08,0.0
lead574,229e86f19e7d5ced,ignore_all,7.662344853968683,17.647309342410846,1.6158801423249614,5.431106048327848,10.815444144537812,17.647309342410846,1.0
lead574,229e86f19e7d5ced,constant_velocity,2.052344883623742,4.208555076182732,0.4917656012445841,1.6837140155777706,2.95562220358174,4.208555076182732,1.0
lead574,229e86f19e7d5ced,timid_creep,3.7498963885832293,7.2291186602561925,1.2440731505465596,3.1923814701622604,5.220269211220772,7.2291186602561925,1.0
lead574,229e86f19e7d5ced,lead_release,0.3060408875435967,0.4913696322762402,0.16080073437454404,0.3019797929213702,0.3969447514947425,0.4913696322762402,0.0
lead574,d85c679f79b552ae,human_replay,9.355151570104633e-09,1.1817669718541196e-08,3.549913729015226e-09,7.362025035468773e-09,1.10509966466276e-08,1.1817669718541196e-08,0.0
lead574,d85c679f79b552ae,ignore_all,7.124162856666259,16.386079100736005,1.5847116406111497,5.052008622559658,9.986391697832646,16.386079100736005,1.0
lead574,d85c679f79b552ae,constant_velocity,1.5088294705639314,2.9279312948962333,0.45978964741085077,1.3032344608487525,2.120649532108125,2.9279312948962333,1.0
lead574,d85c679f79b552ae,timid_creep,3.9811758065628244,7.497712173847951,1.434017443498256,3.475977904158881,5.491915683731524,7.497712173847951,1.0
lead574,d85c679f79b552ae,lead_release,0.19283569255555494,0.3519083275642425,0.08944811352767046,0.16617767239569414,0.2623958678848088,0.3519083275642425,0.0
lead574,2b006c0fae365892,human_replay,6.47337319668556e-08,2.1950036624578665e-07,5.6487277333512785e-08,4.2944519371062477e-08,1.5397102579134162e-08,2.1950036624578665e-07,0.0
lead574,2b006c0fae365892,ignore_all,7.771244170800889,18.65502623942968,1.49433949376937,5.187308934017498,10.928216319975633,18.65502623942968,1.0
lead574,2b006c0fae365892,constant_velocity,2.2098145792555184,5.374958323597293,0.37322468552357135,1.4586639890137074,3.130025081505534,5.374958323597293,1.0
lead574,2b006c0fae365892,timid_creep,0.6351742113268898,1.5898485006024243,0.5805408572370521,0.4648354544408059,0.3521326576753702,1.5898485006024243,0.0
lead574,2b006c0fae365892,lead_release,0.3619903303497117,0.9992000360588791,0.055604207464354724,0.15122176498270493,0.5114876125303023,0.9992000360588791,0.0
lead574,24a09c3c8a985e8e,human_replay,5.351058418451441e-08,7.555472556980973e-08,6.433421592074515e-08,8.979840917768928e-08,3.1165553890542504e-08,7.555472556980973e-08,0.0
lead574,24a09c3c8a985e8e,ignore_all,7.857234608445158,18.776099839480473,1.5662751916934081,5.276207265853728,11.022503930036995,18.776099839480473,1.0
lead574,24a09c3c8a985e8e,constant_velocity,2.2835524891336183,5.457087276250283,0.44395667162778785,1.5434850515635388,3.2084225150962564,5.457087276250283,1.0
lead574,24a09c3c8a985e8e,timid_creep,0.9297675408772546,2.808548976623155,0.22329129676211898,0.24928361842175625,1.2287766740961887,2.808548976623155,1.0
lead574,24a09c3c8a985e8e,lead_release,0.5729361134934501,1.315762606566736,0.05462917333974677,0.3397246898794141,0.9205950939533682,1.315762606566736,0.0
lead574,21cef59c18245d4c,human_replay,6.174466553841881e-08,2.1059819940997474e-07,1.5742758536242774e-08,6.538894104086725e-08,6.858955936082977e-08,2.1059819940997474e-07,0.0
lead574,21cef59c18245d4c,ignore_all,7.706883588051971,18.469925377702566,1.5325079479671075,5.144205361448952,10.80904871681296,18.469925377702566,1.0
lead574,21cef59c18245d4c,constant_velocity,2.120217147920498,5.107555954981118,0.41030134868782375,1.4066208511726985,2.9778050380883228,5.107555954981118,1.0
lead574,21cef59c18245d4c,timid_creep,1.500801276485926,3.995924962405369,0.13719165022871413,0.8536836276872062,2.145153800410058,3.995924962405369,1.0
lead574,21cef59c18245d4c,lead_release,0.8252253186579552,1.4738860440275603,0.208634918100258,0.7156575206609151,1.26357467453219,1.4738860440275603,0.0
lead574,8551111013245067,human_replay,5.6111084025495876e-08,4.920656356530947e-08,1.7824685358706775e-08,1.1482804002476809e-07,9.619310014725664e-08,4.920656356530947e-08,0.0
lead574,8551111013245067,ignore_all,7.583744284335861,18.1620625778495,1.4891774686299213,5.042697548961785,10.663972333952845,18.1620625778495,1.0
lead574,8551111013245067,constant_velocity,1.9872002151445516,4.7682096192195065,0.36687916688382266,1.3004708753350502,2.8201597681271515,4.7682096192195065,1.0
lead574,8551111013245067,timid_creep,2.133758180010194,5.029072998806909,0.4316848193879439,1.4306957781880782,3.01572443692628,5.029072998806909,1.0
lead574,8551111013245067,lead_release,0.3640241265728146,0.6190058371091748,0.1005388744487683,0.31967218079315857,0.5741837681719351,0.6190058371091748,0.0
lead574,7288ac3781fd51a8,human_replay,4.558136132402502e-08,5.113544218368233e-08,4.83392212633683e-08,4.355229581710153e-08,9.220963311379097e-08,5.113544218368233e-08,0.0
lead574,7288ac3781fd51a8,ignore_all,7.52407848610139,17.880144598660767,1.4809977028798733,5.037347921861444,10.63898960390666,17.880144598660767,1.0
lead574,7288ac3781fd51a8,constant_velocity,1.9205945609394566,4.464567334104424,0.35710820410163047,1.29191867141029,2.786827451765015,4.464567334104424,1.0
lead574,7288ac3781fd51a8,timid_creep,2.7250737486651033,5.89521663424238,0.7142802920464185,2.007031660156515,3.8597456987549337,5.89521663424238,1.0
lead574,7288ac3781fd51a8,lead_release,0.399805119972219,0.616224824971613,0.15225208056462797,0.3982711926057865,0.5756470778409041,0.616224824971613,0.0
lead574,bdc6855188a351ca,human_replay,2.827146226793888e-08,2.479227865792774e-08,3.470479700309352e-08,4.167960245985851e-08,4.430480044878853e-08,2.479227865792774e-08,0.0
lead574,bdc6855188a351ca,ignore_all,7.368878919465652,17.371734557234745,1.4538883512394498,4.992196246875829,10.448364387942108,17.371734557234745,1.0
lead574,bdc6855188a351ca,constant_velocity,1.7598199381022737,3.937411133162367,0.32913042191467995,1.2449440451793392,2.589850237968417,3.937411133162367,1.0
lead574,bdc6855188a351ca,timid_creep,3.2659590042314903,6.615036032814815,0.9984880598224909,2.5837078676108987,4.598064903525287,6.615036032814815,1.0
lead574,bdc6855188a351ca,lead_release,0.5428910806496845,0.7941989566520056,0.2171776603785423,0.6344467321037184,0.7200796287555963,0.7941989566520056,0.0
lead574,1a1b315baec45bc3,human_replay,1.5965280397040256e-08,1.8625000881188482e-08,1.850320619337884e-08,1.8144244951043245e-08,2.593487359414282e-08,1.8625000881188482e-08,0.0
lead574,1a1b315baec45bc3,ignore_all,7.206477147918755,16.82919261311499,1.4652370755538042,4.989012809865401,10.186868731776432,16.82919261311499,1.0
lead574,1a1b315baec45bc3,constant_velocity,1.593709441915844,3.3810271672403402,0.3403658540403389,1.2407969286293103,2.324053223717655,3.3810271672403402,1.0
lead574,1a1b315baec45bc3,timid_creep,3.635357695218577,7.089360843307913,1.1915253321688357,3.044354879764725,5.0800052141312895,7.089360843307913,1.0
lead574,1a1b315baec45bc3,lead_release,0.30589213809533067,0.49073740431648,0.12801358398640492,0.31663946325816505,0.3975499239411361,0.49073740431648,0.0
lead574,db601036b2fb58d7,human_replay,6.882054050003405e-09,7.483442673538355e-09,1.2003287627248434e-08,6.95458418822777e-09,8.456685169103404e-09,7.483442673538355e-09,0.0
lead574,db601036b2fb58d7,ignore_all,6.938782130058076,16.11152742690154,1.4674320249248356,4.863013200423988,9.754589507652959,16.11152742690154,1.0
lead574,db601036b2fb58d7,constant_velocity,1.3229977038814766,2.651756756320348,0.3425454293940758,1.1141277676276482,1.8883732859284663,2.651756756320348,1.0
lead574,db601036b2fb58d7,timid_creep,3.8727674175894293,7.376319505710786,1.338843376236685,3.353225905929852,5.370203960949545,7.376319505710786,1.0
lead574,db601036b2fb58d7,lead_release,0.26659552894071736,0.4179734159650235,0.15883406971282127,0.2490586330686416,0.33968481705724096,0.4179734159650235,0.0
lead574,3b88ba584a4a5d7e,human_replay,2.422158291541025e-08,1.5364270445323646e-08,2.8627212387288137e-08,5.2072722003123364e-08,1.8936526332198246e-08,1.5364270445323646e-08,0.0
lead574,3b88ba584a4a5d7e,ignore_all,8.439191578676162,19.41887451091788,1.76520205308137,5.941941771040648,11.964671013758991,19.41887451091788,1.0
lead574,3b88ba584a4a5d7e,constant_velocity,2.8401881873423775,6.020572860455316,0.640830279335547,2.197550181702228,4.118229696321104,6.020572860455316,1.0
lead574,3b88ba584a4a5d7e,timid_creep,3.0966957793576273,6.47660878064584,0.7548204992962882,2.425562082929286,4.460254118890525,6.47660878064584,1.0
lead574,3b88ba584a4a5d7e,lead_release,0.10211097724880033,0.25370898213319565,0.017769369270672023,0.05931703190488991,0.14292913538484237,0.25370898213319565,0.0
lead574,282d1f01eef856f5,human_replay,1.7596447615425255e-08,1.5762451671062703e-08,2.7896046173053445e-08,1.572047722491079e-08,2.7593027212291123e-08,1.5762451671062703e-08,0.0
lead574,282d1f01eef856f5,ignore_all,7.8621543390197495,17.99735473166103,1.7111171532024905,5.6091657248609135,11.079070913230993,17.99735473166103,1.0
lead574,282d1f01eef856f5,constant_velocity,2.253093699587377,4.56309959102055,0.5863034038670358,1.8618702258404143,3.220586452800333,4.56309959102055,1.0
lead574,282d1f01eef856f5,timid_creep,3.757092154570422,7.2368839565866825,1.2547514511305256,3.198751774136506,5.225919737925017,7.2368839565866825,1.0
lead574,282d1f01eef856f5,lead_release,0.09457670831348827,0.2525491678290632,0.010952863551575475,0.04188580968984672,0.1416589140906916,0.2525491678290632,0.0
lead574,0af3e039185d57f3,human_replay,4.732079829217881e-08,8.3358664560303e-08,3.7978839191109854e-08,7.53649430765308e-08,3.457869403125007e-08,8.3358664560303e-08,0.0
lead574,0af3e039185d57f3,ignore_all,7.985492221733221,18.986586483394884,1.5034497814500916,5.321656587717717,11.36727688789701,18.986586483394884,1.0
lead574,0af3e039185d57f3,constant_velocity,2.390259197670291,5.601551450828032,0.37917006704527534,1.5784225958049953,3.5255070093390697,5.601551450828032,1.0
lead574,0af3e039185d57f3,timid_creep,2.2778320898004907,5.401674833271952,0.32920088607959097,1.4784831093404565,3.375600247539619,5.401674833271952,1.0
lead574,0af3e039185d57f3,lead_release,0.05396188065011574,0.03494690230493986,0.06302295062926612,0.03216847390110538,0.08775460378637345,0.03494690230493986,0.0
lead574,315ade412d0f5304,human_replay,2.6781348579426286e-08,4.834452727282761e-08,1.193008660957253e-08,5.885331617961441e-08,8.21101094776979e-09,4.834452727282761e-08,0.0
lead574,315ade412d0f5304,ignore_all,8.011746295553795,18.706026260728965,1.5830189278926174,5.5216407462325945,11.389508944706746,18.706026260728965,1.0
lead574,315ade412d0f5304,constant_velocity,2.409749366100048,5.297223119248778,0.4585126744781052,1.7762945144152644,3.539477694189628,5.297223119248778,1.0
lead574,315ade412d0f5304,timid_creep,2.989352162189857,6.327643358300475,0.7160869638549465,2.291512208592475,4.312284056177055,6.327643358300475,1.0
lead574,315ade412d0f5304,lead_release,0.16582531970604664,0.30584882799430185,0.07706169338589121,0.1390861290602338,0.2115220263984291,0.30584882799430185,0.0
lead574,93d4ab80a0cf5f01,human_replay,9.800452287542726e-09,3.855986137729748e-09,1.0617773617146495e-09,1.628584292900569e-08,2.872305382956088e-08,3.855986137729748e-09,0.0
lead574,93d4ab80a0cf5f01,ignore_all,7.746345700680589,17.871220362213975,1.6130447962512156,5.471564074139628,10.947648614063711,17.871220362213975,1.0
lead574,93d4ab80a0cf5f01,constant_velocity,2.1374709869328967,4.4374543202024,0.48826304301132106,1.7243969495871732,3.08939242265972,4.4374543202024,1.0
lead574,93d4ab80a0cf5f01,timid_creep,3.6248082117667373,7.081662955634962,1.149304635139598,3.0464495997298235,5.072522461880485,7.081662955634962,1.0
lead574,93d4ab80a0cf5f01,lead_release,0.2890871696587807,0.4668223613672927,0.12215929182972016,0.2951158921730494,0.38022505569977616,0.4668223613672927,0.0
lead574,75a8be89195651aa,human_replay,8.002040664891241e-09,4.046044296259117e-09,6.649375316091133e-09,1.2954213272785096e-08,1.3033024321356847e-08,4.046044296259117e-09,0.0
lead574,75a8be89195651aa,ignore_all,7.259154039321807,16.688185350435095,1.6044371262617212,5.152856701994275,10.188269097067641,16.688185350435095,1.0
lead574,75a8be89195651aa,constant_velocity,1.6448841397083298,3.234093132957667,0.479505594571377,1.4043988607488394,2.3237883579280654,3.234093132957667,1.0
lead574,75a8be89195651aa,timid_creep,3.9377654654228778,7.444922389149307,1.4024900995478475,3.423256381383087,5.438627073784147,7.444922389149307,1.0
lead574,75a8be89195651aa,lead_release,0.2102942232146599,0.37143538544177884,0.08169805997583272,0.19252816590243832,0.2846222687745845,0.37143538544177884,0.0
lead574,1d1dde59c417522f,human_replay,1.8870047375034505e-07,9.301232795679137e-08,1.5017888193868874e-07,1.1117302194591124e-07,3.0897873599129644e-07,9.301232795679137e-08,0.0
lead574,1d1dde59c417522f,ignore_all,9.771036314709097,23.33524595535547,1.9818635863731995,6.5954462059411245,13.673187687019203,23.33524595535547,1.0
lead574,1d1dde59c417522f,constant_velocity,5.088525774379199,12.45199736240914,0.9535063838695539,3.357667013696129,7.097515438370353,12.45199736240914,1.0
lead574,1d1dde59c417522f,timid_creep,3.9471445520205783,8.847718175879685,0.8233200940834978,3.007267075917685,5.556801556586205,8.847718175879685,1.0
lead574,1d1dde59c417522f,lead_release,0.7140201369658228,1.6147668286156773,0.24460468201425223,0.5090814691692008,0.916471447789789,1.6147668286156773,0.0
lead574,58cf6aaf126b5727,human_replay,2.2728171159183843e-07,3.639177892533003e-07,2.2867231854182632e-07,2.270619700875847e-08,2.4093310100530957e-07,3.639177892533003e-07,0.0
lead574,58cf6aaf126b5727,ignore_all,6.403069302264395,15.275764370388835,1.3412169783336771,4.347166633650685,8.888264514040847,15.275764370388835,1.0
lead574,58cf6aaf126b5727,constant_velocity,2.7508487234338,6.997499462347329,0.44346297993205047,1.6812498244080807,3.8428505951786893,6.997499462347329,1.0
lead574,58cf6aaf126b5727,timid_creep,5.861158344402309,12.447618959262025,1.3871231690973693,4.566969785789725,8.378956966883038,12.447618959262025,1.0
lead574,58cf6aaf126b5727,lead_release,0.5447933532844889,1.3190585412348979,0.1195135223106074,0.351710808809832,0.7383386859736815,1.3190585412348979,0.0
lead574,9090d50c08b05715,human_replay,2.805055623680937e-07,4.988637016030029e-07,3.978357792425194e-08,3.693158660410642e-07,2.513086657753395e-07,4.988637016030029e-07,0.0
lead574,9090d50c08b05715,ignore_all,10.849342547141047,26.633213022796063,2.0537248890298834,7.01408121539868,15.139214766181707,26.633213022796063,1.0
lead574,9090d50c08b05715,constant_velocity,6.557130746587133,16.50169192427132,1.0996233476658697,4.081043344577537,9.184020851646983,16.50169192427132,1.0
lead574,9090d50c08b05715,timid_creep,5.126719449671014,11.679689991030209,0.9516736088253486,3.6777436745421817,7.40152794785363,11.679689991030209,1.0
lead574,9090d50c08b05715,lead_release,0.6250961366595493,1.4785533659451227,0.2384334798755438,0.39330413695854927,0.8112758465059285,1.4785533659451227,0.0
lead574,ea789512f1be5a47,human_replay,2.6172242312139094e-08,2.135319668681104e-08,5.032684728551488e-08,1.703218935982408e-08,4.383885947497742e-08,2.135319668681104e-08,0.0
lead574,ea789512f1be5a47,ignore_all,8.810507260282995,20.079141537175786,1.8992628284239734,6.295329546579266,12.477242115686881,20.079141537175786,1.0
lead574,ea789512f1be5a47,constant_velocity,3.2155043265136882,6.693598063426039,0.7759261427766012,2.552311726585966,4.635364729394268,6.693598063426039,1.0
lead574,ea789512f1be5a47,timid_creep,3.1176861274597942,6.519624157569482,0.7325274016511036,2.465338892689001,4.504887456369907,6.519624157569482,1.0
lead574,ea789512f1be5a47,lead_release,0.2327290608577024,0.39471397109034656,0.06067535740842932,0.25542109584210015,0.31699970352500406,0.39471397109034656,0.0
lead574,09779eb483435cab,human_replay,1.503209825590264e-08,1.5562640203603071e-09,2.5001192000289733e-08,2.4944755299217973e-08,7.532755494518655e-09,1.5562640203603071e-09,0.0
lead574,09779eb483435cab,ignore_all,8.026168211339346,18.250408653067275,1.7948611534087135,5.7773589076533,11.290642072172975,18.250408653067275,1.0
lead574,09779eb483435cab,constant_velocity,2.417908011532634,4.818599607269783,0.6703420779059643,2.0302618664721788,3.4329440715989508,4.818599607269783,1.0
lead574,09779eb483435cab,timid_creep,3.820968192193148,7.3131460645978805,1.2937683727839813,3.277510241300953,5.303846680636798,7.3131460645978805,1.0
lead574,09779eb483435cab,lead_release,0.13598962666521566,0.29066381580581446,0.022839568264368722,0.10827678160702398,0.19383819472087,0.29066381580581446,0.0
lead574,07a369a8e34d541e,human_replay,3.3050490505040866e-08,3.55624680461827e-08,5.1823675523792397e-08,5.207467409214273e-08,4.498272195882531e-08,3.55624680461827e-08,0.0
lead574,07a369a8e34d541e,ignore_all,7.804749209998272,18.16999176988515,1.5939822115060716,5.388318497428762,11.061184627307311,18.16999176988515,1.0
lead574,07a369a8e34d541e,constant_velocity,2.198696290133999,4.746458505464364,0.46935475338716776,1.6418182152759344,3.2061639870891345,4.746458505464364,1.0
lead574,07a369a8e34d541e,timid_creep,3.28152200630917,6.671604220125823,0.9505728487019317,2.6043771454120432,4.650021503537455,6.671604220125823,1.0
lead574,07a369a8e34d541e,lead_release,0.44944085436601483,0.6982663175726019,0.14123826143841234,0.5276143999135622,0.6068275489601268,0.6982663175726019,0.0
lead574,ebd940b0039e5cd1,human_replay,1.3782416183371474e-08,2.3426722377871866e-08,2.768097624700252e-09,1.770402659332619e-08,4.165701817042959e-09,2.3426722377871866e-08,0.0
lead574,ebd940b0039e5cd1,ignore_all,7.554232404924645,17.42252665418927,1.6048152778686722,5.332157517913171,10.655092959012268,17.42252665418927,1.0
lead574,ebd940b0039e5cd1,constant_velocity,1.9429819362540734,3.980159846284746,0.47994720582355366,1.5842895183476202,2.7940461685291074,3.980159846284746,1.0
lead574,ebd940b0039e5cd1,timid_creep,3.7653012095992846,7.249803472632474,1.2684654870744008,3.1998507882032965,5.23664880258381,7.249803472632474,1.0
lead574,ebd940b0039e5cd1,lead_release,0.22204391728505068,0.38372200029420567,0.06619868634125559,0.22534308338437262,0.30134466917920344,0.38372200029420567,0.0
lead574,8d1d97f4b7d05914,human_replay,8.46308455297456e-08,1.7554785711297428e-07,6.413172499836972e-08,5.9325173404066925e-08,3.679192771429293e-08,1.7554785711297428e-07,0.0
lead574,8d1d97f4b7d05914,ignore_all,9.781683826648544,22.24322351934206,2.1886984499483337,7.034405526964116,13.772824230562257,22.24322351934206,1.0
lead574,8d1d97f4b7d05914,constant_velocity,4.236274120563422,9.021299843262822,1.067710551639887,3.310013233552038,5.994451684757614,9.021299843262822,1.0
lead574,8d1d97f4b7d05914,timid_creep,1.4296765254596076,3.7623289116207648,0.1124598095188784,0.7705812604890943,2.095236985530617,3.7623289116207648,1.0
lead574,8d1d97f4b7d05914,lead_release,0.3240209836458012,0.8806549053543481,0.04500731710950517,0.09828090207236002,0.5088279584089898,0.8806549053543481,0.0
lead574,85185d3ba8b35890,human_replay,4.3471290488631416e-08,2.7341756653430712e-08,5.7974541062600695e-08,2.771974531768209e-09,1.4003221609278248e-08,2.7341756653430712e-08,0.0
lead574,85185d3ba8b35890,ignore_all,8.734855338770187,20.031708722216326,1.988351080720193,6.193824785649431,12.235439606780176,20.031708722216326,1.0
lead574,85185d3ba8b35890,constant_velocity,3.15073569221863,6.684361978700926,0.8646714706451568,2.4543648252070787,4.407507172096004,6.684361978700926,1.0
lead574,85185d3ba8b35890,timid_creep,2.148799479445542,4.902878347824628,0.4193343120237163,1.563618737831504,3.0714348049609543,4.902878347824628,1.0
lead574,85185d3ba8b35890,lead_release,0.6894437307708089,1.406403284806721,0.06797067474426738,0.5384500971787037,1.0997177259945456,1.406403284806721,0.0
lead574,bfbc82c4f65a5208,human_replay,2.494214226455354e-08,4.613943407793732e-08,3.081221798443144e-08,4.361777389971452e-08,1.396257603437898e-09,4.613943407793732e-08,0.0
lead574,bfbc82c4f65a5208,ignore_all,7.726474070664269,18.02921482368377,1.7013876087365163,5.340941915067294,10.807712436520488,18.02921482368377,1.0
lead574,bfbc82c4f65a5208,constant_velocity,2.1236277839925184,4.616971352944577,0.5771406220244422,1.5953435887185805,2.956462993567462,4.616971352944577,1.0
lead574,bfbc82c4f65a5208,timid_creep,2.8120389765904994,5.840975872650893,0.8829497434843203,2.207332115091569,3.8744619705990684,5.840975872650893,1.0
lead574,bfbc82c4f65a5208,lead_release,0.7402724047539415,1.3179939797140112,0.13753062785968398,0.6833155442694373,1.1520285509145438,1.3179939797140112,0.0
lead574,0563edc821b6543d,human_replay,2.6208846034258202e-08,1.7505224919022137e-08,1.7186746788700666e-08,4.000906881549715e-08,4.431777419134592e-08,1.7505224919022137e-08,0.0
lead574,0563edc821b6543d,ignore_all,7.167791407104481,16.88708049467193,1.507464628295488,4.876307805345785,10.058390123199436,16.88708049467193,1.0
lead574,0563edc821b6543d,constant_velocity,1.5576186069062854,3.4480217423285895,0.3826637203609472,1.1291561672663066,2.198460414610192,3.4480217423285895,1.0
lead574,0563edc821b6543d,timid_creep,3.265525807646531,6.489113337266244,1.1384979154857369,2.6464124719119897,4.47777270962558,6.489113337266244,1.0
lead574,0563edc821b6543d,lead_release,0.5642601181554471,0.955847510881208,0.11708877641221835,0.5648474899326663,0.8569838385170735,0.955847510881208,0.0
lead574,7582f7769dfb5d11,human_replay,1.8268022701531317e-08,2.5379734999094053e-08,1.1693868327668687e-08,2.8869015182696083e-08,1.3939275395780987e-08,2.5379734999094053e-08,0.0
lead574,7582f7769dfb5d11,ignore_all,6.905011054307845,16.294133120175086,1.4185188903275385,4.677206569533661,9.727437297631784,16.294133120175086,1.0
lead574,7582f7769dfb5d11,constant_velocity,1.2919694278786935,2.8426973959273494,0.29553761963808617,0.9293381153509677,1.8638251485335005,2.8426973959273494,1.0
lead574,7582f7769dfb5d11,timid_creep,3.471712126647592,6.82823326098761,1.1845018543224521,2.8512752769990053,4.817679329455067,6.82823326098761,1.0
lead574,7582f7769dfb5d11,lead_release,0.33366193083302326,0.575151514105419,0.09065464668425867,0.33153268937588776,0.4786859893225729,0.575151514105419,0.0
lead574,26459a22067d556e,human_replay,1.353886715475439e-08,2.3859925708155357e-08,2.506060499477811e-08,1.2867727316865206e-08,1.573897055825025e-09,2.3859925708155357e-08,0.0
lead574,26459a22067d556e,ignore_all,7.550935849243614,17.495245116296143,1.59746144572517,5.269705307788812,10.661359277407993,17.495245116296143,1.0
lead574,26459a22067d556e,constant_velocity,1.940615637184091,4.05629086051569,0.4726292727936726,1.5221304622307499,2.8013924245934185,4.05629086051569,1.0
lead574,26459a22067d556e,timid_creep,3.642639905296901,7.085364985490424,1.2267696836249706,3.034546103700086,5.072151331739422,7.085364985490424,1.0
lead574,26459a22067d556e,lead_release,0.09281099524059971,0.21453787837545424,0.01369341098156849,0.06188732416171187,0.13028708196236594,0.21453787837545424,0.0
lead574,c9968e9ec0135b9d,human_replay,1.9233359974163225e-08,8.081131217337185e-09,5.096364427945288e-09,1.983434382149889e-09,2.8278747491208683e-08,8.081131217337185e-09,0.0
lead574,c9968e9ec0135b9d,ignore_all,7.704401314145994,18.136376845745055,1.5311631474276695,5.215156084092907,10.937414828028581,18.136376845745055,1.0
lead574,c9968e9ec0135b9d,constant_velocity,2.1000083477255194,4.7190613448933885,0.4064985549333572,1.4691873646740894,3.084467656711607,4.7190613448933885,1.0
lead574,c9968e9ec0135b9d,timid_creep,2.9603911723014336,6.248649769610225,0.7888961664739332,2.233947006652206,4.231652709336893,6.248649769610225,1.0
lead574,c9968e9ec0135b9d,lead_release,0.2984281919923326,0.48388628366782943,0.11649329150108444,0.32422633940682477,0.3901890871332643,0.48388628366782943,0.0
lead574,8723bbb08b8e5cc8,human_replay,1.958067204078517e-08,3.646438675235128e-08,5.3780620197166086e-09,8.068503303280932e-09,2.1322855650421402e-08,3.646438675235128e-08,0.0
lead574,8723bbb08b8e5cc8,ignore_all,7.504461617333613,17.500378653112985,1.494366337761846,5.209387423591578,10.631102477103799,17.500378653112985,1.0
lead574,8723bbb08b8e5cc8,constant_velocity,1.8947230209840198,4.063505129238953,0.3696043987016745,1.4619643979120645,2.771788130256828,4.063505129238953,1.0
lead574,8723bbb08b8e5cc8,timid_creep,3.5097436883836877,6.934705653608706,1.0873436132494374,2.8975142040918973,4.92518162427357,6.934705653608706,1.0
lead574,8723bbb08b8e5cc8,lead_release,0.041577149702495694,0.10585788490625138,0.04351160012699818,0.04060520032868564,0.015928038497448095,0.10585788490625138,0.0
lead574,4ac092ec1bee5e7a,human_replay,1.608739544937948e-08,1.094167585577457e-08,1.765251683561238e-08,9.842594538097989e-09,1.4147775052224832e-08,1.094167585577457e-08,0.0
lead574,4ac092ec1bee5e7a,ignore_all,7.302774556234757,16.859311186846693,1.5556364355182197,5.162434427029224,10.280312538518476,16.859311186846693,1.0
lead574,4ac092ec1bee5e7a,constant_velocity,1.6894083772719173,3.408484751150849,0.430997513913412,1.4141041776868033,2.416724273930813,3.408484751150849,1.0
lead574,4ac092ec1bee5e7a,timid_creep,3.839399694921754,7.333680764139629,1.3129106146146832,3.3105734557227118,5.327566439026103,7.333680764139629,1.0
lead574,4ac092ec1bee5e7a,lead_release,0.0850508313892194,0.010081975739342098,0.05915994670624698,0.17572653295677912,0.08705149518487268,0.010081975739342098,0.0
lead574,2318ebb3b64554fc,human_replay,6.066944056541888e-08,6.096153984817801e-08,3.6126618859265275e-08,9.05411511262785e-09,1.1906290837485722e-07,6.096153984817801e-08,0.0
lead574,2318ebb3b64554fc,ignore_all,8.407900797258659,19.738515795513297,1.6371146248578803,5.7122595651599815,11.969923444165731,19.738515795513297,1.0
lead574,2318ebb3b64554fc,constant_velocity,2.8171941548797426,6.3687120071805845,0.5132695047881393,1.9706372201461968,4.133649620972451,6.3687120071805845,1.0
lead574,2318ebb3b64554fc,timid_creep,2.3201135570083955,5.4848262614371315,0.29253629477389653,1.5287544265693822,3.4707426947384667,5.4848262614371315,1.0
lead574,2318ebb3b64554fc,lead_release,0.46863561165799383,0.7912256979893765,0.12883161444227592,0.48170076697317177,0.6722052687870212,0.7912256979893765,0.0
lead574,876278ea40b25284,human_replay,3.109779861230605e-08,4.524311102641521e-08,2.497986826451751e-08,4.3128438164262176e-08,3.2848440776418754e-08,4.524311102641521e-08,0.0
lead574,876278ea40b25284,ignore_all,8.29479565508,19.168993233265294,1.6876771291081796,5.8218283321896065,11.772850650863857,19.168993233265294,1.0
lead574,876278ea40b25284,constant_velocity,2.6946700818247646,5.766675651837476,0.5634028486877133,2.0770720359352297,3.9249905205610665,5.766675651837476,1.0
lead574,876278ea40b25284,timid_creep,3.0697371864639242,6.433510384914239,0.7300334412592607,2.410481638784562,4.425115384028229,6.433510384914239,1.0
lead574,876278ea40b25284,lead_release,0.05476047614902158,0.08480440173439312,0.019472433467049688,0.10716894611307093,0.0328244849835038,0.08480440173439312,0.0
lead574,a98bfcdd7d6c5683,human_replay,1.264842339781003e-08,6.317165662685237e-09,4.151647045762717e-09,7.063285250571522e-09,1.4617947363117299e-08,6.317165662685237e-09,0.0
lead574,a98bfcdd7d6c5683,ignore_all,7.90554138737456,18.079534900129282,1.7235850817002119,5.650451264750935,11.137626790236244,18.079534900129282,1.0
lead574,a98bfcdd7d6c5683,constant_velocity,2.296946642565407,4.6469301264228395,0.5988344196114642,1.9032501883016102,3.279652351287882,4.6469301264228395,1.0
lead574,a98bfcdd7d6c5683,timid_creep,3.7317830212114176,7.197800060489224,1.2365116210920015,3.1786843605335484,5.192804521989604,7.197800060489224,1.0
lead574,a98bfcdd7d6c5683,lead_release,0.31866783433396434,0.5381221468409316,0.1338604106333422,0.30885944476174393,0.42558304177185574,0.5381221468409316,0.0
lead574,012dc5d8043555ef,human_replay,7.807475717387154e-09,1.140096377706905e-08,4.067674959031997e-09,8.168443144664335e-09,1.1203498044024625e-08,1.140096377706905e-08,0.0
lead574,012dc5d8043555ef,ignore_all,7.12764296267293,16.38163309478483,1.6097469180209385,5.052394328260561,9.981855161747777,16.38163309478483,1.0
lead574,012dc5d8043555ef,constant_velocity,1.512297097809721,2.9235858716024157,0.4848079133529887,1.3036163471511517,2.1161407440758153,2.9235858716024157,1.0
lead574,012dc5d8043555ef,timid_creep,3.98006104440939,7.4841266416921375,1.4577325843233513,3.472407819293982,5.48080750780994,7.4841266416921375,1.0
lead574,012dc5d8043555ef,lead_release,0.29392432527340717,0.5011461604179123,0.14030476508661816,0.2710381262099037,0.3897867667589449,0.5011461604179123,0.0
lead574,58b96e6ca9a95ff4,human_replay,4.6221691127002545e-08,7.77810163954957e-08,2.6124617515105426e-08,2.1995200208123013e-08,2.3755840318180588e-08,7.77810163954957e-08,0.0
lead574,58b96e6ca9a95ff4,ignore_all,8.845388574822977,19.67536075779901,2.0785305286784137,6.52816629580407,12.474967439343137,19.67536075779901,1.0
lead574,58b96e6ca9a95ff4,constant_velocity,3.2711432554560704,6.354644140591326,0.958380548822907,2.7944652056297805,4.658442948372638,6.354644140591326,1.0
lead574,58b96e6ca9a95ff4,timid_creep,1.803896385754517,3.7210469513432822,0.31175588330826726,1.4812338756184655,2.684006208973856,3.7210469513432822,1.0
lead574,58b96e6ca9a95ff4,lead_release,0.17062236578340945,0.5270629362096994,0.08531686636283997,0.14384305164017286,0.10620766938296773,0.5270629362096994,0.0
lead574,e26d9a5288165f2a,human_replay,1.4466854094936785e-07,2.260802413814537e-07,1.9325025094672742e-07,5.590062865625909e-08,1.4773580246564227e-07,2.260802413814537e-07,0.0
lead574,e26d9a5288165f2a,ignore_all,7.471998798164103,18.772169151402075,1.3914097080275833,4.682771997979737,10.328294746779514,18.772169151402075,1.0
lead574,e26d9a5288165f2a,constant_velocity,3.31465790460944,8.976564434044159,0.42091863176106753,1.812833222737122,4.617400084429695,8.976564434044159,1.0
lead574,e26d9a5288165f2a,timid_creep,4.40252920384839,9.185049795305485,1.317254830101841,3.518124779098813,6.096405999622005,9.185049795305485,1.0
lead574,e26d9a5288165f2a,lead_release,1.1140811038229732,2.44428863450859,0.21689842878151872,0.778546597893416,1.6655113763114273,2.44428863450859,1.0
lead574,766a723ba30f574c,human_replay,4.116581058760184e-08,7.509184108364511e-08,2.229293521362338e-08,4.260062751764766e-08,2.6066083858885823e-08,7.509184108364511e-08,0.0
lead574,766a723ba30f574c,ignore_all,7.621511086817582,18.01383337602533,1.503381697435478,5.171664283649766,10.77760311195203,18.01383337602533,1.0
lead574,766a723ba30f574c,constant_velocity,2.0177381739439193,4.598826371149163,0.3787520237991624,1.4258047289562674,2.9254131136408654,4.598826371149163,1.0
lead574,766a723ba30f574c,timid_creep,2.798746192184046,5.987286770330983,0.7258592704448567,2.1200355158392905,3.9667569076044074,5.987286770330983,1.0
lead574,766a723ba30f574c,lead_release,0.05978246434994444,0.14162435834626041,0.013565850467907998,0.030575498260172966,0.07486194235911314,0.14162435834626041,0.0
lead574,a6862e7424815856,human_replay,3.084851640210066e-08,1.1033627638429792e-08,1.717625553679318e-08,2.5693632967163706e-08,2.4201238093245244e-08,1.1033627638429792e-08,0.0
lead574,a6862e7424815856,ignore_all,7.422805975968201,17.386414855057122,1.5259145658665576,5.0828778170824025,10.48995991003684,17.386414855057122,1.0
lead574,a6862e7424815856,constant_velocity,1.8133662327904145,3.950767972996636,0.4010958663131065,1.3354672550862752,2.6310341374637933,3.950767972996636,1.0
lead574,a6862e7424815856,timid_creep,3.3759621581033903,6.7287235472657345,1.0955820224059316,2.7244448615614503,4.714494107517425,6.7287235472657345,1.0
lead574,a6862e7424815856,lead_release,0.024325166752867784,0.038953098407699636,0.027578965866237815,0.031088880083155614,0.01763883073304531,0.038953098407699636,0.0
lead574,111485c5e6f458a9,human_replay,1.7139187312251022e-08,1.9322859298584787e-08,9.627382824797115e-09,2.7717486733139318e-08,1.6445565578166876e-08,1.9322859298584787e-08,0.0
lead574,111485c5e6f458a9,ignore_all,7.082654078757775,16.537373204894415,1.4729299056093732,4.897047986162584,9.986900234043835,16.537373204894415,1.0
lead574,111485c5e6f458a9,constant_velocity,1.4688654057200683,3.0852248012152192,0.34804010574245686,1.148660456639906,2.122930826612905,3.0852248012152192,1.0
lead574,111485c5e6f458a9,timid_creep,3.674696668351247,7.121948816640475,1.2461135824389764,3.0929124349311725,5.1134303154072125,7.121948816640475,1.0
lead574,111485c5e6f458a9,lead_release,0.23013700366857143,0.39670906956825336,0.1104329034816655,0.21584413436147493,0.2974764519288424,0.39670906956825336,0.0
lead574,8b5dd405c14c5249,human_replay,1.1208653949772525e-07,2.107196855977444e-07,2.16492950826836e-08,2.3503763298595956e-07,2.5170380967502174e-08,2.107196855977444e-07,0.0
lead574,8b5dd405c14c5249,ignore_all,6.973127149726363,17.110014324008347,1.3619284508018799,4.502216722003365,9.704442419831212,17.110014324008347,1.0
lead574,8b5dd405c14c5249,constant_velocity,1.6625494868451878,4.341968673222188,0.28699115059100977,0.979734316805806,2.279995735166824,4.341968673222188,1.0
lead574,8b5dd405c14c5249,timid_creep,2.6974745860585765,3.97728275901118,1.2618821550413577,2.7771520232787053,3.7527697643351843,3.97728275901118,1.0
lead574,8b5dd405c14c5249,lead_release,1.300405623683004,3.5305903810690658,0.16867299899125318,0.7018942692548941,1.8056438918862576,3.5305903810690658,1.0
lead574,6154b9589f9553fa,human_replay,2.1234486344214708e-08,6.383623622005084e-09,1.0294416008293306e-08,8.226455713803848e-09,4.595976102539199e-08,6.383623622005084e-09,0.0
lead574,6154b9589f9553fa,ignore_all,8.16735898487584,18.806972701211393,1.6903431002742102,5.772145315626671,11.571284686119089,18.806972701211393,1.0
lead574,6154b9589f9553fa,constant_velocity,2.563836792126094,5.39269145494215,0.5657098270807982,2.026453403368978,3.7194387699924834,5.39269145494215,1.0
lead574,6154b9589f9553fa,timid_creep,3.3243367567495996,6.744705659954184,0.9037204674510196,2.7024320866582987,4.7334292902277655,6.744705659954184,1.0
lead574,6154b9589f9553fa,lead_release,0.05470208925500199,0.05641490234635697,0.051062974710054894,0.06074914020784033,0.0693003112238496,0.05641490234635697,0.0
lead574,d56e3d307eb8525a,human_replay,9.4046453110192e-09,2.866283560466603e-09,1.8405295605006922e-10,8.228251757773432e-09,2.2092693712710912e-08,2.866283560466603e-09,0.0
lead574,d56e3d307eb8525a,ignore_all,7.679673620774577,17.56343525723144,1.6931381710241515,5.491860668899074,10.799594810579142,17.56343525723144,1.0
lead574,d56e3d307eb8525a,constant_velocity,2.068626200603613,4.121375504420119,0.5682697409803877,1.744269823904128,2.938815641779778,4.121375504420119,1.0
lead574,d56e3d307eb8525a,timid_creep,3.886536433974779,7.382316806272131,1.355561480175405,3.355958960289947,5.375136933671238,7.382316806272131,1.0
lead574,d56e3d307eb8525a,lead_release,0.05364140088891047,0.09464131542380805,0.006608931499717364,0.06643839124047264,0.053968122780581086,0.09464131542380805,0.0
lead574,ef0b044d86855ffe,human_replay,2.193233925050836e-08,1.2352928101220821e-08,5.7071570162202434e-08,7.849741983594214e-09,1.8617816271577384e-08,1.2352928101220821e-08,0.0
lead574,ef0b044d86855ffe,ignore_all,8.489637600475447,19.50532418146392,1.9036125199680727,5.968978310673394,11.941375163200899,19.50532418146392,1.0
lead574,ef0b044d86855ffe,constant_velocity,2.8930947807182124,6.1156221075937784,0.7792672246219248,2.2254122492510673,4.097931380482467,6.1156221075937784,1.0
lead574,ef0b044d86855ffe,timid_creep,2.905451336942031,6.137590376546466,0.7847593143025785,2.2363956382923935,4.114407415081801,6.137590376546466,1.0
lead574,ef0b044d86855ffe,lead_release,0.15005224772083434,0.24679103631058152,0.005259094775945605,0.16704281799157827,0.22433010337332546,0.24679103631058152,0.0
lead574,e970702e97ea50b2,human_replay,2.2351305186547275e-08,1.3717291829646557e-08,1.1932792733567057e-08,4.025055902171002e-09,5.620476290207539e-08,1.3717291829646557e-08,0.0
lead574,e970702e97ea50b2,ignore_all,7.607111298350182,17.63111773410796,1.6626673269270658,5.268216351160993,10.714690693049429,17.63111773410796,1.0
lead574,e970702e97ea50b2,constant_velocity,1.9982121137766653,4.196680728585149,0.5386278775131854,1.521072410008164,2.856200826205755,4.196680728585149,1.0
lead574,e970702e97ea50b2,timid_creep,3.5115865023930173,6.887411988242057,1.2106813018098883,2.8663277959017623,4.874223648698946,6.887411988242057,1.0
lead574,e970702e97ea50b2,lead_release,0.4235702334194692,0.6687043672337167,0.127143368337767,0.4773352988965632,0.5908425063451017,0.6687043672337167,0.0
lead574,a38bd3c8068d5ebb,human_replay,1.2216827218943777e-08,2.2615296329967107e-08,8.520592558471514e-10,2.410316299059794e-08,1.652668748015772e-08,2.2615296329967107e-08,0.0
lead574,a38bd3c8068d5ebb,ignore_all,6.978219129535056,16.303644707983757,1.4485342224085114,4.822140108188035,9.833575275298305,16.303644707983757,1.0
lead574,a38bd3c8068d5ebb,constant_velocity,1.3639350760340347,2.848209600875224,0.32436944955732666,1.0735550876553523,1.9686474795386955,2.848209600875224,1.0
lead574,a38bd3c8068d5ebb,timid_creep,3.712656735114242,7.171415511893162,1.2626606914015939,3.140595156757248,5.163772834234663,7.171415511893162,1.0
lead574,a38bd3c8068d5ebb,lead_release,0.39536245106370377,0.5341286408029969,0.22172005203445477,0.4356984459440441,0.5160327083993594,0.5341286408029969,0.0
lead574,60e45802b0245195,human_replay,2.762862568447549e-08,2.0324542001167243e-09,3.617694404898374e-08,3.9043774092268586e-08,3.943048220585098e-08,2.0324542001167243e-09,0.0
lead574,60e45802b0245195,ignore_all,8.59004659842003,19.560101512763474,1.858311237950355,6.164902925665696,12.15015519175284,19.560101512763474,1.0
lead574,60e45802b0245195,constant_velocity,2.990025517818955,6.158413894255137,0.7338167398196141,2.420165730947106,4.30250379134623,6.158413894255137,1.0
lead574,60e45802b0245195,timid_creep,3.345913254995055,6.791104323458294,0.8919891216747274,2.73651050088586,4.7770216011204845,6.791104323458294,1.0
lead574,60e45802b0245195,lead_release,0.11943089402523131,0.2604062920939295,0.06090204046968833,0.06171410022323859,0.14553348652871173,0.2604062920939295,0.0
lead574,4d2d174465585abf,human_replay,9.068837481395098e-09,1.1404450871968383e-08,1.817972075554323e-08,2.136073639130878e-08,8.069895107208362e-10,1.1404450871968383e-08,0.0
lead574,4d2d174465585abf,ignore_all,7.775365903769093,17.68863223962618,1.762693387020067,5.592671830635488,10.914529029656572,17.68863223962618,1.0
lead574,4d2d174465585abf,constant_velocity,2.1642619090260484,4.246817438303586,0.6378270412918426,1.8448422746412645,3.0536534192294456,4.246817438303586,1.0
lead574,4d2d174465585abf,timid_creep,3.9666690835995135,7.476634296128845,1.420657359440095,3.4433336393233884,5.467808135704694,7.476634296128845,1.0
lead574,4d2d174465585abf,lead_release,0.18785010706238375,0.3615302447650224,0.07511113069862788,0.14992022841288968,0.25295812585449606,0.3615302447650224,0.0
lead574,aa1f80806fa35b9f,human_replay,9.02529153754535e-09,1.3503510910212664e-08,1.2427463802772364e-08,1.0503703619731466e-08,3.253833570156193e-09,1.3503510910212664e-08,0.0
lead574,aa1f80806fa35b9f,ignore_all,7.412463893723778,16.98821232784293,1.6143092456543515,5.29861704035186,10.420427781287835,16.98821232784293,1.0
lead574,aa1f80806fa35b9f,constant_velocity,1.7988440963568897,3.536566472268765,0.4896160829864144,1.5502285583343174,2.5565916957533545,3.536566472268765,1.0
lead574,aa1f80806fa35b9f,timid_creep,3.982734191605563,7.529484275363927,1.3812504850876688,3.475728660542293,5.515808236105997,7.529484275363927,1.0
lead574,aa1f80806fa35b9f,lead_release,0.2770461394469191,0.2536223012643487,0.1969480506480938,0.40494115498886796,0.32320486347829197,0.2536223012643487,0.0
lead574,2e90da117016561c,human_replay,6.393410196096388e-10,8.093319038008868e-11,1.489185805981788e-09,8.996984723293607e-11,2.9271414768891625e-10,8.093319038008868e-11,0.0
lead574,2e90da117016561c,ignore_all,7.328729404857263,16.591619695835597,1.7791335525433896,5.286351027573939,10.206808715050448,16.591619695835597,1.0
lead574,2e90da117016561c,constant_velocity,1.7131941398894488,3.132760491977535,0.6542560951885398,1.5375207043898569,2.3408552472229864,3.132760491977535,1.0
lead574,2e90da117016561c,timid_creep,4.218994241436015,7.769414369018211,1.637991782638168,3.7389376635200557,5.759891685200868,7.769414369018211,1.0
lead574,2e90da117016561c,lead_release,0.3357902520648463,0.30329037681651505,0.3501398461888825,0.4265938791913536,0.3351916473758502,0.30329037681651505,0.0
lead574,cebdeff85ac65185,human_replay,7.414540866171223e-09,8.126602927234784e-09,1.4815045186271974e-09,6.116080942119825e-09,6.724773778680898e-09,8.126602927234784e-09,0.0
lead574,cebdeff85ac65185,ignore_all,8.085578448467944,18.20459713411443,1.9068364081198395,5.890629457127494,11.329534027358674,18.20459713411443,1.0
lead574,cebdeff85ac65185,constant_velocity,2.475844282270447,4.76757300451579,0.7820556094847284,2.143269139838825,3.4702397425186233,4.76757300451579,1.0
lead574,cebdeff85ac65185,timid_creep,4.100417457915084,7.655784494062696,1.5040752894723373,3.587297571689437,5.636369960284416,7.655784494062696,1.0
lead574,cebdeff85ac65185,lead_release,0.1117407615447189,0.04413581383286022,0.1275292984748982,0.1715493903189645,0.10916359707470273,0.04413581383286022,0.0
lead574,d834813ce20a54e1,human_replay,5.258875013066803e-08,6.443063761190556e-08,1.8005716469388732e-08,2.1923292408911886e-08,5.726927773408244e-08,6.443063761190556e-08,0.0
lead574,d834813ce20a54e1,ignore_all,7.814752461972942,18.37109773255655,1.5860613287422365,5.365136990610452,10.997312950102952,18.37109773255655,1.0
lead574,d834813ce20a54e1,constant_velocity,2.214264413854761,4.96694230336944,0.4620587929782217,1.6202200781704823,3.148809631258226,4.96694230336944,1.0
lead574,d834813ce20a54e1,timid_creep,2.6451517784331475,5.7331677134966625,0.6533994777665575,2.003322925249523,3.7234789338136656,5.7331677134966625,1.0
lead574,d834813ce20a54e1,lead_release,0.13747331542126628,0.15124713964388287,0.14658738764476284,0.20890362373519028,0.11471470917964395,0.15124713964388287,0.0
lead574,afd8795214205519,human_replay,2.1660930336842122e-08,8.496108050815877e-09,1.6025276479350025e-08,2.3270039251711975e-08,1.957839737928512e-08,8.496108050815877e-09,0.0
lead574,afd8795214205519,ignore_all,7.56111058302862,17.685284379339983,1.6165667029048203,5.161995357253886,10.661325431417541,17.685284379339983,1.0
lead574,afd8795214205519,constant_velocity,1.9537380431228384,4.257165081750353,0.4918076995550297,1.4151741814814507,2.804822710093884,4.257165081750353,1.0
lead574,afd8795214205519,timid_creep,3.210438420451284,6.49132935358336,1.050346229231502,2.532226350436486,4.480436200595985,6.49132935358336,1.0
lead574,afd8795214205519,lead_release,0.33466823214376185,0.8774226379774481,0.05290461575230994,0.12799966647899155,0.503615856832864,0.8774226379774481,0.0
lead574,5d7eedc503ef575c,human_replay,2.3628069642553904e-08,3.092086575783397e-09,6.213693465122083e-09,5.291550177273251e-08,2.2478458052409464e-08,3.092086575783397e-09,0.0
lead574,5d7eedc503ef575c,ignore_all,7.080314893116445,16.81631023842762,1.3586226622341049,4.759484105490489,10.033861190114248,16.81631023842762,1.0
lead574,5d7eedc503ef575c,constant_velocity,1.4701231028865709,3.374969389565455,0.23479385714461248,1.012198736906189,2.1734280923999947,3.374969389565455,1.0
lead574,5d7eedc503ef575c,timid_creep,3.2643368710157876,6.589761109463167,1.014537882053363,2.6039083637343015,4.576713951240653,6.589761109463167,1.0
lead574,5d7eedc503ef575c,lead_release,1.3229598353521501,4.764512244469097,0.02762272983877376,0.3175977328424252,1.5708710776866066,4.764512244469097,1.0
lead574,c988ef2f076359de,human_replay,1.1974213365445728e-08,2.5198170811148783e-08,3.897594034032525e-09,2.510879053874018e-08,2.7803177140500532e-08,2.5198170811148783e-08,0.0
lead574,c988ef2f076359de,ignore_all,7.160828521062517,16.703933949931887,1.5150688915634052,4.947429602905705,10.094239644458778,16.703933949931887,1.0
lead574,c988ef2f076359de,constant_velocity,1.5478854572597858,3.2545014659429627,0.3904441077497337,1.199310527474622,2.2311785690941432,3.2545014659429627,1.0
lead574,c988ef2f076359de,timid_creep,3.645331082942474,7.074657898869282,1.2573550470768273,3.0506853360414565,5.066941780623826,7.074657898869282,1.0
lead574,c988ef2f076359de,lead_release,1.4502327102145551,5.273054175559366,0.05770966004315659,0.13372828439572504,1.8848905454345342,5.273054175559366,1.0
lead574,5517642e588e59d0,human_replay,8.345152427338162e-08,1.8624184475090253e-08,5.21678101949025e-08,9.299063762025461e-08,1.6840434732645e-07,1.8624184475090253e-08,0.0
lead574,5517642e588e59d0,ignore_all,7.2369253784313115,17.2322559060138,1.587727401722249,4.9300424226984,9.998201338322914,17.2322559060138,1.0
lead574,5517642e588e59d0,constant_velocity,1.6613224699718638,3.8738402078087124,0.47910539660658785,1.2185245891759242,2.1691422563285254,3.8738402078087124,1.0
lead574,5517642e588e59d0,timid_creep,0.9374451780668689,2.5419495144110176,0.18912115263032925,0.5970560490722441,1.1734999178634473,2.5419495144110176,1.0
lead574,5517642e588e59d0,lead_release,0.8347917546818366,1.8380936741926877,0.11669906407859353,0.5450673772920289,1.2927296189667934,1.8380936741926877,0.0
lead574,8959015fc1fe5791,human_replay,8.90816824257201e-08,1.813794145220052e-07,4.562048009074519e-08,4.1159962865940576e-08,1.7644427461907375e-07,1.813794145220052e-07,0.0
lead574,8959015fc1fe5791,ignore_all,6.91664729136634,16.889519495767995,1.4044480634249183,4.5030870457069545,9.57499396487068,16.889519495767995,1.0
lead574,8959015fc1fe5791,constant_velocity,1.3359975506155872,3.5254715687644493,0.28716402815074926,0.7606696126576835,1.7672919228910509,3.5254715687644493,1.0
lead574,8959015fc1fe5791,timid_creep,1.3587407071640971,3.566142356393358,0.29712090696341753,0.7811536992415578,1.7973269863888104,3.566142356393358,1.0
lead574,8959015fc1fe5791,lead_release,1.1242071251721735,2.2104503171890575,0.12800142023559902,0.8522288197172921,1.859788915391181,2.2104503171890575,1.0
lead574,c40e41ba1a285e0d,human_replay,5.534101993432689e-08,8.710151031466565e-08,5.3812502854031716e-08,4.340260573396754e-08,1.0277715960894464e-08,8.710151031466565e-08,0.0
lead574,c40e41ba1a285e0d,ignore_all,6.949019860628207,17.06717275842296,1.3069105145758673,4.424347065861052,9.73945612307738,17.06717275842296,1.0
lead574,c40e41ba1a285e0d,constant_velocity,1.399235440991707,3.7060385530731073,0.1850393673687503,0.7577362956103212,1.9779791374623616,3.7060385530731073,1.0
lead574,c40e41ba1a285e0d,timid_creep,1.831654642384064,4.495446292845283,0.3832506927257042,1.1246532669225873,2.5520289358480426,4.495446292845283,1.0
lead574,c40e41ba1a285e0d,lead_release,1.004870202229605,1.7500676359778777,0.15867466171220448,0.9282275894722182,1.6275118401839352,1.7500676359778777,0.0
lead574,5aac73b6f21a5a86,human_replay,4.9621177258320536e-08,3.085877132206567e-08,2.4195747606883356e-08,7.389232789179068e-08,2.7678648581078528e-08,3.085877132206567e-08,0.0
lead574,5aac73b6f21a5a86,ignore_all,7.186714241725242,17.45374241006289,1.3144770734889202,4.623966853960576,10.189660582339982,17.45374241006289,1.0
lead574,5aac73b6f21a5a86,constant_velocity,1.641014403078213,4.0724413294460335,0.23112530972506531,0.9875610728727149,2.395627098840691,4.0724413294460335,1.0
lead574,5aac73b6f21a5a86,timid_creep,2.313358770945687,5.306631786399429,0.5131884195816895,1.5558032080301982,3.307443364553139,5.306631786399429,1.0
lead574,5aac73b6f21a5a86,lead_release,0.8016331597249051,1.2657308082443706,0.2301216379395502,0.8556060405088545,1.1795737237651436,1.2657308082443706,0.0
lead574,59dcc37e3f235412,human_replay,2.4408669876956422e-08,2.4357530141299046e-08,7.723742916069162e-09,1.1855543970860653e-08,2.2801731813014726e-08,2.4357530141299046e-08,0.0
lead574,59dcc37e3f235412,ignore_all,7.442113796459247,17.755777416585122,1.367441508313961,4.946268941095246,10.602542786609082,17.755777416585122,1.0
lead574,59dcc37e3f235412,constant_velocity,1.8707819112384174,4.348695372385551,0.2959572175984748,1.250156713325666,2.7694502502252094,4.348695372385551,1.0
lead574,59dcc37e3f235412,timid_creep,2.8048438338390365,6.040328938433105,0.6801137068838525,2.0713004002952418,4.032930697416559,6.040328938433105,1.0
lead574,59dcc37e3f235412,lead_release,0.4179650864955985,0.6338284313014364,0.19830118598697113,0.4565303100315332,0.5450856601039525,0.6338284313014364,0.0
lead574,03388b830f975734,human_replay,3.803772487587236e-08,8.44660393243772e-09,5.176046491559894e-08,3.307504906511812e-08,3.0154450276846066e-08,8.44660393243772e-09,0.0
lead574,03388b830f975734,ignore_all,7.655839972443644,17.882127120948386,1.4905178381561381,5.307109091187246,10.871392710698302,17.882127120948386,1.0
lead574,03388b830f975734,constant_velocity,2.0565245324139294,4.455791374475205,0.3855273838192966,1.567939868941748,3.0181909154076276,4.455791374475205,1.0
lead574,03388b830f975734,timid_creep,3.3301459825008086,6.729382093986371,0.9383372443718493,2.7006494737278963,4.722429318987136,6.729382093986371,1.0
lead574,03388b830f975734,lead_release,0.20088610694123274,0.3521785523742667,0.1279451354013562,0.17222873716829937,0.24136771278375227,0.3521785523742667,0.0
lead574,96bc4f4e46f752f4,human_replay,1.3063596851595665e-08,2.0108609385199455e-08,2.4164171491780876e-08,6.441206150097407e-09,1.2985728270264188e-08,2.0108609385199455e-08,0.0
lead574,96bc4f4e46f752f4,ignore_all,7.554390707688238,17.376435751819518,1.615396963733717,5.368247545149345,10.643394064686108,17.376435751819518,1.0
lead574,96bc4f4e46f752f4,constant_velocity,1.9437761252586405,3.9329104166237308,0.49276123238714087,1.6206931992431006,2.7821470727453796,3.9329104166237308,1.0
lead574,96bc4f4e46f752f4,timid_creep,3.8125690765341442,7.297179580194026,1.2928131374367293,3.2765560748159004,5.292270382273082,7.297179580194026,1.0
lead574,96bc4f4e46f752f4,lead_release,0.16464528863513,0.3241076592139,0.07337991935083056,0.12331523045186894,0.22175737199465395,0.3241076592139,0.0
lead574,7b429e3d4ad159a2,human_replay,4.623076971389425e-09,4.31270191464405e-09,1.7442933770349251e-09,6.186662970328402e-09,4.853485903446162e-09,4.31270191464405e-09,0.0
lead574,7b429e3d4ad159a2,ignore_all,7.049896052033491,16.185072179421805,1.617877584186903,4.9998746776932865,9.856599878016624,16.185072179421805,1.0
lead574,7b429e3d4ad159a2,constant_velocity,1.4338913723950146,2.7243820372715586,0.4929196662368939,1.2509732993849807,1.9901448205865406,2.7243820372715586,1.0
lead574,7b429e3d4ad159a2,timid_creep,4.030045196186202,7.541728089530453,1.5025410018314196,3.529815956117404,5.538239428129344,7.541728089530453,1.0
lead574,7b429e3d4ad159a2,lead_release,0.1783346398953895,0.34304221970370113,0.06061544767077422,0.15121406033525936,0.24924900617248238,0.34304221970370113,0.0
lead574,5a7626d57d61594b,human_replay,1.1127701941678332e-07,1.6886849016928375e-07,8.498534981731096e-08,1.0102550503932416e-07,1.5562876586282026e-07,1.6886849016928375e-07,0.0
lead574,5a7626d57d61594b,ignore_all,8.625392978418784,19.19458897804064,1.9879922731016715,6.385510826231739,12.179907195302045,19.19458897804064,1.0
lead574,5a7626d57d61594b,constant_velocity,3.069516868802226,5.9364652977281445,0.8676140372637132,2.657710956725879,4.387239565160721,5.9364652977281445,1.0
lead574,5a7626d57d61594b,timid_creep,0.7617293338119653,1.591926112052947,0.20009405477370107,0.5152530077563201,1.1381608204428448,1.591926112052947,0.0
lead574,5a7626d57d61594b,lead_release,0.37111410115312393,1.0190010485802738,0.20035953979223947,0.4332580347876038,0.10096749519493822,1.0190010485802738,0.0
lead574,e4ad471729c65fc9,human_replay,6.213891816250924e-08,1.7142126394433436e-07,5.627891760678561e-08,1.0006331933889028e-07,2.9558099896730823e-08,1.7142126394433436e-07,0.0
lead574,e4ad471729c65fc9,ignore_all,7.609210338794633,17.114670633812494,1.9016736597669834,5.596657999092129,10.562919347424874,17.114670633812494,1.0
lead574,e4ad471729c65fc9,constant_velocity,2.0240290573530473,3.7644330742016074,0.7780891553977983,1.8568917384234649,2.7331379468438532,3.7644330742016074,1.0
lead574,e4ad471729c65fc9,timid_creep,1.1686273866800998,2.2453690975828553,0.3978441215028504,1.0960834030356594,1.5920224340119462,2.2453690975828553,1.0
lead574,e4ad471729c65fc9,lead_release,0.4491081453329856,1.0400216746037587,0.30850504839585347,0.5239114790372066,0.17359511707214578,1.0400216746037587,0.0
lead574,008d6e3394a65c1f,human_replay,3.1913485494101974e-08,6.044741705449747e-08,3.0447037972287636e-08,6.651678347754831e-08,4.7886713835549134e-08,6.044741705449747e-08,0.0
lead574,008d6e3394a65c1f,ignore_all,7.3565351975203415,17.619099799913464,1.483191897443684,4.845943342274355,10.355724503668917,17.619099799913464,1.0
lead574,008d6e3394a65c1f,constant_velocity,1.753160365195692,4.205346450215643,0.3586011051679956,1.1002483137289303,2.504009475994278,4.205346450215643,1.0
lead574,008d6e3394a65c1f,timid_creep,2.492212414452029,5.519258133472449,0.6870556018447641,1.7571754700673468,3.489422748318843,5.519258133472449,1.0
lead574,008d6e3394a65c1f,lead_release,0.3369497519344553,0.47966895686844196,0.09108679597787461,0.4063557389062908,0.4875781178508165,0.47966895686844196,0.0
lead574,7f78c5aac332551d,human_replay,2.526082772153257e-08,1.5249376907291923e-09,5.937001514162179e-09,5.1467617160816274e-08,2.434578783729554e-08,1.5249376907291923e-09,0.0
lead574,7f78c5aac332551d,ignore_all,7.117657932266286,17.042375925672037,1.3260861972226776,4.702280452885501,10.107498190854626,17.042375925672037,1.0
lead574,7f78c5aac332551d,constant_velocity,1.5089035206155539,3.6086342401399607,0.20183604720621187,0.9552162642574618,2.2492041943074246,3.6086342401399607,1.0
lead574,7f78c5aac332551d,timid_creep,2.991353274398124,6.244364301177298,0.8602654226860369,2.2729266532290255,4.2259799393210224,6.244364301177298,1.0
lead574,7f78c5aac332551d,lead_release,0.33078880402552535,0.6750875348414563,0.020742381878838367,0.25029486714286175,0.5657095051592492,0.6750875348414563,0.0
lead574,51c83516a5d8585a,human_replay,3.1283631912599884e-08,1.877905050630813e-08,8.761675535126552e-09,5.489710004778313e-08,5.4962630577431924e-08,1.877905050630813e-08,0.0
lead574,51c83516a5d8585a,ignore_all,7.31820010282067,17.20080306329405,1.4245958674921324,5.009287729230185,10.381244267452312,17.20080306329405,1.0
lead574,51c83516a5d8585a,constant_velocity,1.7078043039289048,3.761230365328187,0.29984111984362277,1.261678527112139,2.521074122989965,3.761230365328187,1.0
lead574,51c83516a5d8585a,timid_creep,3.4308801124455304,6.8325846046019425,1.0599462289899715,2.7922048468666154,4.822037097918025,6.8325846046019425,1.0
lead574,51c83516a5d8585a,lead_release,0.7133576535858626,1.1642894971327036,0.14049507175652542,0.7868197390029787,1.072329456676507,1.1642894971327036,0.0
lead574,cff12b59b73c537e,human_replay,2.3270403123740054e-07,3.919097000559991e-07,1.401164528848812e-07,2.0144783277981494e-07,3.6085885843761333e-07,3.919097000559991e-07,0.0
lead574,cff12b59b73c537e,ignore_all,8.613273276764074,20.9651442800838,1.6497937694840465,5.642608144567287,12.045298286927906,20.9651442800838,1.0
lead574,cff12b59b73c537e,constant_velocity,3.8595096053219033,9.78468431728899,0.6381527227211351,2.3988569811805704,5.381492801108354,9.78468431728899,1.0
lead574,cff12b59b73c537e,timid_creep,3.8461873371455617,7.728285881246651,1.0841310153287171,3.275961384504919,5.357175934649979,7.728285881246651,1.0
lead574,cff12b59b73c537e,lead_release,0.40162979460214665,1.1442661148297901,0.062170670344235714,0.18970114194886717,0.5324423429634033,1.1442661148297901,0.0
lead574,5e96a7620956567a,human_replay,9.358325484987541e-08,8.91237881953754e-08,2.7134457881148093e-08,9.34850131374131e-08,1.832838794876852e-07,8.91237881953754e-08,0.0
lead574,5e96a7620956567a,ignore_all,5.8100654594076815,13.723426444075645,1.2034158552277576,3.931598574275442,8.173530237712432,13.723426444075645,1.0
lead574,5e96a7620956567a,constant_velocity,0.43547629784515274,1.0085853563179965,0.09822274337672819,0.2999611831441172,0.6143617762544544,1.0085853563179965,0.0
lead574,5e96a7620956567a,timid_creep,0.47394632030520933,1.0516743065802923,0.1240438670717494,0.3406843315539125,0.6662094130657031,1.0516743065802923,0.0
lead574,5e96a7620956567a,lead_release,0.2915898764087181,0.9799396772890121,0.03856260986674768,0.03963977611085948,0.3875296797745849,0.9799396772890121,0.0
lead574,dc0152c1caca5d94,human_replay,8.204425413786045e-08,1.1794039409710637e-07,2.8926683896625886e-08,9.052505819638963e-09,2.268805035210124e-07,1.1794039409710637e-07,0.0
lead574,dc0152c1caca5d94,ignore_all,5.733680741407129,13.53004345623734,1.187142845140299,3.903444987198995,8.057733468836942,13.53004345623734,1.0
lead574,dc0152c1caca5d94,constant_velocity,0.41027304592815794,0.9712527041969942,0.08840044716593992,0.28400493708121843,0.5652765357500216,0.9712527041969942,0.0
lead574,dc0152c1caca5d94,timid_creep,0.4696407948564817,1.0197297177118103,0.13362284506663322,0.3571736606034578,0.6434678360918354,1.0197297177118103,0.0
lead574,dc0152c1caca5d94,lead_release,0.1925090126189241,0.6407469821927493,0.08865752034648075,0.11573570342232689,0.12864108689352666,0.6407469821927493,0.0
lead574,0ea5bbb7337d5a56,human_replay,7.266633603512262e-08,9.656393850425739e-08,8.161333262010957e-08,6.102370148335104e-08,1.9757467926089526e-08,9.656393850425739e-08,0.0
lead574,0ea5bbb7337d5a56,ignore_all,5.9840922482671335,14.786223233818992,1.1122507896623903,3.8282990033147795,8.347994563730945,14.786223233818992,1.0
lead574,0ea5bbb7337d5a56,constant_velocity,0.544116093411443,1.5936542984897317,0.059296043320555256,0.26779650021832724,0.7226699204448124,1.5936542984897317,0.0
lead574,0ea5bbb7337d5a56,timid_creep,0.4820993015451562,1.3611995622151793,0.10075219620827257,0.26387578716733645,0.6018405254099738,1.3611995622151793,0.0
lead574,0ea5bbb7337d5a56,lead_release,1.5452364528846434,3.371294180905273,0.324904522854272,1.110647612863733,2.267084911476996,3.371294180905273,1.0
lead574,f03f53f19c6254b8,human_replay,5.942454917784427e-08,4.053280077902404e-08,7.552391117146581e-08,4.7445655697232066e-08,8.277139712523205e-08,4.053280077902404e-08,0.0
lead574,f03f53f19c6254b8,ignore_all,6.318748671767198,15.546660912696987,1.1737960915493986,4.061114681711943,8.829897951119687,15.546660912696987,1.0
lead574,f03f53f19c6254b8,constant_velocity,0.7974948224882896,2.2598645397558803,0.08207862491459283,0.3995168460303844,1.0975169289636402,2.2598645397558803,1.0
lead574,f03f53f19c6254b8,timid_creep,0.6238166681273448,1.8490967324532497,0.09078272746100953,0.26771455586015264,0.820285553867424,1.8490967324532497,0.0
lead574,f03f53f19c6254b8,lead_release,0.8062278710968204,2.0027980562650196,0.1288091943407004,0.4472748790264054,1.1814409827517058,2.0027980562650196,1.0
lead574,a3e0421d08d25e5b,human_replay,7.522697572761191e-08,8.409246812695375e-08,4.368798121768273e-08,7.296229631372441e-08,5.795231071546935e-08,8.409246812695375e-08,0.0
lead574,a3e0421d08d25e5b,ignore_all,6.643159651749308,16.185440089105153,1.247505224114942,4.309747159751608,9.327063344805726,16.185440089105153,1.0
lead574,a3e0421d08d25e5b,constant_velocity,1.0899882083462784,2.8556476414719056,0.14471274331845702,0.614687294347448,1.54247526297056,2.8556476414719056,1.0
lead574,a3e0421d08d25e5b,timid_creep,0.8740658423338491,2.4342904183872807,0.08077752264175984,0.42748604335507845,1.2358004489425567,2.4342904183872807,1.0
lead574,a3e0421d08d25e5b,lead_release,0.8105031761872037,1.929237593328232,0.1344191455464166,0.48759935718092967,1.2139464480079605,1.929237593328232,0.0
lead574,2322850f71fa5c4d,human_replay,4.834352877727481e-08,1.6438367455790458e-07,1.891305393518714e-08,3.23149193185647e-08,1.4319262439597055e-08,1.6438367455790458e-07,0.0
lead574,2322850f71fa5c4d,ignore_all,6.89273177044568,16.555357312220107,1.3202640614932142,4.534493055050066,9.73888922535997,16.555357312220107,1.0
lead574,2322850f71fa5c4d,constant_velocity,1.3182922563423876,3.1988665554348312,0.2054188722493068,0.8174204453155077,1.9236525398728366,3.1988665554348312,1.0
lead574,2322850f71fa5c4d,timid_creep,1.2122492088417318,3.0069971949608463,0.160282677406272,0.7246106388495791,1.7807378598370005,3.0069971949608463,1.0
lead574,2322850f71fa5c4d,lead_release,0.6228609150642267,1.8226865782704402,0.007812042949644686,0.1948367961690218,0.971819363887665,1.8226865782704402,0.0
lead574,2e1d4bde0a16514b,human_replay,7.129782942147091e-08,1.8411650989564411e-07,5.7548526524686e-08,4.400659904105843e-08,1.44351167481739e-08,1.8411650989564411e-07,0.0
lead574,2e1d4bde0a16514b,ignore_all,6.995545650873739,16.543756336196125,1.3666684291503026,4.7049935161592735,9.927541571317681,16.543756336196125,1.0
lead574,2e1d4bde0a16514b,constant_velocity,1.4081789014900878,3.167340263632647,0.24824581403348064,0.9726323129193503,2.0942373481058283,3.167340263632647,1.0
lead574,2e1d4bde0a16514b,timid_creep,1.5901244707813478,3.49173595247503,0.32809113627863234,1.1338043004953668,2.3375840174677616,3.49173595247503,1.0
lead574,2e1d4bde0a16514b,lead_release,0.9431249493772639,2.3656113501858727,0.10940247245042559,0.5689353505156224,1.3880809858840795,2.3656113501858727,1.0
lead574,b0598da891205aa3,human_replay,5.6991249895283425e-08,1.618983247162561e-07,1.909360034644961e-08,4.243530217199484e-08,9.42512654523012e-08,1.618983247162561e-07,0.0
lead574,b0598da891205aa3,ignore_all,5.807720049641214,14.329441775709322,1.1069157562442131,3.7839932824401745,8.042909519749752,14.329441775709322,1.0
lead574,b0598da891205aa3,constant_velocity,0.33512569493385413,1.0441959924893967,0.03082282401526905,0.1789694052017893,0.42098443918597167,1.0441959924893967,0.0
lead574,b0598da891205aa3,timid_creep,1.2348374827901358,2.749052875749843,0.43239142392737934,0.9494278479648115,1.575436541071477,2.749052875749843,1.0
lead574,b0598da891205aa3,lead_release,1.408208149207174,3.188319367357435,0.18259791178992527,0.8622482190364672,2.225676885295825,3.188319367357435,1.0
lead574,674e6f0f529a51f7,human_replay,7.499449426591876e-08,8.970258853826609e-08,4.432684060855538e-08,8.907935030353058e-08,1.1749416817043317e-07,8.970258853826609e-08,0.0
lead574,674e6f0f529a51f7,ignore_all,6.091512475667938,15.188965473864135,1.1640582987348866,3.9121093709916734,8.369900273266929,15.188965473864135,1.0
lead574,674e6f0f529a51f7,constant_velocity,0.543225476501668,1.807952505733478,0.05408118980427199,0.24281885670843625,0.6184456712231992,1.807952505733478,0.0
lead574,674e6f0f529a51f7,timid_creep,1.430896625363919,3.441457177546873,0.45391105815967775,1.0053211830798223,1.7845656709700424,3.441457177546873,1.0
lead574,674e6f0f529a51f7,lead_release,0.8584688073160995,1.8936211338030522,0.08051521722249626,0.4715088507303408,1.4598808944658768,1.8936211338030522,0.0
lead574,e456e929ecb85b07,human_replay,3.9785722141587705e-08,2.868614690195402e-08,2.8620340268858398e-09,4.628284107460318e-08,9.231757334187046e-08,2.868614690195402e-08,0.0
lead574,e456e929ecb85b07,ignore_all,6.357150638264072,15.918802283198367,1.1890989084888337,3.967229576928604,8.80358511138683,15.918802283198367,1.0
lead574,e456e929ecb85b07,constant_velocity,0.7878274192929319,2.5117949164528257,0.09116787861773694,0.28923165319927796,0.9901848392018715,2.5117949164528257,1.0
lead574,e456e929ecb85b07,timid_creep,1.733978418513772,4.235952759157768,0.4996511023783832,1.0985514110522627,2.2621699806406674,4.235952759157768,1.0
lead574,e456e929ecb85b07,lead_release,0.2870114171282565,0.4444589131650082,0.04760304154505431,0.24284275257545182,0.5137837769867395,0.4444589131650082,0.0
lead574,52b428b6ff135845,human_replay,1.3574078916645238e-07,1.5860643456639272e-07,1.2976734683596702e-08,6.061415388762264e-08,3.0104906128602454e-07,1.5860643456639272e-07,0.0
lead574,52b428b6ff135845,ignore_all,5.974292879374532,13.849495861370322,1.3040091110923508,4.167944324640835,8.390657115198943,13.849495861370322,1.0
lead574,52b428b6ff135845,constant_velocity,1.0558926691097246,2.383723936362541,0.2569669878727965,0.7851506261917345,1.4582865257913782,2.383723936362541,1.0
lead574,52b428b6ff135845,timid_creep,2.849206587952408,5.606545425820781,1.0681769297206407,2.369165326769075,3.8427805179925696,5.606545425820781,1.0
lead574,52b428b6ff135845,lead_release,0.32887005773997724,0.47293006952324984,0.15678505034904866,0.33554325857271927,0.46171354077411436,0.47293006952324984,0.0
lead574,b6247a5245a5554f,human_replay,1.4616894812433442e-07,6.491799558703284e-07,8.656636453533605e-08,4.429906921787524e-08,5.412469298272221e-08,6.491799558703284e-07,0.0
lead574,b6247a5245a5554f,ignore_all,5.698468338398791,13.493438129435868,1.2606104699999379,3.8700453074551424,7.905677825176733,13.493438129435868,1.0
lead574,b6247a5245a5554f,constant_velocity,2.020969578792823,5.327114030711365,0.2661374067804905,1.1238198908607684,2.8638799286748604,5.327114030711365,1.0
lead574,b6247a5245a5554f,timid_creep,4.588859350264069,9.59858226854178,1.3754148957310828,3.6094496244761816,6.393701392734938,9.59858226854178,1.0
lead574,b6247a5245a5554f,lead_release,0.1944333045511501,0.4125330538448176,0.1388353772589715,0.1500123665825214,0.19478256652081619,0.4125330538448176,0.0
lead574,f099b753f4345fb5,human_replay,1.082986424430392e-08,4.905537248528565e-09,8.482196700088468e-09,2.2386641556097e-08,3.3891747145379946e-09,4.905537248528565e-09,0.0
lead574,f099b753f4345fb5,ignore_all,7.496708669731179,17.418758277042798,1.5344367769287242,5.234282964448321,10.601938936366007,17.418758277042798,1.0
lead574,f099b753f4345fb5,constant_velocity,1.8863088913825543,3.979108657104311,0.40983358890368665,1.4867442316972435,2.7417948601254962,3.979108657104311,1.0
lead574,f099b753f4345fb5,timid_creep,3.6136987211267435,7.059086363009875,1.1710414579736454,3.0209238110654053,5.0488971556559585,7.059086363009875,1.0
lead574,f099b753f4345fb5,lead_release,0.23836371755462454,0.32722742606855115,0.028462966051745215,0.249145750017635,0.4073683854700944,0.32722742606855115,0.0
lead574,cf1ad202aadb5ee6,human_replay,4.3956951723941744e-08,2.641805698038773e-08,1.767459211815779e-08,3.52660180440658e-08,7.649984964105323e-08,2.641805698038773e-08,0.0
lead574,cf1ad202aadb5ee6,ignore_all,9.69183008603763,22.118590299989155,1.9831187759452558,6.902386238801683,13.821754250836843,22.118590299989155,1.0
lead574,cf1ad202aadb5ee6,constant_velocity,4.119799936704485,8.810445627934168,0.8607057033575622,3.1676806848762262,6.00881221454064,8.810445627934168,1.0
lead574,cf1ad202aadb5ee6,timid_creep,2.401398324046686,5.689665565798015,0.08946005812605168,1.6080005385189224,3.668282392355639,5.689665565798015,1.0
lead574,cf1ad202aadb5ee6,lead_release,2.971182671990224,5.420187997872023,0.7953806117859465,2.6653235515159013,4.373877065891171,5.420187997872023,1.0
lead574,fb7d83b69f38539f,human_replay,3.060996449202578e-08,5.129615969298953e-08,5.778099778837019e-08,2.737659070019183e-08,3.019126099853272e-08,5.129615969298953e-08,0.0
lead574,fb7d83b69f38539f,ignore_all,9.07972362218623,20.44409092574382,2.0033971413298213,6.636094202471228,12.834715943220392,20.44409092574382,1.0
lead574,fb7d83b69f38539f,constant_velocity,3.48461795962388,7.05944905816276,0.8792427075605904,2.892898691124107,4.993059018100594,7.05944905816276,1.0
lead574,fb7d83b69f38539f,timid_creep,3.3603615081005502,6.838543024941297,0.8240307950240252,2.782445563886195,4.82737928725195,6.838543024941297,1.0
lead574,fb7d83b69f38539f,lead_release,2.8087448174562493,4.85343693423769,0.914135273768765,2.713889334874055,3.977158027942042,4.85343693423769,1.0
lead574,7f62e2a838405444,human_replay,9.192172673657692e-09,1.2364381775993705e-08,1.4390297177964663e-08,8.675373211136809e-09,1.3901287967150498e-08,1.2364381775993705e-08,0.0
lead574,7f62e2a838405444,ignore_all,8.097040399296787,18.205786292549597,1.9380832397476235,5.910020150740669,11.33027947394187,18.205786292549597,1.0
lead574,7f62e2a838405444,constant_velocity,2.487367690927703,4.769169884941604,0.8133109176256116,2.16256408253315,3.471052709636457,4.769169884941604,1.0
lead574,7f62e2a838405444,timid_creep,4.09188251396238,7.621688468531375,1.5263962814123435,3.588812219906321,5.610434923165906,7.621688468531375,1.0
lead574,7f62e2a838405444,lead_release,0.1462540493931172,0.2859768284598246,0.05177382946913619,0.11673217109622053,0.21130458764068413,0.2859768284598246,0.0
lead574,48ee746b1bfb5e7a,human_replay,1.1930450243810304e-08,1.957690897129812e-08,1.745985764649993e-08,7.083408519683658e-09,2.8460374390574384e-08,1.957690897129812e-08,0.0
lead574,48ee746b1bfb5e7a,ignore_all,7.798129161669371,17.772070025882652,1.758636606228034,5.592291968701815,10.958135272469422,17.772070025882652,1.0
lead574,48ee746b1bfb5e7a,constant_velocity,2.1875565849307894,4.331988985446245,0.6338970861720349,1.8446906086175394,3.0978625160033086,4.331988985446245,1.0
lead574,48ee746b1bfb5e7a,timid_creep,3.9305785291602064,7.443118094599526,1.3996779609562873,3.3922504471193933,5.427215815136402,7.443118094599526,1.0
lead574,48ee746b1bfb5e7a,lead_release,0.44007458009691314,0.8927090313847654,0.16115043966551848,0.3583426693578621,0.584611302947515,0.8927090313847654,0.0
lead574,55c604d608af594f,human_replay,2.771493134602721e-07,4.502271304717926e-07,1.8569154425258385e-07,3.613089824313308e-07,4.708350145294452e-07,4.502271304717926e-07,0.0
lead574,55c604d608af594f,ignore_all,9.101494633346123,21.87918921343494,1.838414697479146,6.097849635812244,12.678986737342445,21.87918921343494,1.0
lead574,55c604d608af594f,constant_velocity,4.370904374060827,10.805015009959662,0.8042063598548744,2.8299539743347775,6.073203207269106,10.805015009959662,1.0
lead574,55c604d608af594f,timid_creep,3.8543992447302102,8.120477570168315,0.9103442106281019,3.0790520433119526,5.496299711936564,8.120477570168315,1.0
lead574,55c604d608af594f,lead_release,0.6693792503134006,1.6689401918454383,0.06005631292814888,0.37243076718576107,1.0181226795262979,1.6689401918454383,0.0
lead574,eff63ffe642d5409,human_replay,1.1880008224054743e-07,1.1362611145832898e-07,3.405826665469262e-08,2.1604468498599362e-07,1.6620933513205066e-07,1.1362611145832898e-07,0.0
lead574,eff63ffe642d5409,ignore_all,9.755684529571694,23.260293998814472,1.7637244817957067,6.424546357039257,13.978615268654654,23.260293998814472,1.0
lead574,eff63ffe642d5409,constant_velocity,4.2648724631728285,10.14129417891074,0.6723465458761279,2.754858129560787,6.260017478945241,10.14129417891074,1.0
lead574,eff63ffe642d5409,timid_creep,1.3284873248154436,3.2751630607535187,0.821862827629149,0.848736369968479,1.337900053398967,3.2751630607535187,1.0
lead574,eff63ffe642d5409,lead_release,0.6107799258037818,1.1242587963653186,0.12338802025608579,0.4469914097507254,1.024555861164097,1.1242587963653186,0.0
lead574,15bc35249e5656b6,human_replay,6.130461642580549e-08,9.488935081371403e-08,7.780798495043571e-08,7.600511030792423e-08,1.0121842830712342e-07,9.488935081371403e-08,0.0
lead574,15bc35249e5656b6,ignore_all,9.956765184483402,23.121615161929185,1.887335173585805,6.868634863717789,14.291769261550728,23.121615161929185,1.0
lead574,15bc35249e5656b6,constant_velocity,4.417095280516337,9.900049248853525,0.7772616765442533,3.1536991203989353,6.516416914339424,9.900049248853525,1.0
lead574,15bc35249e5656b6,timid_creep,1.8011472012599712,4.689762167165587,0.44789308165820557,0.7009855180482678,2.658942814896658,4.689762167165587,1.0
lead574,15bc35249e5656b6,lead_release,0.9852171211588586,1.4683066742409843,0.3052725455650572,1.027139509234912,1.4880938920771702,1.4683066742409843,0.0
lead574,184f5d3c75275c6e,human_replay,5.4768849075054836e-08,4.0689513510075135e-09,3.1478862230489526e-08,1.182788798579426e-07,2.639913310739855e-08,4.0689513510075135e-09,0.0
lead574,184f5d3c75275c6e,ignore_all,9.904263458950355,22.391879090790606,2.0843604102371454,7.172058025879101,14.09721161526825,22.391879090790606,1.0
lead574,184f5d3c75275c6e,constant_velocity,4.333518103096758,9.083753257154934,0.9652792303062635,3.438401755559012,6.284667812108415,9.083753257154934,1.0
lead574,184f5d3c75275c6e,timid_creep,2.6209514780581014,5.974561254739383,0.21574040387475024,1.8859945423842865,3.953151210668281,5.974561254739383,1.0
lead574,184f5d3c75275c6e,lead_release,1.0148532649882251,1.49997525025793,0.34597558307971055,1.101249562199732,1.4472709277570672,1.49997525025793,0.0
lead574,3ae409424da65443,human_replay,1.5147021626467775e-08,2.865958105812904e-08,2.806173033734159e-08,1.0367958797407509e-08,2.5115293875602625e-08,2.865958105812904e-08,0.0
lead574,3ae409424da65443,ignore_all,9.101087179618448,20.338676668254834,2.1032685537638858,6.713401034038473,12.815711120352342,20.338676668254834,1.0
lead574,3ae409424da65443,constant_velocity,3.50398042016246,6.946285262623293,0.9796277347562606,2.9695475334081687,4.971321797612119,6.946285262623293,1.0
lead574,3ae409424da65443,timid_creep,3.590605071888629,7.100325197374378,1.0180854669108497,3.0465649965661927,5.086851046556154,7.100325197374378,1.0
lead574,3ae409424da65443,lead_release,0.23889611456787901,0.2519291759332691,0.14985774589827355,0.3098090680430005,0.2798564681017268,0.2519291759332691,0.0
lead574,62fc6bfdfba650ed,human_replay,3.230516176105115e-08,4.5839149485719254e-08,5.725205658075942e-08,1.4385417202560328e-08,1.431968301931705e-08,4.5839149485719254e-08,0.0
lead574,62fc6bfdfba650ed,ignore_all,8.923272198187014,20.269252415366203,1.9997211416883989,6.398262380960308,12.593075046570036,20.269252415366203,1.0
lead574,62fc6bfdfba650ed,constant_velocity,3.329681351856344,6.888907357065101,0.8762428988467519,2.655668015562681,4.75304053017137,6.888907357065101,1.0
lead574,62fc6bfdfba650ed,timid_creep,3.0959707835546237,6.473283644686816,0.7725118113148659,2.4478809472508005,4.441329095152832,6.473283644686816,1.0
lead574,62fc6bfdfba650ed,lead_release,0.3750208072861618,0.6382747267089748,0.07362516710644401,0.39888950648214794,0.5402944290578293,0.6382747267089748,0.0
lead574,8ca47b84db7053a8,human_replay,1.413865345390179e-08,2.4892261494010254e-08,5.51812133540012e-09,1.4691653724373033e-08,1.667939362772222e-08,2.4892261494010254e-08,0.0
lead574,8ca47b84db7053a8,ignore_all,7.849976660163099,17.948488238775514,1.7651363920797005,5.569700220318625,11.03922850979945,17.948488238775514,1.0
lead574,8ca47b84db7053a8,constant_velocity,2.2407340306387185,4.513153649036983,0.640524697057542,1.822325440422618,3.180408048647933,4.513153649036983,1.0
lead574,8ca47b84db7053a8,timid_creep,3.7902522188520353,7.2680391116181,1.3290779135652342,3.1997606846677202,5.24656457555399,7.2680391116181,1.0
lead574,8ca47b84db7053a8,lead_release,0.32189282974396033,0.5329328393010799,0.10898399618376818,0.3544905232194071,0.4352061290239855,0.5329328393010799,0.0
lead574,012ca60989175c54,human_replay,8.964599282124039e-09,6.195872864719391e-09,1.3745471831019827e-08,3.802569192140211e-09,6.435566796261608e-09,6.195872864719391e-09,0.0
lead574,012ca60989175c54,ignore_all,6.959787787456452,16.103954686500227,1.5331905885704564,4.882504097489473,9.763779282692642,16.103954686500227,1.0
lead574,012ca60989175c54,constant_velocity,1.3437709419469923,2.6432754519936092,0.40825569739610257,1.1335812204426776,1.8973079207548735,2.6432754519936092,1.0
lead574,012ca60989175c54,timid_creep,3.9382308477699004,7.457214957174544,1.417365680264924,3.410976281110319,5.442977944942971,7.457214957174544,1.0
lead574,012ca60989175c54,lead_release,0.16985649013174126,0.336422275692512,0.03276045277638612,0.1483287468483598,0.24142345440639598,0.336422275692512,0.0
lead574,46e5a6cf37de5493,human_replay,6.653609013961941e-08,9.817074082658537e-08,1.174981050282836e-07,3.2643352865768445e-08,3.573771287765056e-08,9.817074082658537e-08,0.0
lead574,46e5a6cf37de5493,ignore_all,8.194674479611567,19.89208104305365,1.2535674381929283,5.270989076534985,11.850630279217782,19.89208104305365,1.0
lead574,46e5a6cf37de5493,constant_velocity,2.6154225100469697,6.5501208101866135,0.13214312154047694,1.5327461987417326,4.024946892825677,6.5501208101866135,1.0
lead574,46e5a6cf37de5493,timid_creep,1.685979396515715,4.5772382501993665,0.36443036514278254,0.5479240558486156,2.5455036173907817,4.5772382501993665,1.0
lead574,46e5a6cf37de5493,lead_release,1.9897192171857159,4.460988795751465,0.07949246308396103,1.3159961769658821,3.2393529278510518,4.460988795751465,1.0
lead574,aff4d44c562f5eef,human_replay,2.1581250408841383e-08,4.6429135872734155e-08,5.1783920548284437e-08,1.7138870793592696e-09,1.4302212699351273e-08,4.6429135872734155e-08,0.0
lead574,aff4d44c562f5eef,ignore_all,8.915945501330933,20.016745256474948,1.9738195732998172,6.5334531532623155,12.607398480265173,20.016745256474948,1.0
lead574,aff4d44c562f5eef,constant_velocity,3.3181356525178822,6.622718720504475,0.8494419868675126,2.7894420747113124,4.762441275625821,6.622718720504475,1.0
lead574,aff4d44c562f5eef,timid_creep,3.4511291460921476,6.8591547771055765,0.908548591620419,2.9076571091131105,4.939767506272172,6.8591547771055765,1.0
lead574,aff4d44c562f5eef,lead_release,2.5746520173305605,4.281294090216612,0.7872521188906418,2.504379415529363,3.778507515689833,4.281294090216612,1.0
lead574,1517632ca5a8577b,human_replay,2.8220500236450625e-08,2.1761250518925608e-09,2.476184525785064e-08,1.636853984497482e-08,3.140998397531885e-08,2.1761250518925608e-09,0.0
lead574,1517632ca5a8577b,ignore_all,8.687310769136271,19.662278630883463,1.9360817002973372,6.286465715992351,12.261802262478868,19.662278630883463,1.0
lead574,1517632ca5a8577b,constant_velocity,3.0870722949390834,6.259810581058859,0.8115774062262863,2.541675163600561,4.413889383843871,6.259810581058859,1.0
lead574,1517632ca5a8577b,timid_creep,3.4668216307698487,6.934921853151424,0.9803555066423474,2.879228053109959,4.920222263262733,6.934921853151424,1.0
lead574,1517632ca5a8577b,lead_release,0.08567089509349839,0.03809235129413005,0.05056858735416624,0.15233379781416903,0.11455146871752736,0.03809235129413005,0.0
lead574,2469647d2d055825,human_replay,8.343674509117013e-09,7.533134828185422e-09,2.486688743972249e-09,8.680817955963472e-09,5.045249337761207e-09,7.533134828185422e-09,0.0
lead574,2469647d2d055825,ignore_all,7.640358901238361,17.394837923014006,1.7336681935155762,5.491352153110608,10.71556284565486,17.394837923014006,1.0
lead574,2469647d2d055825,constant_velocity,2.0280428000389197,3.9483826149582453,0.6087866958469371,1.7432593991653278,2.853285831709563,3.9483826149582453,1.0
lead574,2469647d2d055825,timid_creep,4.003945549555095,7.525213386421229,1.4411807937341723,3.490452173294992,5.515299140084943,7.525213386421229,1.0
lead574,2469647d2d055825,lead_release,0.20125718460928305,0.3116010438691454,0.11858555541313125,0.18921822565701682,0.26853821559495883,0.3116010438691454,0.0
lead574,69bcdc8c577252f4,human_replay,2.8673813486329776e-08,5.0242907660173014e-08,2.341621923907515e-08,2.3747696589228382e-08,6.337516338164831e-09,5.0242907660173014e-08,0.0
lead574,69bcdc8c577252f4,ignore_all,8.22750190093303,18.89745365214216,1.8210905638400416,5.791418481670294,11.591634698452665,18.89745365214216,1.0
lead574,69bcdc8c577252f4,constant_velocity,2.625198807066572,5.487557563840491,0.6965038012749148,2.0460446049493797,3.7412277978722717,5.487557563840491,1.0
lead574,69bcdc8c577252f4,timid_creep,3.238678213170568,6.578204637486501,0.9691676475424189,2.591351576824476,4.559201616499114,6.578204637486501,1.0
lead574,69bcdc8c577252f4,lead_release,0.23623292080233463,0.47629600634506053,0.01468134530065312,0.20624580627031833,0.3709225616152605,0.47629600634506053,0.0
lead574,08e2e519ac1e5226,human_replay,1.9882790492539917e-08,1.698400870750113e-08,1.7058810141058974e-08,2.8708978683031777e-08,2.8088513672800687e-08,1.698400870750113e-08,0.0
lead574,08e2e519ac1e5226,ignore_all,7.469627189658483,17.249934773876625,1.642652382605661,5.220449097358485,10.510047253503346,17.249934773876625,1.0
lead574,08e2e519ac1e5226,constant_velocity,1.8582239228348536,3.8064399916085563,0.517978808865375,1.4728321303454979,2.6487831552441143,3.8064399916085563,1.0
lead574,08e2e519ac1e5226,timid_creep,3.7260131497875824,7.167212197833595,1.319346402055344,3.127235403110189,5.156420862003361,7.167212197833595,1.0
lead574,08e2e519ac1e5226,lead_release,0.36256469560067894,0.5859643872586378,0.11251205524558835,0.4033284121160995,0.4961580860372297,0.5859643872586378,0.0
lead574,864b2d366f575b14,human_replay,6.425363586441438e-08,5.1194410443518713e-08,6.835473918670926e-08,6.252416270871058e-08,1.1795729707032271e-07,5.1194410443518713e-08,0.0
lead574,864b2d366f575b14,ignore_all,9.890001087203682,22.791450665222875,2.0259115011801923,6.869003068528289,14.11726755030386,22.791450665222875,1.0
lead574,864b2d366f575b14,constant_velocity,4.334893873671289,9.538813513420367,0.9041867653558886,3.140629375328705,6.326335924356343,9.538813513420367,1.0
lead574,864b2d366f575b14,timid_creep,1.8860110729677109,4.936407395806879,0.18214280378637177,0.8824572404781783,2.89605119108086,4.936407395806879,1.0
lead574,864b2d366f575b14,lead_release,0.07990316579323838,0.15183613418236533,0.05421606155609907,0.12315498336900772,0.045097229826850875,0.15183613418236533,0.0
lead574,797606b9788852f2,human_replay,3.0938333279837715e-08,2.453914708725163e-08,2.0110337045853415e-09,5.388971386076476e-08,1.0316050142337675e-08,2.453914708725163e-08,0.0
lead574,797606b9788852f2,ignore_all,9.264494045192201,21.118277176920593,1.9339322978860296,6.621015380020213,13.174352897919325,21.118277176920593,1.0
lead574,797606b9788852f2,constant_velocity,3.6788957664952164,7.765978276724063,0.8101724705767284,2.8810509642555866,5.344514723076832,7.765978276724063,1.0
lead574,797606b9788852f2,timid_creep,2.7828083632663843,6.172495882251184,0.41183898059700097,2.084318743777323,4.1494066298298335,6.172495882251184,1.0
lead574,797606b9788852f2,lead_release,0.2382269648073545,0.4116559560670689,0.09452870822618677,0.24142733815251177,0.30887125438148716,0.4116559560670689,0.0
lead574,0c136e28e54f58b6,human_replay,1.2038709488409398e-08,4.28878569266563e-09,8.63569145136796e-09,2.28952054391063e-08,2.191935778270662e-08,4.28878569266563e-09,0.0
lead574,0c136e28e54f58b6,ignore_all,8.628245049893685,19.471061772123395,1.9210548462832149,6.287536720234576,12.164939211254786,19.471061772123395,1.0
lead574,0c136e28e54f58b6,constant_velocity,3.025991517550714,6.061441967658487,0.7965132879924461,2.5421205850368964,4.314566066960513,6.061441967658487,1.0
lead574,0c136e28e54f58b6,timid_creep,3.628798909086142,7.1331101148851,1.0644114273417593,3.077954580846677,5.118317028648207,7.1331101148851,1.0
lead574,0c136e28e54f58b6,lead_release,0.05546378316742655,0.15645673769922122,0.029148633076029523,0.00872449637521694,0.06579140042163126,0.15645673769922122,0.0
lead574,048c19bd1b5954b3,human_replay,6.212828341551837e-09,4.624034199522387e-09,1.2099082674063728e-08,5.365046336417959e-09,1.62234904976839e-09,4.624034199522387e-09,0.0
lead574,048c19bd1b5954b3,ignore_all,7.71770800160184,17.434373457091883,1.8513299397248453,5.593632355439862,10.785131330498697,17.434373457091883,1.0
lead574,048c19bd1b5954b3,constant_velocity,2.1050040154759437,3.986489427499763,0.726439447085434,1.8454282722480753,2.9224040832587055,3.986489427499763,1.0
lead574,048c19bd1b5954b3,timid_creep,4.135691843477957,7.672881709778798,1.574484391507925,3.6395884056524808,5.662682081714413,7.672881709778798,1.0
lead574,048c19bd1b5954b3,lead_release,0.08760557834077347,0.21203270738451951,0.04570145431198001,0.028934854589346286,0.1256284757777113,0.21203270738451951,0.0
lead574,8b7d99b5ae2a5219,human_replay,4.6759496593702864e-08,2.0352283313274643e-08,4.806154164419281e-08,7.922388252065869e-08,3.230889028028938e-08,2.0352283313274643e-08,0.0
lead574,8b7d99b5ae2a5219,ignore_all,9.86909292351875,22.839394148509655,1.9094779731927063,6.837442229250809,14.143658238644717,22.839394148509655,1.0
lead574,8b7d99b5ae2a5219,constant_velocity,4.3154989877442835,9.591443258345874,0.7878378346413845,3.1097533263215387,6.354666456190652,9.591443258345874,1.0
lead574,8b7d99b5ae2a5219,timid_creep,1.8591028273196113,4.886213181080399,0.3129256453291285,0.8079840521014264,2.8510129501292227,4.886213181080399,1.0
lead574,8b7d99b5ae2a5219,lead_release,0.4369955358805573,0.6839026191173979,0.1370731729514631,0.5074010089510625,0.5949794035630865,0.6839026191173979,0.0
lead574,14cb24f3f9fc51c8,human_replay,3.8259213385624267e-08,4.93258347782434e-08,3.768528221857706e-08,5.466956681670788e-08,3.462479480692757e-08,4.93258347782434e-08,0.0
lead574,14cb24f3f9fc51c8,ignore_all,9.622098176326341,21.789399138612897,2.018125580153959,6.967157589552991,13.685184275130078,21.789399138612897,1.0
lead574,14cb24f3f9fc51c8,constant_velocity,4.04234952506992,8.456213561923674,0.8948824442304806,3.2292787703111516,5.862547838056177,8.456213561923674,1.0
lead574,14cb24f3f9fc51c8,timid_creep,2.7635027158404015,6.161543266282416,0.32186665730949665,2.081996633976475,4.141551099765518,6.161543266282416,1.0
lead574,14cb24f3f9fc51c8,lead_release,0.14351313629718204,0.2751372176321871,0.04855701235087644,0.13217212068817136,0.1823206265273617,0.2751372176321871,0.0
lead574,e516528c577453a7,human_replay,1.1513329623227825e-08,1.4768189176094205e-08,7.235318445755211e-09,1.460215433582935e-09,1.614903927387533e-08,1.4768189176094205e-08,0.0
lead574,e516528c577453a7,ignore_all,8.909960220146916,19.9253717566405,2.072307155001593,6.5637407678442905,12.529969589747123,19.9253717566405,1.0
lead574,e516528c577453a7,constant_velocity,3.309661502151361,6.522663228705312,0.9478408809075299,2.8189135448189013,4.681964995288777,6.522663228705312,1.0
lead574,e516528c577453a7,timid_creep,3.6964862284705053,7.210359891650302,1.1197534363702006,3.1627617754849155,5.197737703853385,7.210359891650302,1.0
lead574,e516528c577453a7,lead_release,0.1805891659118788,0.351556043141032,0.07599705941355332,0.15043446242122138,0.24182183923654016,0.351556043141032,0.0
lead574,282855be37635ecc,human_replay,2.302766214825414e-09,2.6426788302147756e-09,2.2457413575921773e-09,1.841939342855287e-09,1.0610515283042102e-09,2.6426788302147756e-09,0.0
lead574,282855be37635ecc,ignore_all,7.70508227786307,17.350644056945516,1.8988445963813114,5.594679372317434,10.74248596738554,17.350644056945516,1.0
lead574,282855be37635ecc,constant_velocity,2.0919098858654617,3.900979378787648,0.7739361335213039,1.846366333137984,2.8792313701539514,3.900979378787648,1.0
lead574,282855be37635ecc,timid_creep,4.1943064845534845,7.730782498903386,1.6424772657405353,3.7019930639476475,5.721944535974648,7.730782498903386,1.0
lead574,282855be37635ecc,lead_release,0.14121170092378174,0.32312964251178267,0.00607204763220284,0.10198251108837961,0.2134453496526019,0.32312964251178267,0.0
lead574,69e3344606a55c73,human_replay,1.5423673462766393e-07,4.397745546143438e-07,1.554421622900867e-08,3.0480354641698786e-08,2.1868630170782616e-07,4.397745546143438e-07,0.0
lead574,69e3344606a55c73,ignore_all,2.305154134824056,5.850077387201485,0.38433106655997296,1.4101871477337626,3.2140634446665084,5.850077387201485,1.0
lead574,69e3344606a55c73,constant_velocity,4.59076953188601,10.411906438673556,0.9132930096940864,3.27681352857707,6.58282893965474,10.411906438673556,1.0
lead574,69e3344606a55c73,timid_creep,3.0632135405958056,7.597073127149347,0.29814377669536357,1.8925492938663497,4.482910597793037,7.597073127149347,1.0
lead574,69e3344606a55c73,lead_release,0.3897356700876756,0.41229327369125024,0.29478813162422296,0.6669763415924568,0.3654380214748397,0.41229327369125024,0.0
lead574,a1d40a879acc5165,human_replay,5.2710739541457084e-08,1.0069496516903308e-07,8.318806025425726e-10,3.910889914874258e-08,3.9704359183641575e-08,1.0069496516903308e-07,0.0
lead574,a1d40a879acc5165,ignore_all,8.588640070158087,20.362031207847426,1.6526201565284442,5.710784483125751,12.224634637862945,20.362031207847426,1.0
lead574,a1d40a879acc5165,constant_velocity,3.0090728005619245,7.0298358194018125,0.5292373238098523,1.972961035816731,4.402405773039738,7.0298358194018125,1.0
lead574,a1d40a879acc5165,timid_creep,1.7368670602243996,4.701636312209585,0.05356263542176546,0.8088547499357954,2.656292031722138,4.701636312209585,1.0
lead574,a1d40a879acc5165,lead_release,0.20112399590912083,0.42553038797448706,0.02234425405173669,0.09591044222735835,0.35582965731285227,0.42553038797448706,0.0
lead574,aefbf6f8b9fe5824,human_replay,6.204776578354553e-08,8.770563397032015e-08,2.3254067767625315e-08,4.413806161833053e-08,7.643981136423313e-08,8.770563397032015e-08,0.0
lead574,aefbf6f8b9fe5824,ignore_all,8.629394050453342,20.09553261109048,1.684564140877281,5.955552290698998,12.307389302686104,20.09553261109048,1.0
lead574,aefbf6f8b9fe5824,constant_velocity,3.038847748407929,6.7265636615160505,0.560584858807147,2.213880048738621,4.471404357208415,6.7265636615160505,1.0
lead574,aefbf6f8b9fe5824,timid_creep,2.5214249237998714,5.806659773861682,0.33068181866488605,1.7539304375780835,3.781480202296459,5.806659773861682,1.0
lead574,aefbf6f8b9fe5824,lead_release,0.15418202036603448,0.2027142034627318,0.01680034930840514,0.1617755744044152,0.27710593221519914,0.2027142034627318,0.0
lead574,bc8d053770cf5449,human_replay,3.290245371986564e-08,3.016394459385167e-08,8.929765108573402e-09,3.446516682558733e-08,5.849804840957128e-08,3.016394459385167e-08,0.0
lead574,bc8d053770cf5449,ignore_all,8.46766987626634,19.3605544434013,1.7829111438156213,6.047483385572865,11.993291307332727,19.3605544434013,1.0
lead574,bc8d053770cf5449,constant_velocity,2.866742407351208,5.955558750542189,0.658377575533121,2.3025228919381147,4.14452818079922,5.955558750542189,1.0
lead574,bc8d053770cf5449,timid_creep,3.324260267642594,6.768940702600139,0.8617238562001556,2.709199620589125,4.754560336875508,6.768940702600139,1.0
lead574,bc8d053770cf5449,lead_release,0.20347765466240728,0.35857011219684315,0.13945715989142907,0.15864893745597217,0.243446826728094,0.35857011219684315,0.0
lead574,bd2591ae189c5a38,human_replay,2.069356922288123e-08,2.194921427107288e-08,2.817432438994403e-08,2.0136464514123077e-08,2.792974921304005e-08,2.194921427107288e-08,0.0
lead574,bd2591ae189c5a38,ignore_all,7.836351226340977,17.819604227936278,1.7719822103029255,5.645897500457626,11.007172035299606,17.819604227936278,1.0
lead574,bd2591ae189c5a38,constant_velocity,2.2258814170932615,4.379783518916474,0.6473286075200926,1.8983412093472147,3.1469830650463635,4.379783518916474,1.0
lead574,bd2591ae189c5a38,timid_creep,3.959577997349525,7.472314624327199,1.4103808058154006,3.4379115177801554,5.4630496830818585,7.472314624327199,1.0
lead574,bd2591ae189c5a38,lead_release,0.12912772523887203,0.277135814505787,0.049917525596466956,0.07853135272298735,0.17194919058834196,0.277135814505787,0.0
lead574,b664ff6d2c185e31,human_replay,1.6504731357946737e-09,1.9611129063162566e-09,4.437686405112299e-09,7.949427245775008e-10,6.150180024255698e-10,1.9611129063162566e-09,0.0
lead574,b664ff6d2c185e31,ignore_all,6.937177578842597,15.924918538514762,1.6093773103424962,4.915603943345386,9.685081438168712,15.924918538514762,1.0
lead574,b664ff6d2c185e31,constant_velocity,1.320536185499256,2.4610822677874578,0.48480807589866187,1.166680944863339,1.8178070847273038,2.4610822677874578,1.0
lead574,b664ff6d2c185e31,timid_creep,4.08090405016714,7.607139544433933,1.5410025926589144,3.586297020035012,5.600663253012017,7.607139544433933,1.0
lead574,b664ff6d2c185e31,lead_release,0.11972408785795553,0.26448312993601003,0.023651007126440422,0.08471556277182204,0.17457731879925192,0.26448312993601003,0.0
lead574,846863e9cd7059c5,human_replay,5.1619685287011976e-08,9.843579550455276e-08,3.0856246949415296e-08,8.692934700471089e-08,7.505204421958948e-08,9.843579550455276e-08,0.0
lead574,846863e9cd7059c5,ignore_all,10.255657066950171,23.281080055031754,2.0618001926574183,7.334518420732581,14.697686903974686,23.281080055031754,1.0
lead574,846863e9cd7059c5,constant_velocity,4.705433812414819,10.043272428149823,0.9409912698971137,3.6083339465656157,6.912829894635896,10.043272428149823,1.0
lead574,846863e9cd7059c5,timid_creep,2.1047025813924614,5.117250874277555,0.19759857486339977,1.2126096187410527,3.251468416001263,5.117250874277555,1.0
lead574,846863e9cd7059c5,lead_release,0.08069264691628912,0.28607546900618996,0.05357643149939173,0.07996220353481813,0.028234644584640273,0.28607546900618996,0.0
lead574,6d8767e46d975896,human_replay,2.7693955618558196e-08,1.0856396634585548e-08,4.904581755707444e-08,7.457665513412703e-09,2.345102308201579e-08,1.0856396634585548e-08,0.0
lead574,6d8767e46d975896,ignore_all,9.576092714892592,21.029717045455953,2.1417948502096618,7.123245366510744,13.683163903254904,21.029717045455953,1.0
lead574,6d8767e46d975896,constant_velocity,3.9922759434748105,7.682915544920867,1.0185517389009147,3.383899373614701,5.855380678244084,7.682915544920867,1.0
lead574,6d8767e46d975896,timid_creep,2.9794784685444515,5.881185150343172,0.5687903459601612,2.4830682910023065,4.504084361325232,5.881185150343172,1.0
lead574,6d8767e46d975896,lead_release,0.3377772348932203,1.0443988323176825,0.11477014592571985,0.22983785934294126,0.31432314544753454,1.0443988323176825,0.0
lead574,638b83e65dd259f8,human_replay,1.9942480455838544e-08,7.993608230047251e-09,8.95490635941206e-09,5.122837084493865e-08,3.6195296511298286e-08,7.993608230047251e-09,0.0
lead574,638b83e65dd259f8,ignore_all,6.35071002972374,15.525821807188818,1.1206310903319376,4.049758349454564,9.016893598265028,15.525821807188818,1.0
lead574,638b83e65dd259f8,constant_velocity,0.7434098086646221,2.0728666952496457,0.020933985107507484,0.3039620721772529,1.153276731440814,2.0728666952496457,1.0
lead574,638b83e65dd259f8,timid_creep,2.995818036415776,6.215835403910015,0.9090771924715588,2.291386926591586,4.219305483585407,6.215835403910015,1.0
lead574,638b83e65dd259f8,lead_release,0.9129749427400413,1.3530549600229125,0.35572346603650373,1.022123424387001,1.2304657429102925,1.3530549600229125,0.0
lead574,2f7190c1da685537,human_replay,2.5718102104054856e-08,9.094106766754231e-10,2.7799117637306564e-08,3.676734692057916e-08,4.4108708404654156e-08,9.094106766754231e-10,0.0
lead574,2f7190c1da685537,ignore_all,6.765505191087151,16.154273869610858,1.2431493271423457,4.527200278849333,9.605697796942675,16.154273869610858,1.0
lead574,2f7190c1da685537,constant_velocity,1.153256718610846,2.702893067241563,0.12147172176764075,0.7797527563741465,1.7423074171350237,2.702893067241563,1.0
lead574,2f7190c1da685537,timid_creep,3.3388837034118506,6.701639645848553,1.0110200197244996,2.707037765244707,4.705499465455248,6.701639645848553,1.0
lead574,2f7190c1da685537,lead_release,0.5198319015490023,0.8188113159969784,0.19902058036859874,0.5494021498274069,0.6884962325656099,0.8188113159969784,0.0
lead574,9ecb100495a5584e,human_replay,1.6201409677597236e-08,1.4327764547796471e-08,8.25902818815289e-09,1.5097743554126788e-08,2.952939096081072e-08,1.4327764547796471e-08,0.0
lead574,9ecb100495a5584e,ignore_all,6.935393500993767,16.252640871612183,1.38120787148374,4.806121451452129,9.792322567631556,16.252640871612183,1.0
lead574,9ecb100495a5584e,constant_velocity,1.321578075506762,2.7974570771676506,0.25788582344909505,1.0579400889811545,1.9276656523777875,2.7974570771676506,1.0
lead574,9ecb100495a5584e,timid_creep,3.667474850257467,7.115686270106609,1.1946692267729322,3.1225700611440823,5.119142405539372,7.115686270106609,1.0
lead574,9ecb100495a5584e,lead_release,0.34887757830558014,0.5940232307213156,0.13463246239501453,0.3261194942644733,0.4647477940357832,0.5940232307213156,0.0
lead574,3fb200a0fddb5c8e,human_replay,6.079452492287968e-08,4.5105851815440024e-08,8.129179571717613e-08,6.07009547853872e-08,1.5615866747641158e-08,4.5105851815440024e-08,0.0
lead574,3fb200a0fddb5c8e,ignore_all,9.191390752471426,21.456434362905238,1.8778175366986034,6.272896025092275,13.054642484142656,21.456434362905238,1.0
lead574,3fb200a0fddb5c8e,constant_velocity,3.622910557851357,8.159668266628012,0.7560070824869508,2.539367985588048,5.246177200385287,8.159668266628012,1.0
lead574,3fb200a0fddb5c8e,timid_creep,1.751673620247563,4.69285479460601,0.12221607313019052,0.8068449878412177,2.6461813313806144,4.69285479460601,1.0
lead574,3fb200a0fddb5c8e,lead_release,0.3127084933007439,0.5798589225956476,0.05960893507892349,0.29042722249544345,0.47051695252443637,0.5798589225956476,0.0
lead574,3420dd4340635018,human_replay,5.540450720045206e-08,1.4661807498795689e-08,1.4795905663090192e-08,1.1545206412850624e-07,8.725114417340697e-08,1.4661807498795689e-08,0.0
lead574,3420dd4340635018,ignore_all,6.5606257452903325,16.260864031838498,1.0647784980356252,4.1353923354590005,9.315323150169393,16.260864031838498,1.0
lead574,3420dd4340635018,constant_velocity,0.9989851005903132,2.861144770838609,0.0653949830393469,0.41558398350924425,1.4847856877999124,2.861144770838609,1.0
lead574,3420dd4340635018,timid_creep,1.70963359475508,4.181323902639862,0.2724597457421983,1.06058774160724,2.4688547321506684,4.181323902639862,1.0
lead574,3420dd4340635018,lead_release,2.919859776987293,8.225505737121635,0.10751484439907952,1.3982782702320125,4.266507077666774,8.225505737121635,1.0
lead574,3e09a3c33726545c,human_replay,5.220149176220454e-08,3.194273356576789e-08,5.126721897807942e-08,8.321235875301186e-08,9.846517715899218e-09,3.194273356576789e-08,0.0
lead574,3e09a3c33726545c,ignore_all,7.202042435813903,17.28095803238443,1.299266778596521,4.776877210190755,10.224478358845591,17.28095803238443,1.0
lead574,3e09a3c33726545c,constant_velocity,1.6040521941506123,3.8767922030235074,0.17511774900465057,1.0380051865648234,2.3793946679815887,3.8767922030235074,1.0
lead574,3e09a3c33726545c,timid_creep,2.179799962540739,4.901973694005795,0.4314335575929392,1.5484869575401667,3.1476247829363344,4.901973694005795,1.0
lead574,3e09a3c33726545c,lead_release,2.9422345382870567,7.959600176588422,0.17736481931256334,1.5368278800204245,4.304662646830187,7.959600176588422,1.0
lead574,182fe7c6dd5b5e44,human_replay,5.4591765568079135e-08,5.910044222217725e-08,2.3520706150598393e-08,4.4770413896519305e-08,9.362979511875121e-08,5.910044222217725e-08,0.0
lead574,182fe7c6dd5b5e44,ignore_all,7.4573260917854185,17.44005219930041,1.5068540622269384,5.134975300393478,10.564880405665278,17.44005219930041,1.0
lead574,182fe7c6dd5b5e44,constant_velocity,1.854551675331761,4.024136595696281,0.38291083891619393,1.391506948219118,2.7136381482754213,4.024136595696281,1.0
lead574,182fe7c6dd5b5e44,timid_creep,2.731800486462626,5.584478640399135,0.7726787776731133,2.170736736831909,3.8836474720421132,5.584478640399135,1.0
lead574,182fe7c6dd5b5e44,lead_release,4.187141140016337,10.130958138646228,0.6275384770235363,2.715803307288993,6.09433696998123,10.130958138646228,1.0
lead574,0e3f26bc3e1056ba,human_replay,5.13397384858298e-08,4.116639041396736e-08,3.368815870332594e-08,1.298546774821998e-08,7.327207777383643e-08,4.116639041396736e-08,0.0
lead574,0e3f26bc3e1056ba,ignore_all,8.649909514338328,20.38560848376413,1.7897046085678512,5.83436721300914,12.20650170715906,20.38560848376413,1.0
lead574,0e3f26bc3e1056ba,constant_velocity,3.0716829698420742,7.057885317090043,0.6663659780587904,2.0970776598691097,4.386033209810532,7.057885317090043,1.0
lead574,0e3f26bc3e1056ba,timid_creep,1.6968514466979854,4.577005358270824,0.04630627038484713,0.8567140343208177,2.525467227682374,4.577005358270824,1.0
lead574,0e3f26bc3e1056ba,lead_release,0.5694864291830829,1.0114974066118316,0.08246834620852166,0.5341312653625239,0.9074865165243926,1.0114974066118316,0.0
lead574,a988872adfe45a71,human_replay,6.403884765861866e-08,1.1572760942333051e-07,1.1470613676828897e-08,9.893067300618213e-08,8.620073024242353e-08,1.1572760942333051e-07,0.0
lead574,a988872adfe45a71,ignore_all,8.2630845777144,19.410743791675422,1.6462620530080536,5.584323963527791,11.747722027801187,19.410743791675422,1.0
lead574,a988872adfe45a71,constant_velocity,2.668826952162554,6.029074741755627,0.5220311125783123,1.8414135440241561,3.9071425187549007,6.029074741755627,1.0
lead574,a988872adfe45a71,timid_creep,2.466948597308101,5.670171819547518,0.4323067115771864,1.6619624410312523,3.6379669311579734,5.670171819547518,1.0
lead574,a988872adfe45a71,lead_release,0.48241822621892494,0.7893112775842985,0.147745089689219,0.5176057028820611,0.6758034816205363,0.7893112775842985,0.0
lead574,aa84169dd1f3538d,human_replay,2.8873682167097236e-08,4.367471515575227e-08,1.1913534746374022e-08,8.689921730007307e-09,3.6901132622414537e-08,4.367471515575227e-08,0.0
lead574,aa84169dd1f3538d,ignore_all,8.145809010298795,18.867711666932568,1.6622584971599463,5.678628131443062,11.562661027078333,18.867711666932568,1.0
lead574,aa84169dd1f3538d,constant_velocity,2.543461172409454,5.457759687606979,0.5377109370178685,1.933197067643011,3.7121799672328826,5.457759687606979,1.0
lead574,aa84169dd1f3538d,timid_creep,3.1570794153716863,6.548645089856547,0.8104117513838565,2.478635710280443,4.530342674027951,6.548645089856547,1.0
lead574,aa84169dd1f3538d,lead_release,0.3363766727311387,0.5384391166589948,0.1281221334223933,0.3659024850346669,0.4385980624970957,0.5384391166589948,0.0
lead574,8777c80c80ad53e8,human_replay,1.2988602931856546e-08,1.9058879323568965e-09,1.3105526455711967e-08,2.0237100991240012e-08,7.510574698208208e-09,1.9058879323568965e-09,0.0
lead574,8777c80c80ad53e8,ignore_all,7.799958427294063,17.89603555704723,1.657229808060928,5.55837937525759,11.00489946259816,17.89603555704723,1.0
lead574,8777c80c80ad53e8,constant_velocity,2.1905151023007705,4.460223104620201,0.5324343499051932,1.8109534898889623,3.1459037667722156,4.460223104620201,1.0
lead574,8777c80c80ad53e8,timid_creep,3.759376037744426,7.249396696982813,1.2297023726102148,3.2055391191840443,5.237783966003596,7.249396696982813,1.0
lead574,8777c80c80ad53e8,lead_release,0.30680966831262746,0.4687231788592826,0.18808682042451794,0.3006090081086548,0.38001793079079804,0.4687231788592826,0.0
lead574,7b29ee091c295f7a,human_replay,6.875126592252453e-09,1.365439873121111e-08,7.150788549231969e-09,5.513726970838705e-09,6.014635024354894e-09,1.365439873121111e-08,0.0
lead574,7b29ee091c295f7a,ignore_all,7.265818450435368,16.63315812827379,1.6508869887098345,5.184028216295159,10.176512839107712,16.63315812827379,1.0
lead574,7b29ee091c295f7a,constant_velocity,1.6510402214504463,3.177149979465957,0.5260885774875582,1.4353950421136805,2.3113989647068633,3.177149979465957,1.0
lead574,7b29ee091c295f7a,timid_creep,4.02496908026691,7.55009607188783,1.4720899392485203,3.5237627328017442,5.542062599209829,7.55009607188783,1.0
lead574,7b29ee091c295f7a,lead_release,0.20354230611259402,0.36770017442089376,0.09259919460494752,0.17170502109414162,0.27193639682181686,0.36770017442089376,0.0
lead574,ec8eced041bb5ad5,human_replay,2.5158311632017395e-08,2.779534852922742e-08,4.4755900796371717e-08,2.9715032945307045e-08,1.410549310076982e-09,2.779534852922742e-08,0.0
lead574,ec8eced041bb5ad5,ignore_all,8.785856206958616,20.286019162193398,1.793800796108607,6.135902949867068,12.494098985199406,20.286019162193398,1.0
lead574,ec8eced041bb5ad5,constant_velocity,3.195609218266848,6.91766907430591,0.670100872916111,2.3944037533678078,4.6583505862073755,6.91766907430591,1.0
lead574,ec8eced041bb5ad5,timid_creep,2.6637207251585466,5.971828764849875,0.43393589269415367,1.92153021251841,3.948976327771851,5.971828764849875,1.0
lead574,ec8eced041bb5ad5,lead_release,0.07979764485029049,0.0496768580215151,0.041326601541825936,0.11438486105813396,0.11936299020231528,0.0496768580215151,0.0
lead574,7d930b1f5365521f,human_replay,2.4559972231636628e-08,1.197903722994701e-08,8.749676314751362e-09,5.8666772964159246e-08,5.693110881662485e-08,1.197903722994701e-08,0.0
lead574,7d930b1f5365521f,ignore_all,8.405228636995613,19.17095429933842,1.8110019291644022,6.021347942954967,11.880018400424941,19.17095429933842,1.0
lead574,7d930b1f5365521f,constant_velocity,2.802736645865916,5.760304874593134,0.6865739806102931,2.2758527787459295,4.029297412488269,5.760304874593134,1.0
lead574,7d930b1f5365521f,timid_creep,3.4389028829154578,6.891326544796069,0.9692501906885713,2.841361505075779,4.877563163395084,6.891326544796069,1.0
lead574,7d930b1f5365521f,lead_release,0.05744184707487296,0.12876528162535594,0.03389121764164523,0.03345143092650233,0.06465113632122176,0.12876528162535594,0.0
lead574,f9de30ccbddd50dc,human_replay,1.2500930542748095e-08,8.966812147302858e-09,2.3034754455574535e-08,1.1139273760615007e-08,1.0225285487544136e-08,8.966812147302858e-09,0.0
lead574,f9de30ccbddd50dc,ignore_all,7.7441926971484305,17.609069193507445,1.767527315377362,5.57266873438822,10.863405153359379,17.609069193507445,1.0
lead574,f9de30ccbddd50dc,constant_velocity,2.1327174984191863,4.165819656874833,0.6426581667143941,1.8247478411996645,3.002091990476405,4.165819656874833,1.0
lead574,f9de30ccbddd50dc,timid_creep,3.9873990542291216,7.50020392885975,1.440421762267425,3.4680537682720223,5.490936382456818,7.50020392885975,1.0
lead574,f9de30ccbddd50dc,lead_release,0.09503437359877821,0.21309843586022598,0.019326899826584275,0.06463827873233455,0.13635163110290363,0.21309843586022598,0.0
lead574,69ad18166f085da8,human_replay,4.882900853192959e-08,1.0326718348352314e-07,1.811016221508902e-08,6.553952983806783e-08,5.396417230287745e-08,1.0326718348352314e-07,0.0
lead574,69ad18166f085da8,ignore_all,5.953991811518935,14.985599801146998,1.1140422588588335,3.7075559843424646,8.205388648764087,14.985599801146998,1.0
lead574,69ad18166f085da8,constant_velocity,0.3691663994062149,1.5522665319452278,0.013630312324917106,0.04148470137161083,0.34726346460158375,1.5522665319452278,0.0
lead574,69ad18166f085da8,timid_creep,1.810015664919164,4.1564166917802075,0.6402958240033654,1.2624149600921617,2.300303807994596,4.1564166917802075,1.0
lead574,69ad18166f085da8,lead_release,0.8942535836949048,1.5689621326177072,0.20926017510097975,0.7519697357957016,1.4301037863868404,1.5689621326177072,0.0
lead574,c0b8f52197ac558c,human_replay,6.70719744690879e-08,4.405775530640265e-08,2.6310451670243526e-08,9.615492251051054e-08,9.929759477647455e-08,4.405775530640265e-08,0.0
lead574,c0b8f52197ac558c,ignore_all,6.295321176829637,15.787622162331065,1.114646964208754,3.8569954472204206,8.832593878512986,15.787622162331065,1.0
lead574,c0b8f52197ac558c,constant_velocity,0.6934981525019386,2.3557913431740367,0.015794932728858072,0.1107939377517447,0.9748979743506812,2.3557913431740367,1.0
lead574,c0b8f52197ac558c,timid_creep,2.0915900146682214,4.852925829379418,0.6141929121691657,1.358474893943262,2.847733700005439,4.852925829379418,1.0
lead574,c0b8f52197ac558c,lead_release,0.980861023136228,1.5711959734080119,0.2644989410738513,0.9686894841630126,1.4891745973606818,1.5711959734080119,0.0
lead574,25cdf7dee0d25a66,human_replay,5.0904601524945486e-08,8.145393228173316e-08,2.5939787041186892e-08,4.3728053738004e-08,4.756455320074895e-09,8.145393228173316e-08,0.0
lead574,25cdf7dee0d25a66,ignore_all,6.7401711392394414,16.59994857939405,1.1526643727851824,4.218015264957402,9.589791721952142,16.59994857939405,1.0
lead574,25cdf7dee0d25a66,constant_velocity,1.1343846349762925,3.1697760862439197,0.036515931984745904,0.47102814347132815,1.7326262119162912,3.1697760862439197,1.0
lead574,25cdf7dee0d25a66,timid_creep,2.469957759256858,5.547917196169372,0.6226312623039486,1.6600719388535974,3.516220130663065,5.547917196169372,1.0
lead574,25cdf7dee0d25a66,lead_release,0.6750543822593018,0.9826914886296916,0.29405815984310074,0.7397158015185069,0.9207305523670838,0.9826914886296916,0.0
lead574,026ee9bc920b5180,human_replay,2.8060060632178197e-08,4.019333968873604e-08,2.4531630272372846e-08,3.968650712461791e-08,1.7293407061311172e-08,4.019333968873604e-08,0.0
lead574,026ee9bc920b5180,ignore_all,7.213752288144201,17.290377171770132,1.2704229749357372,4.783264784400635,10.29998591982718,17.290377171770132,1.0
lead574,026ee9bc920b5180,constant_velocity,1.6062534790840912,3.859949064004843,0.14576819287827014,1.0362218151368476,2.4427162499131314,3.859949064004843,1.0
lead574,026ee9bc920b5180,timid_creep,2.9528335451525285,6.2547984441453,0.7443637436070993,2.233645662877984,4.238851200088402,6.2547984441453,1.0
lead574,026ee9bc920b5180,lead_release,0.3202717505040996,0.4934753071457655,0.1910865783766517,0.29307513443233496,0.40046550121066465,0.4934753071457655,0.0
lead574,39c08e30ff9255ef,human_replay,3.569980456048342e-08,1.7136162011429552e-08,1.0971939262304122e-08,4.733242850167435e-08,2.0750053429877057e-08,1.7136162011429552e-08,0.0
lead574,39c08e30ff9255ef,ignore_all,7.438759549378127,17.408301274051606,1.4215373416811012,5.159123924252479,10.561718693716525,17.408301274051606,1.0
lead574,39c08e30ff9255ef,constant_velocity,1.8287750657097452,3.9702069977252217,0.29700058548710345,1.4115602547776025,2.7020090104627554,3.9702069977252217,1.0
lead574,39c08e30ff9255ef,timid_creep,3.4964371526515334,6.935147364971489,1.0379606955714071,2.894016805731646,4.925712219300417,6.935147364971489,1.0
lead574,39c08e30ff9255ef,lead_release,0.2501673887217802,0.3954190005971674,0.1470047794109105,0.24048665419522855,0.30996273344411057,0.3954190005971674,0.0
lead574,62b620262e1b5b25,human_replay,9.028582465765908e-09,3.5333770252091385e-09,6.6119086412912e-09,2.0427455797368025e-08,1.4463381653401284e-08,3.5333770252091385e-09,0.0
lead574,62b620262e1b5b25,ignore_all,7.391383157819183,16.989951872914133,1.6200913083268682,5.254598105831836,10.391439969339242,16.989951872914133,1.0
lead574,62b620262e1b5b25,constant_velocity,1.7781338530265862,3.5399644017760177,0.49518212576341236,1.5062558090387892,2.528076719530608,3.5399644017760177,1.0
lead574,62b620262e1b5b25,timid_creep,3.892841201639794,7.394413399223882,1.3672415490832996,3.372448034835602,5.38839741860324,7.394413399223882,1.0
lead574,62b620262e1b5b25,lead_release,0.1693653114033497,0.2728209815216952,0.08685112746916752,0.15663295856823342,0.21551045960088497,0.2728209815216952,0.0
lead574,86e394f2cb345082,human_replay,2.8899578930872135e-08,4.7251023761462914e-08,1.3561894712240302e-08,4.0804086671243263e-08,3.667293988932969e-08,4.7251023761462914e-08,0.0
lead574,86e394f2cb345082,ignore_all,8.057028758209364,18.55419993610216,1.732894495883048,5.662048792848191,11.378027987659195,18.55419993610216,1.0
lead574,86e394f2cb345082,constant_velocity,2.452330841825439,5.135829888147593,0.6082185848491797,1.9159190374978317,3.5247297551770242,5.135829888147593,1.0
lead574,86e394f2cb345082,timid_creep,3.3500424083194815,6.731769945399132,1.007205777789607,2.713893360968984,4.721680170768894,6.731769945399132,1.0
lead574,86e394f2cb345082,lead_release,0.05491227197585212,0.10103494849946601,0.03184840513976431,0.06629250768337766,0.05135329874232192,0.10103494849946601,0.0
lead574,48f00d40d416591d,human_replay,1.7914459620404814e-08,1.8871093880599844e-08,1.5711483700224078e-08,2.8162941972961018e-08,2.5573410233348725e-08,1.8871093880599844e-08,0.0
lead574,48f00d40d416591d,ignore_all,7.449909282096985,17.15856157906422,1.6310183788426913,5.255282361196899,10.47781315159519,17.15856157906422,1.0
lead574,48f00d40d416591d,constant_velocity,1.8376961661279736,3.7124169435521623,0.5061389647994762,1.5072710036165358,2.6156699791311153,3.7124169435521623,1.0
lead574,48f00d40d416591d,timid_creep,3.8032523305390966,7.26857502861143,1.3355830810527018,3.2455661650600924,5.262900309255873,7.26857502861143,1.0
lead574,48f00d40d416591d,lead_release,0.34978341553529824,0.5357843678752313,0.174305544894596,0.36611977859032707,0.4569812600308628,0.5357843678752313,0.0
lead574,ef68308faf305171,human_replay,4.302841814409924e-08,7.666699456985331e-09,5.777690721695967e-08,5.675586277069059e-08,5.8579772736733706e-08,7.666699456985331e-09,0.0
lead574,ef68308faf305171,ignore_all,7.9332768862392475,18.672257274831797,1.5443634147023615,5.372489806806931,11.284715444862401,18.672257274831797,1.0
lead574,ef68308faf305171,constant_velocity,2.3329159813245353,5.26889131238958,0.42016845466125674,1.6278465904081778,3.4365424401347116,5.26889131238958,1.0
lead574,ef68308faf305171,timid_creep,2.741580227307548,5.995480593007019,0.6016855326049679,1.9910819573714684,3.9814771328520306,5.995480593007019,1.0
lead574,ef68308faf305171,lead_release,0.3279850560723677,0.5557562550907624,0.03545000760305727,0.2765306740565763,0.5770225478445057,0.5557562550907624,0.0
lead574,f3738f5be59d5d10,human_replay,2.7523335414991615e-08,5.670395006155323e-08,2.5362445206617583e-08,3.013450711264871e-08,2.373507069611568e-08,5.670395006155323e-08,0.0
lead574,f3738f5be59d5d10,ignore_all,7.7994378067991486,18.110593014338953,1.5738350938745402,5.440703183262484,11.061736719195036,18.110593014338953,1.0
lead574,f3738f5be59d5d10,constant_velocity,2.1928408140982985,4.684529603648244,0.4496274350550472,1.6940873439029782,3.205935049823109,4.684529603648244,1.0
lead574,f3738f5be59d5d10,timid_creep,3.3721729501344715,6.781432607646223,0.9734529075705696,2.742490096397073,4.778595605807504,6.781432607646223,1.0
lead574,f3738f5be59d5d10,lead_release,0.15932159559001957,0.15670543955049002,0.03423846990148926,0.2117101161961645,0.264667298628754,0.15670543955049002,0.0
lead574,2f1d36641ecb509a,human_replay,1.6773920182034858e-08,7.027933174726201e-09,2.861740884068727e-08,2.508277756227271e-08,1.1712356756559828e-08,7.027933174726201e-09,0.0
lead574,2f1d36641ecb509a,ignore_all,7.451546265819868,17.13856373114483,1.5943643026719931,5.28807058436503,10.496282797134436,17.13856373114483,1.0
lead574,2f1d36641ecb509a,constant_velocity,1.8392212494408027,3.691882804566701,0.4696538472342685,1.539948711052037,2.633925811855636,3.691882804566701,1.0
lead574,2f1d36641ecb509a,timid_creep,3.824233082181216,7.287031761478852,1.30450941445397,3.2950053980809506,5.309033769034344,7.287031761478852,1.0
lead574,2f1d36641ecb509a,lead_release,0.11489326039351097,0.04157167198916421,0.03192357966754784,0.21074240573852915,0.16479184287066867,0.04157167198916421,0.0
lead574,c4bacbfebba15b26,human_replay,2.0332870460164485e-07,6.356549085017769e-07,1.067342026091221e-07,1.0800470509191484e-07,2.980121956311398e-07,6.356549085017769e-07,0.0
lead574,c4bacbfebba15b26,ignore_all,5.957478229321554,14.605687588727129,1.0719262701338497,3.7591475235131155,8.453102920184909,14.605687588727129,1.0
lead574,c4bacbfebba15b26,constant_velocity,1.855338023875587,4.374862492143588,0.26768925514129094,1.2080600105943624,2.7669795480901853,4.374862492143588,1.0
lead574,c4bacbfebba15b26,timid_creep,4.679072165034086,8.72551726937362,1.594918876155489,4.165617323165701,6.516161822718123,8.72551726937362,1.0
lead574,c4bacbfebba15b26,lead_release,1.0603703743776267,2.857097832327112,0.059429648517070686,0.4994208531627912,1.629088643747755,2.857097832327112,1.0
lead574,551cf39c34f75b25,human_replay,8.66950821937437e-08,1.0536295379983759e-07,4.298013829147789e-08,7.996432627533876e-08,2.1687731434468666e-07,1.0536295379983759e-07,0.0
lead574,551cf39c34f75b25,ignore_all,4.118385497911758,8.652552634074075,1.2482790410216897,3.2284799082837594,5.68673009651959,8.652552634074075,1.0
lead574,551cf39c34f75b25,constant_velocity,1.5578619990329468,4.815952153582659,0.12345167642162824,0.5280658674044637,2.2014617738615243,4.815952153582659,1.0
lead574,551cf39c34f75b25,timid_creep,0.8797779056226414,1.9925114496179879,0.8366913331167581,0.910713701438684,0.3052373007928863,1.9925114496179879,0.0
lead574,551cf39c34f75b25,lead_release,0.5374353858862814,1.0553233819385488,0.267745439504385,0.4413745412027569,0.6717597246833651,1.0553233819385488,0.0
lead574,78a8c3b8447d5489,human_replay,1.193685841180033e-07,2.581641126630702e-07,1.6982160034628013e-09,3.0005192716702083e-08,1.683441746231993e-07,2.581641126630702e-07,0.0
lead574,78a8c3b8447d5489,ignore_all,3.017649291175763,6.605549513406111,0.8752010227655436,2.2604340959126303,4.1249260341375455,6.605549513406111,1.0
lead574,78a8c3b8447d5489,constant_velocity,2.6153410594724824,6.868086837081992,0.251568000293302,1.5087096548972903,3.773109142568268,6.868086837081992,1.0
lead574,78a8c3b8447d5489,timid_creep,1.2105315114944089,3.669287377166263,0.5309799744064523,0.2180121370074871,1.404916096895902,3.669287377166263,1.0
lead574,78a8c3b8447d5489,lead_release,0.8726038278892108,1.582682488448362,0.23185091902134125,0.8077216491681996,1.2916253296669304,1.582682488448362,0.0
lead574,3b4f49412be55b80,human_replay,1.5670189170400802e-07,3.412646149983624e-07,5.292813034048745e-08,2.1102393922908775e-07,2.712254269596865e-07,3.412646149983624e-07,0.0
lead574,3b4f49412be55b80,ignore_all,2.5494722631336364,5.844748588760049,0.6606347326945888,1.8102543117633365,3.4804908365035945,5.844748588760049,1.0
lead574,3b4f49412be55b80,constant_velocity,3.077446727734841,7.597077272074955,0.47205722966717906,1.967845429221849,4.404804474659666,7.597077272074955,1.0
lead574,3b4f49412be55b80,timid_creep,1.940455226831952,5.455592228483251,0.09517605363934786,0.9135963728964603,2.8041617156511447,5.455592228483251,1.0
lead574,3b4f49412be55b80,lead_release,0.432802825138608,1.1714764700666442,0.06093664104918785,0.21082742339744964,0.6028209969807136,1.1714764700666442,0.0
lead574,e89a3ed626f75032,human_replay,2.4973220270791555e-08,1.1118172137489111e-09,4.084824000354178e-08,3.025337423429544e-08,1.4133857515175465e-09,1.1118172137489111e-09,0.0
lead574,e89a3ed626f75032,ignore_all,8.070239034713097,18.867028489178942,1.5779596378432386,5.551845496907573,11.48367094801376,18.867028489178942,1.0
lead574,e89a3ed626f75032,constant_velocity,2.469717447334496,5.463407737355603,0.4535587116529072,1.807031482704206,3.6353680768206575,5.463407737355603,1.0
lead574,e89a3ed626f75032,timid_creep,2.884559909771262,6.2009372513873515,0.6378940074947729,2.1757734360945014,4.188512666606877,6.2009372513873515,1.0
lead574,e89a3ed626f75032,lead_release,0.0858496754955413,0.19252684389630936,0.06128793507531815,0.04590211572899125,0.08586133408622247,0.19252684389630936,0.0
lead574,acc78986a3805c7e,human_replay,3.124838644549582e-08,2.982597248029764e-08,2.5153805059668348e-08,2.7327892157400374e-08,3.709767797765734e-08,2.982597248029764e-08,0.0
lead574,acc78986a3805c7e,ignore_all,7.892575883573256,18.175468233720736,1.6440390607415818,5.590051590050866,11.157943807326093,18.175468233720736,1.0
lead574,acc78986a3805c7e,constant_velocity,2.2851518494500493,4.747147852983954,0.519300896536221,1.8431818332583088,3.3013538781357745,4.747147852983954,1.0
lead574,acc78986a3805c7e,timid_creep,3.549055891927342,6.99413277890856,1.0810257234272946,2.966662743779997,4.986590759581732,6.99413277890856,1.0
lead574,acc78986a3805c7e,lead_release,0.1787550364201737,0.3388565805686991,0.06982603656463389,0.14604317228251557,0.24090645295307203,0.3388565805686991,0.0
lead574,d6835050c97f528d,human_replay,7.4082153296102775e-09,4.446736930669363e-09,9.163400320922956e-09,1.2970449459272547e-08,2.571488517733671e-09,4.446736930669363e-09,0.0
lead574,d6835050c97f528d,ignore_all,7.378928702278477,16.927446615305442,1.6398694187080993,5.253200509693158,10.357987556740115,16.927446615305442,1.0
lead574,d6835050c97f528d,constant_velocity,1.7653508360078272,3.476232567627388,0.5150183574490167,1.5047863511230637,2.4942583222887724,3.476232567627388,1.0
lead574,d6835050c97f528d,timid_creep,3.93052743724513,7.431603213864871,1.4014357570746871,3.4142302932123676,5.426665936968829,7.431603213864871,1.0
lead574,d6835050c97f528d,lead_release,0.12751928062353468,0.257795555554674,0.03501265255098664,0.09601582881455627,0.1802049085862745,0.257795555554674,0.0
lead574,d09bb687e7e15b97,human_replay,3.931721793203538e-08,4.23720633333425e-08,4.47660682926428e-08,4.752650510652349e-08,1.4391644137919508e-08,4.23720633333425e-08,0.0
lead574,d09bb687e7e15b97,ignore_all,7.283074948204744,17.374302412858455,1.4245644008981044,4.8536972736141495,10.26471966489044,17.374302412858455,1.0
lead574,d09bb687e7e15b97,constant_velocity,1.6772068364277708,3.9512226362315306,0.3001336116010645,1.107443205859798,2.4100116309534307,3.9512226362315306,1.0
lead574,d09bb687e7e15b97,timid_creep,2.744362991006221,5.848547999941499,0.7742445613990956,2.0559685735811746,3.832928629381779,5.848547999941499,1.0
lead574,d09bb687e7e15b97,lead_release,0.45514397123747036,0.730779027028095,0.18791914558582248,0.4439544234729591,0.6569863801063309,0.730779027028095,0.0
lead574,8c4218fc392a52be,human_replay,3.417981429508654e-08,4.3454207711547225e-08,2.1649540948038385e-08,5.363667115503465e-08,2.6362221706024424e-09,4.3454207711547225e-08,0.0
lead574,8c4218fc392a52be,ignore_all,7.20274923240264,17.074667742614015,1.4022140157850016,4.864556160772661,10.199491797497956,17.074667742614015,1.0
lead574,8c4218fc392a52be,constant_velocity,1.5932160311276016,3.6379080120416303,0.27756847808454993,1.1172984233624237,2.340266995371783,3.6379080120416303,1.0
lead574,8c4218fc392a52be,timid_creep,3.203657195602318,6.501236927609345,0.9932359980575104,2.5487973321034834,4.487725806223158,6.501236927609345,1.0
lead574,8c4218fc392a52be,lead_release,0.3222929026171725,0.5550759765322355,0.10553680396640744,0.2876971693813794,0.45045287458358363,0.5550759765322355,0.0
lead574,ac944958cb6d5209,human_replay,1.3554054926045492e-08,1.1655154200132801e-08,1.1303385053083681e-08,2.0096631023445203e-08,1.8726745967421764e-08,1.1655154200132801e-08,0.0
lead574,ac944958cb6d5209,ignore_all,7.171481358815737,16.781335227458072,1.4691148707296264,4.9318411701554075,10.124418293623926,16.781335227458072,1.0
lead574,ac944958cb6d5209,constant_velocity,1.5589272084331913,3.3338327988805174,0.344376055870487,1.183778974558837,2.2618102803954336,3.3338327988805174,1.0
lead574,ac944958cb6d5209,timid_creep,3.574565324254733,6.9902103450515165,1.1879938217980204,2.964981293462904,4.980645717577335,6.9902103450515165,1.0
lead574,ac944958cb6d5209,lead_release,0.2473917593806095,0.41015530857823135,0.12943957228046468,0.2392960434406036,0.3157785601977595,0.41015530857823135,0.0
lead574,12800b02eb685132,human_replay,1.5862905647454158e-07,4.051440017320932e-07,4.876642262646299e-09,8.674272171459243e-08,2.137649348604196e-07,4.051440017320932e-07,0.0
lead574,12800b02eb685132,ignore_all,3.445532957315229,8.492443654403056,0.7345527980043565,2.159997700066338,4.74183835959593,8.492443654403056,1.0
lead574,12800b02eb685132,constant_velocity,3.154124689141574,7.8434937737044725,0.4409920736870153,1.995327543165897,4.551226774267997,7.8434937737044725,1.0
lead574,12800b02eb685132,timid_creep,2.02322588547335,5.494524671275136,0.42776910864933376,0.9044507931318722,2.797039729137068,5.494524671275136,1.0
lead574,12800b02eb685132,lead_release,0.551936319041728,1.3744661303813728,0.13663954982095072,0.31489279607782034,0.7392882459332167,1.3744661303813728,0.0
lead574,5d7e99b7eea65475,human_replay,8.820784698844961e-08,4.660257312216487e-08,2.9763310972652747e-08,5.389083006426808e-08,3.012737761437599e-08,4.660257312216487e-08,0.0
lead574,5d7e99b7eea65475,ignore_all,3.386395022439201,8.389712221305562,0.6753847850137694,2.13798113885255,4.701668680319191,8.389712221305562,1.0
lead574,5d7e99b7eea65475,constant_velocity,3.2780450610179357,7.826317297098504,0.5100550860138944,2.151361464425008,4.750310427086928,7.826317297098504,1.0
lead574,5d7e99b7eea65475,timid_creep,2.544727442273102,6.512064084440604,0.19142362816920314,1.4645773149710688,3.750923443700046,6.512064084440604,1.0
lead574,5d7e99b7eea65475,lead_release,0.26179292003634913,0.34207911002784447,0.07959637466421156,0.27892654516274146,0.39309413469648435,0.34207911002784447,0.0
lead574,0577532eba755552,human_replay,8.961581742195158e-08,2.1023926031398505e-07,1.8136247007637264e-09,6.760524664275145e-08,1.0776187103923969e-07,2.1023926031398505e-07,0.0
lead574,0577532eba755552,ignore_all,4.968049192030357,11.746165698978468,1.3983575356983748,3.588965513411513,6.473366987024969,11.746165698978468,1.0
lead574,0577532eba755552,constant_velocity,1.5428533251334913,4.743908019041376,0.280144851458024,0.36965463225713796,2.1251251459733282,4.743908019041376,1.0
lead574,0577532eba755552,timid_creep,1.668866356126095,4.094994755216844,0.9675457077166375,1.2564076163937266,1.5463810736563905,4.094994755216844,1.0
lead574,0577532eba755552,lead_release,0.35756937531793687,0.4085592071586634,0.31169096756294196,0.5215566065008872,0.3177841953105665,0.4085592071586634,0.0
lead574,77f45b5536f854bf,human_replay,3.0549097846306966e-08,4.797139916610926e-08,4.777001334180954e-09,1.002570993142011e-08,4.0059878168689156e-08,4.797139916610926e-08,0.0
lead574,77f45b5536f854bf,ignore_all,7.194379294179626,17.380676250393936,1.3910671499146194,4.726851942593242,10.097904530640193,17.380676250393936,1.0
lead574,77f45b5536f854bf,constant_velocity,1.5940030622200136,3.9732389248557776,0.2711181943253927,0.9824033532707275,2.248323446755114,3.9732389248557776,1.0
lead574,77f45b5536f854bf,timid_creep,2.1282622727701277,4.9243001524754115,0.5062094447711771,1.4576161699478671,2.96160932256913,4.9243001524754115,1.0
lead574,77f45b5536f854bf,lead_release,0.5203784632442534,0.8545725996657664,0.17963381689227764,0.4945015378920713,0.7679655924484192,0.8545725996657664,0.0
lead574,bde076eb186a52d5,human_replay,5.343977464241747e-08,6.235288044087361e-08,5.3473531796135756e-08,5.4697740089821175e-08,8.916773218374277e-08,6.235288044087361e-08,0.0
lead574,bde076eb186a52d5,ignore_all,7.1981097121289075,17.292319255205193,1.3766564285481215,4.749832740421654,10.161354578822223,17.292319255205193,1.0
lead574,bde076eb186a52d5,constant_velocity,1.593458471560258,3.8697845221467517,0.2541970667946745,1.0034097977275804,2.3066522636757583,3.8697845221467517,1.0
lead574,bde076eb186a52d5,timid_creep,2.6380343544855345,5.728697058813214,0.7171365755578157,1.9328471377472844,3.7008370207340984,5.728697058813214,1.0
lead574,bde076eb186a52d5,lead_release,0.4628583785227693,0.7167316751679385,0.18067138922586495,0.4738375275328948,0.655794202251984,0.7167316751679385,0.0
lead574,08fc5ba619bc535c,human_replay,3.4743887607399436e-08,3.747864219136477e-08,5.8806141898905396e-08,2.4099142414763975e-08,1.7358848353545105e-09,3.747864219136477e-08,0.0
lead574,08fc5ba619bc535c,ignore_all,7.202948228905236,17.115520827921234,1.389044748941084,4.826713152193266,10.21118314608802,17.115520827921234,1.0
lead574,08fc5ba619bc535c,constant_velocity,1.593784425461771,3.680204777007914,0.26442957095803543,1.0797870558845704,2.352481668302955,3.680204777007914,1.0
lead574,08fc5ba619bc535c,timid_creep,3.1452360896112266,6.438579116938096,0.9538501129067432,2.4586566964015226,4.421198638912287,6.438579116938096,1.0
lead574,08fc5ba619bc535c,lead_release,0.3180307397128737,0.4707809340177991,0.17521123076822162,0.3339267416750556,0.4033416330318028,0.4707809340177991,0.0
lead574,84cd08b147745635,human_replay,1.5688147786969307e-08,1.3108893093424504e-08,1.4315393568049998e-09,2.691802397858382e-08,1.8884722079537e-08,1.3108893093424504e-08,0.0
lead574,84cd08b147745635,ignore_all,7.119658308975607,16.74254644381967,1.4096998360508652,4.868711895113888,10.078745397322617,16.74254644381967,1.0
lead574,84cd08b147745635,constant_velocity,1.507657340141077,3.2954013869142567,0.2858845441216081,1.1209482495112968,2.2163824964116845,3.2954013869142567,1.0
lead574,84cd08b147745635,timid_creep,3.5133793703059517,6.932745003693835,1.1259294897659757,2.8937989350709894,4.9215557266846695,6.932745003693835,1.0
lead574,84cd08b147745635,lead_release,0.37805634115307885,0.557447642897041,0.22073259185771585,0.3915375145662165,0.4724328170839758,0.557447642897041,0.0
lead574,e727c1d090125d64,human_replay,1.094429826884744e-08,1.4154150193692847e-09,2.48889106263045e-09,2.5323868665934193e-08,1.0116218084919802e-08,1.4154150193692847e-09,0.0
lead574,e727c1d090125d64,ignore_all,6.941475387854156,16.185516899536132,1.4387653195316195,4.834224854975159,9.777597916921446,16.185516899536132,1.0
lead574,e727c1d090125d64,constant_velocity,1.326415387639752,2.7276777693504073,0.31450095659725674,1.085566473901554,1.9119777474785722,2.7276777693504073,1.0
lead574,e727c1d090125d64,timid_creep,3.7853015276386457,7.270899514432352,1.2843026468744951,3.2468492246238965,5.264254758496557,7.270899514432352,1.0
lead574,e727c1d090125d64,lead_release,0.22002762485669447,0.3640710856531538,0.13477664845954543,0.18337283309978308,0.2751563255412369,0.3640710856531538,0.0
lead574,934f7ab607405431,human_replay,5.6339992595498544e-08,7.394780696939097e-09,1.696671005010053e-08,5.750512637882693e-08,9.509412114100305e-08,7.394780696939097e-09,0.0
lead574,934f7ab607405431,ignore_all,8.86099571379166,20.68223531115303,1.8074584699902299,6.08159016748386,12.565014865103935,20.68223531115303,1.0
lead574,934f7ab607405431,constant_velocity,3.2807230959538827,7.347282695238036,0.6842661856205787,2.3436082874974318,4.741790495206988,7.347282695238036,1.0
lead574,934f7ab607405431,timid_creep,2.0480814826813742,5.125938372137328,0.13088959743856896,1.2330893467208808,3.075808710783182,5.125938372137328,1.0
lead574,934f7ab607405431,lead_release,0.49010482923030985,0.861543300830684,0.08540111233475955,0.46051830780102726,0.7647133593832474,0.861543300830684,0.0
lead574,93b0ff5c4c5c507e,human_replay,2.3819014707690853e-08,2.577299771731627e-09,5.50672364739237e-08,1.2725156139497638e-08,5.7967764812002475e-08,2.577299771731627e-09,0.0
lead574,93b0ff5c4c5c507e,ignore_all,8.420931577138616,19.506783793816663,1.736398705757043,5.841251379700424,11.9545035554312,19.506783793816663,1.0
lead574,93b0ff5c4c5c507e,constant_velocity,2.8241951235862515,6.116085554866709,0.6123125034587727,2.097599599535872,4.110926072164361,6.116085554866709,1.0
lead574,93b0ff5c4c5c507e,timid_creep,2.871308980332098,6.199851662854687,0.6332413428524931,2.1394814295921725,4.173746990248824,6.199851662854687,1.0
lead574,93b0ff5c4c5c507e,lead_release,0.34296025447036205,0.5911101396402199,0.06617664229895945,0.3862515342243779,0.4887937023456124,0.5911101396402199,0.0
lead574,dce197f508425f2b,human_replay,3.094638458200016e-08,1.8596806468943352e-08,1.8740421491311683e-08,4.86106744568035e-08,4.3137593123588114e-08,1.8596806468943352e-08,0.0
lead574,dce197f508425f2b,ignore_all,7.953599838448767,18.291811491735217,1.6924344481177074,5.620757886278848,11.243622696049837,18.291811491735217,1.0
lead574,dce197f508425f2b,constant_velocity,2.3468048361770233,4.865254724074409,0.5677559066355663,1.8741545662932653,3.387872200572063,4.865254724074409,1.0
lead574,dce197f508425f2b,timid_creep,3.5537694379615186,7.011101867040271,1.1041931864585617,2.947041979959532,4.997181140950802,7.011101867040271,1.0
lead574,dce197f508425f2b,lead_release,0.34155444769161825,0.551221065053317,0.13122454070821005,0.36290026010550785,0.44344698782665404,0.551221065053317,0.0
lead574,96dc22c0224255ca,human_replay,8.80248368225669e-09,8.496096785656109e-09,1.1884932888650452e-08,2.6188270811292363e-09,1.4623348065118708e-08,8.496096785656109e-09,0.0
lead574,96dc22c0224255ca,ignore_all,7.343822951799467,16.882568519041225,1.5951979686180098,5.21666256435525,10.322060607626344,16.882568519041225,1.0
lead574,96dc22c0224255ca,constant_velocity,1.7303400888435267,3.4310955169721167,0.4703080082528533,1.4686434162739466,2.4585305819804475,3.4310955169721167,1.0
lead574,96dc22c0224255ca,timid_creep,3.918490684939293,7.432567229342901,1.3633728446175843,3.3975928372670023,5.423748822072485,7.432567229342901,1.0
lead574,96dc22c0224255ca,lead_release,0.26136793777917555,0.4429645764667218,0.1424301651984599,0.23766546121688006,0.3359390678946889,0.4429645764667218,0.0
lead574,0751ef23000050f8,human_replay,2.264486273649798e-09,2.0257429621700476e-09,4.32637834711214e-09,2.0932761308414606e-09,2.898444619364126e-09,2.0257429621700476e-09,0.0
lead574,0751ef23000050f8,ignore_all,6.815446186539823,15.712137722230226,1.5511981231656697,4.808808772669052,9.524733683148012,15.712137722230226,1.0
lead574,0751ef23000050f8,constant_velocity,1.198774815470093,2.2470371979105153,0.42657484874923396,1.0604947114206729,1.6575408646750986,2.2470371979105153,1.0
lead574,0751ef23000050f8,timid_creep,4.052361926708483,7.579855547005958,1.5095486432277982,3.5596886097555074,5.573593558748209,7.579855547005958,1.0
lead574,0751ef23000050f8,lead_release,0.15299170848407656,0.3129411658704666,0.03630188830662035,0.1184249330212336,0.21572059610442149,0.3129411658704666,0.0
lead574,720963308f01575e,human_replay,5.05811366186226e-08,6.186420755051129e-08,2.069577584861478e-08,4.088118531086087e-08,1.0137324013540718e-07,6.186420755051129e-08,0.0
lead574,720963308f01575e,ignore_all,8.849010469432065,20.705086204689728,1.7979595995306907,6.025647913951565,12.561252383574114,20.705086204689728,1.0
lead574,720963308f01575e,constant_velocity,3.2700345419312895,7.374819714932707,0.6745848260645101,2.288050719205094,4.73972651218942,7.374819714932707,1.0
lead574,720963308f01575e,timid_creep,1.9423971699878753,4.979130066009833,0.07589149908047772,1.0902255750233598,2.942964475191956,4.979130066009833,1.0
lead574,720963308f01575e,lead_release,0.034937145750628104,0.09293885926853594,0.013296759306123644,0.039997271513775766,0.018829783223755787,0.09293885926853594,0.0
lead574,10214bdcdd9c5607,human_replay,3.5541699644656085e-08,4.48491617259213e-08,1.2193437763083147e-08,5.8659229979346336e-08,3.769584407888506e-08,4.48491617259213e-08,0.0
lead574,10214bdcdd9c5607,ignore_all,8.521943601030673,19.733900176687108,1.741072242825508,5.914663305476684,12.112364237465862,19.733900176687108,1.0
lead574,10214bdcdd9c5607,constant_velocity,2.927435607687973,6.351046604716279,0.6169835237716678,2.1717099735186096,4.271416224378633,6.351046604716279,1.0
lead574,10214bdcdd9c5607,timid_creep,2.757704508254467,6.0492647373723685,0.5415724222199412,2.020826154322688,4.045084099116013,6.0492647373723685,1.0
lead574,10214bdcdd9c5607,lead_release,0.14276954111428436,0.2889779587285412,0.05884423213208378,0.12448676617233392,0.17774827461442633,0.2889779587285412,0.0
lead574,6745b762c9df5f94,human_replay,3.360162834831783e-08,5.599601163977803e-08,2.0295974441753126e-08,3.909397391646508e-08,4.39026480270952e-08,5.599601163977803e-08,0.0
lead574,6745b762c9df5f94,ignore_all,8.061212937617201,18.392648340238598,1.7001612548982634,5.735305058295046,11.44011619992554,18.392648340238598,1.0
lead574,6745b762c9df5f94,constant_velocity,2.455855593815871,4.9717227243939766,0.5756334256652463,1.9890438920072155,3.5859922933050252,4.9717227243939766,1.0
lead574,6745b762c9df5f94,timid_creep,3.444004347812572,6.728493351745188,1.014715025938295,2.867400429090524,4.903555282540205,6.728493351745188,1.0
lead574,6745b762c9df5f94,lead_release,0.28791427253294666,0.6151650316112315,0.09905128755520798,0.27764911240601076,0.3472026003896562,0.6151650316112315,0.0
lead574,1bee33a086b25a5f,human_replay,3.564127387468477e-07,7.673264449572571e-07,2.3734146909159734e-07,4.1405142112229255e-07,9.393386178929275e-07,7.673264449572571e-07,0.0
lead574,1bee33a086b25a5f,ignore_all,5.843980800721358,13.738261408926855,1.29291755834594,3.9872584404031843,8.139194059078148,13.738261408926855,1.0
lead574,1bee33a086b25a5f,constant_velocity,1.192090346528341,2.964454708607474,0.27163187884442175,0.7331261019358716,1.6177241890511636,2.964454708607474,1.0
lead574,1bee33a086b25a5f,timid_creep,6.240487939494647,14.019591950998981,1.2290258298764358,4.350006269253662,9.177376900914084,14.019591950998981,1.0
lead574,1bee33a086b25a5f,lead_release,0.2253337336652551,0.3149511102995324,0.03169160006842661,0.2428897668187248,0.3840175872610303,0.3149511102995324,0.0
lead574,4cdcf106cb5d5c63,human_replay,7.2600642943630544e-09,2.0867697984711495e-09,1.3707147328790963e-08,6.6068925718705575e-09,6.5123737979141176e-09,2.0867697984711495e-09,0.0
lead574,4cdcf106cb5d5c63,ignore_all,6.443350893272993,15.251102040093071,1.265268809642673,4.393902290470021,9.085211358980553,15.251102040093071,1.0
lead574,4cdcf106cb5d5c63,constant_velocity,0.8275704000987194,1.7854473039647094,0.14517371716049476,0.6462529004099674,1.2179963649662822,1.7854473039647094,0.0
lead574,4cdcf106cb5d5c63,timid_creep,3.71172623861489,7.1814315026568565,1.2326578583405419,3.171855973935959,5.179048166721134,7.1814315026568565,1.0
lead574,4cdcf106cb5d5c63,lead_release,0.14029346851386576,0.29876281186526393,0.061837815285793345,0.06944143639700504,0.1860418689239141,0.29876281186526393,0.0
lead574,1082d34008e05df4,human_replay,3.0562320044897804e-08,5.206409225096561e-08,2.6062251020834522e-08,5.0273776658895196e-08,2.3808676013337008e-08,5.206409225096561e-08,0.0
lead574,1082d34008e05df4,ignore_all,8.572528582754556,19.699641879373086,1.8826414791396717,6.025146951853132,12.100594714395479,19.699641879373086,1.0
lead574,1082d34008e05df4,constant_velocity,2.977395748658771,6.313692763374904,0.7592480379679992,2.2821870673249576,4.258558304689231,6.313692763374904,1.0
lead574,1082d34008e05df4,timid_creep,2.889908953297309,6.15809900977755,0.7204304782481544,2.204409455234026,4.141865588368715,6.15809900977755,1.0
lead574,1082d34008e05df4,lead_release,0.3564915319117683,0.658724567069177,0.05485039448286595,0.3343773984711657,0.5389380186454364,0.658724567069177,0.0
lead574,2d55129330045d3f,human_replay,2.1521051234493012e-08,4.4915631471211134e-08,6.0957201146294515e-09,5.532188750013075e-08,4.123112854369368e-09,4.4915631471211134e-08,0.0
lead574,2d55129330045d3f,ignore_all,7.823032128902225,18.018132291372435,1.7144052623813613,5.481205547010182,11.023522875470288,18.018132291372435,1.0
lead574,2d55129330045d3f,constant_velocity,2.2153222985652126,4.588238191807961,0.5899915028869904,1.734282719143544,3.1664366436904596,4.588238191807961,1.0
lead574,2d55129330045d3f,timid_creep,3.5412199526010317,6.9456417800440455,1.1790646538377645,2.9129369385257764,4.934482754127287,6.9456417800440455,1.0
lead574,2d55129330045d3f,lead_release,0.4067229317319647,0.6656509042934896,0.11737835322405774,0.4524814286084496,0.5614012364292098,0.6656509042934896,0.0
lead574,c538fa98187053d8,human_replay,1.3578144755316736e-08,1.5846093045245295e-08,2.9438558841128368e-08,1.438963014826211e-08,1.4553670806102595e-08,1.5846093045245295e-08,0.0
lead574,c538fa98187053d8,ignore_all,7.163426895304262,16.59673248234945,1.5343304073502315,5.020272123112537,10.076833950913109,16.59673248234945,1.0
lead574,c538fa98187053d8,constant_velocity,1.5492907454597171,3.143360310662609,0.40940993638321854,1.271757264365671,2.212479001179477,3.143360310662609,1.0
lead574,c538fa98187053d8,timid_creep,3.806513674396966,7.282824264989802,1.3221821160988232,3.2600829334977917,5.2763770265576655,7.282824264989802,1.0
lead574,c538fa98187053d8,lead_release,0.08213995776516086,0.05958647152254552,0.11491916701851103,0.15861852652673278,0.043396679871221984,0.05958647152254552,0.0
lead574,ef23fc3dea3551b5,human_replay,2.784519120065405e-08,5.032374184741364e-08,3.3922602695020218e-09,5.7236126800252175e-08,3.284772947581063e-08,5.032374184741364e-08,0.0
lead574,ef23fc3dea3551b5,ignore_all,7.989570818649583,18.340930336808945,1.7133578397389442,5.6674897085546165,11.280557217678556,18.340930336808945,1.0
lead574,ef23fc3dea3551b5,constant_velocity,2.383286512819927,4.915593452211899,0.588777242084251,1.9216525958422148,3.4253701518555904,4.915593452211899,1.0
lead574,ef23fc3dea3551b5,timid_creep,3.548993482630804,6.988219415342451,1.1068608771152415,2.9575958225440453,4.9797132773438095,6.988219415342451,1.0
lead574,ef23fc3dea3551b5,lead_release,0.18359821597184228,0.28576224544104784,0.03919947372045728,0.17864779002587147,0.3019901586424836,0.28576224544104784,0.0
lead574,54a48973672c5352,human_replay,7.2158614202277345e-09,3.448857316321017e-09,1.0001810751949527e-08,5.596519027457961e-09,8.642363639266306e-09,3.448857316321017e-09,0.0
lead574,54a48973672c5352,ignore_all,7.33463324593051,16.859040613195727,1.6094319331834668,5.205704240148414,10.300902820305321,16.859040613195727,1.0
lead574,54a48973672c5352,constant_velocity,1.721572998087533,3.407820400859414,0.4849140753164466,1.4582330903786258,2.4376817105418116,3.407820400859414,1.0
lead574,54a48973672c5352,timid_creep,3.90760633362959,7.405579358397187,1.3771240421465156,3.3852206252188757,5.400136271385584,7.405579358397187,1.0
lead574,54a48973672c5352,lead_release,0.07308702375068102,0.07076981769252245,0.04849161759507026,0.08697790624702632,0.08909356716166844,0.07076981769252245,0.0
lead574,ff76d319bd9558f9,human_replay,1.2951547108776855e-08,4.629198387194446e-09,2.84793006598704e-08,4.698812356164037e-10,6.9554131613773245e-09,4.629198387194446e-09,0.0
lead574,ff76d319bd9558f9,ignore_all,7.665160123355036,17.56805956725728,1.690199568319953,5.445217749563377,10.788842549684748,17.56805956725728,1.0
lead574,ff76d319bd9558f9,constant_velocity,2.054074028058442,4.125858141826177,0.565750823675515,1.6973792012568094,2.927847700332634,4.125858141826177,1.0
lead574,ff76d319bd9558f9,timid_creep,3.870445234559547,7.383812943511466,1.3522339370269187,3.3079188412141893,5.362102429905348,7.383812943511466,1.0
lead574,ff76d319bd9558f9,lead_release,0.2316076099115489,0.39482708580622444,0.09789032177532996,0.2289472177954445,0.2995132694542227,0.39482708580622444,0.0
lead574,5a35f8abb51c5303,human_replay,1.4373395569156549e-08,2.0329557535454563e-08,1.2013294648855303e-08,3.249232272824252e-08,1.5405959836612598e-08,2.0329557535454563e-08,0.0
lead574,5a35f8abb51c5303,ignore_all,6.7992208034284,16.183921548220212,1.2894415656391005,4.569208903380306,9.636138475165811,16.183921548220212,1.0
lead574,5a35f8abb51c5303,constant_velocity,1.185510153339929,2.731896746217215,0.164724353598715,0.8208575788227515,1.7721992015066965,2.731896746217215,1.0
lead574,5a35f8abb51c5303,timid_creep,3.3853905848885786,6.756811752999986,1.0609418985355625,2.7600170558359016,4.754263352966295,6.756811752999986,1.0
lead574,5a35f8abb51c5303,lead_release,0.5269473370169624,0.8094424560216011,0.24366712380319275,0.5512684085857209,0.6938286590949347,0.8094424560216011,0.0
lead574,baef20f6b33e594e,human_replay,4.604534370575914e-08,2.8354836551246993e-08,7.081660367047865e-08,6.349217543270863e-08,6.18238853115421e-08,2.8354836551246993e-08,0.0
lead574,baef20f6b33e594e,ignore_all,9.665563660368573,22.259035009153752,1.9851360008278716,6.751965167458803,13.774212054837829,22.259035009153752,1.0
lead574,baef20f6b33e594e,constant_velocity,4.101351653471528,8.976185199263359,0.8633116697515006,3.020078168850618,5.971256963064298,8.976185199263359,1.0
lead574,baef20f6b33e594e,timid_creep,2.0076627028806846,5.10299961818699,0.11454220204306063,1.0842030356368657,3.0665102590356024,5.10299961818699,1.0
lead574,baef20f6b33e594e,lead_release,0.3950451671566933,0.6690302954531804,0.06833260234740127,0.4267700128483339,0.5773293449796234,0.6690302954531804,0.0
lead574,750b8c926ffd5895,human_replay,1.235157480844704e-08,3.251208979531997e-08,3.608402915931129e-08,7.807340955817376e-09,2.939065542844311e-09,3.251208979531997e-08,0.0
lead574,750b8c926ffd5895,ignore_all,9.026213778920004,20.585236965642878,1.9133647475650049,6.435825981340258,12.810069411869556,20.585236965642878,1.0
lead574,750b8c926ffd5895,constant_velocity,3.435418410141601,7.215234951467041,0.7894202373412009,2.6941476665993105,4.973706730622961,7.215234951467041,1.0
lead574,750b8c926ffd5895,timid_creep,2.942655121402238,6.339099545179866,0.5704650591971167,2.256113967881792,4.316609052156771,6.339099545179866,1.0
lead574,750b8c926ffd5895,lead_release,0.19298977482171034,0.379366092812026,0.022881474048209158,0.19964734169647785,0.27360845994338095,0.379366092812026,0.0
lead574,985240456390586f,human_replay,1.5780491790809647e-08,2.9779608682154513e-08,3.977604439676148e-09,8.447545376314086e-09,1.0767255189506165e-09,2.9779608682154513e-08,0.0
lead574,985240456390586f,ignore_all,8.286313855129528,18.79096792884686,1.850339699998922,5.991634246248337,11.673078018458341,18.79096792884686,1.0
lead574,985240456390586f,constant_velocity,2.6804848525844083,5.36850723738873,0.725649016323769,2.245193626840871,3.818399903529251,5.36850723738873,1.0
lead574,985240456390586f,timid_creep,3.7233485224351686,7.222505775738662,1.189133107580227,3.1721891550370382,5.20889900302265,7.222505775738662,1.0
lead574,985240456390586f,lead_release,0.11378194507934472,0.2587119342981548,0.010517224693700108,0.08248890771638266,0.16059415563521712,0.2587119342981548,0.0
lead574,4bf95781578b59ec,human_replay,6.589485732029259e-09,6.270200199287838e-09,1.471256128337682e-08,6.973402863017294e-10,3.199238364485935e-10,6.270200199287838e-09,0.0
lead574,4bf95781578b59ec,ignore_all,7.354409643559524,16.775204811545002,1.6962610704840693,5.266124846904028,10.290389555088558,16.775204811545002,1.0
lead574,4bf95781578b59ec,constant_velocity,1.7398706552371863,3.320270124213262,0.5714218859589925,1.5174976476144348,2.425567870627511,3.320270124213262,1.0
lead574,4bf95781578b59ec,timid_creep,4.065140663173065,7.595836179679043,1.5035539973259877,3.564170764030254,5.586686203784528,7.595836179679043,1.0
lead574,4bf95781578b59ec,lead_release,0.1557171565648618,0.28014931321879155,0.07951753721833561,0.13157132064466256,0.20609881547899825,0.28014931321879155,0.0
lead574,b31e39a660f1535f,human_replay,6.627132416122863e-08,7.797383303147614e-08,1.1877037215203335e-07,9.492325256614908e-08,7.096849110894773e-08,7.797383303147614e-08,0.0
lead574,b31e39a660f1535f,ignore_all,9.137854182020043,21.357964121387518,1.8374829627454834,6.231819875778084,12.996280409255947,21.357964121387518,1.0
lead574,b31e39a660f1535f,constant_velocity,3.568363349101013,8.057908169949812,0.7153777463007603,2.498119207122469,5.186783052857811,8.057908169949812,1.0
lead574,b31e39a660f1535f,timid_creep,1.7605853131592792,4.696904737562609,0.132457133521698,0.819153931020825,2.6664930499469675,4.696904737562609,1.0
lead574,b31e39a660f1535f,lead_release,0.051519898966479495,0.05886073352861663,0.0294597779892198,0.039714421116465955,0.09043439690274342,0.05886073352861663,0.0
lead574,b7e7604c72e051da,human_replay,4.6541026073146736e-08,5.834266274408008e-08,1.4664374126061037e-08,7.790523112981203e-08,1.1333387583975172e-07,5.834266274408008e-08,0.0
lead574,b7e7604c72e051da,ignore_all,8.796687796554131,20.32279311947534,1.790119451058735,6.141362785529096,12.509776108371245,20.32279311947534,1.0
lead574,b7e7604c72e051da,constant_velocity,3.20778848880052,6.957392473266825,0.6672758450092123,2.400502757035518,4.675430787043529,6.957392473266825,1.0
lead574,b7e7604c72e051da,timid_creep,2.613866737629195,5.9000992017540534,0.40413755370821625,1.872043336967176,3.882548844560137,5.9000992017540534,1.0
lead574,b7e7604c72e051da,lead_release,0.10537117653419593,0.20823834348145412,0.04823516889204733,0.06894629104476711,0.14397936404427694,0.20823834348145412,0.0
lead574,2a6936d84bda531f,human_replay,3.072949563969227e-08,2.6499167279167248e-08,6.426826746705386e-09,2.4462748365662976e-08,4.208923003759408e-08,2.6499167279167248e-08,0.0
lead574,2a6936d84bda531f,ignore_all,8.386510831026092,19.156934610235332,1.7961349537633282,5.994113564323486,11.858853923298938,19.156934610235332,1.0
lead574,2a6936d84bda531f,constant_velocity,2.784412662490438,5.747212282248926,0.671765579136766,2.2489790410207973,4.008588330035186,5.747212282248926,1.0
lead574,2a6936d84bda531f,timid_creep,3.3946097935982817,6.83213792169266,0.942903756968408,2.7913626589169898,4.8222566416478205,6.83213792169266,1.0
lead574,2a6936d84bda531f,lead_release,0.079578342551617,0.06637578090224498,0.013436114582496514,0.11879454037495994,0.1252712986353544,0.06637578090224498,0.0
lead574,5e48f684248053bd,human_replay,1.1459330329452141e-08,5.733695716543018e-09,8.020880300833612e-09,5.820982548320498e-09,2.0516089912697094e-08,5.733695716543018e-09,0.0
lead574,5e48f684248053bd,ignore_all,7.711051781281535,17.564567366576004,1.7488483484456112,5.5366110672942535,10.821906846767419,17.564567366576004,1.0
lead574,5e48f684248053bd,constant_velocity,2.099677534444005,4.121368672916214,0.6240399138152094,1.7888800480961045,2.960688333946247,4.121368672916214,1.0
lead574,5e48f684248053bd,timid_creep,3.954998361735709,7.457137530705533,1.4219541472710793,3.432661856268167,5.450487125763719,7.457137530705533,1.0
lead574,5e48f684248053bd,lead_release,0.1277412333684933,0.2606634700894602,0.036672355608102815,0.1007308905117704,0.17909434824645154,0.2606634700894602,0.0
lead574,ce9ee9a68a4c5e93,human_replay,2.498323238261809e-09,1.0867309407867024e-09,6.106977947140098e-09,7.533175590195947e-10,1.1512439667935917e-09,1.0867309407867024e-09,0.0
lead574,ce9ee9a68a4c5e93,ignore_all,6.848264630929641,15.766916345440983,1.575472906138295,4.832589820410723,9.56308371610393,15.766916345440983,1.0
lead574,ce9ee9a68a4c5e93,constant_velocity,1.231349495621949,2.301981412600271,0.4509820920634899,1.0836839977283415,1.6955398821549206,2.301981412600271,1.0
lead574,ce9ee9a68a4c5e93,timid_creep,4.0526083996976245,7.5698077416179546,1.5244930807658574,3.5554327699701536,5.5653561229178825,7.5698077416179546,1.0
lead574,ce9ee9a68a4c5e93,lead_release,0.16869047149141164,0.30476853612210125,0.06564661633463012,0.14992099225634872,0.23001527291715967,0.30476853612210125,0.0
lead574,daaa1858309c5938,human_replay,6.744268148810068e-08,6.541009515825642e-08,9.525090364778237e-08,6.98951751497038e-08,1.4830468874209116e-09,6.541009515825642e-08,0.0
lead574,daaa1858309c5938,ignore_all,8.797666849715034,20.683731688052916,1.6601551342099108,5.980877230657362,12.568343913266128,20.683731688052916,1.0
lead574,daaa1858309c5938,constant_velocity,3.21818448805844,7.351227982252517,0.5367165200365772,2.2433729837280483,4.746288789485597,7.351227982252517,1.0
lead574,daaa1858309c5938,timid_creep,1.97095003499762,5.042141535158858,0.040612276565837525,1.0893814377714996,3.0147307946039943,5.042141535158858,1.0
lead574,daaa1858309c5938,lead_release,0.06526374359894369,0.02919594715724085,0.08052291406006962,0.040832081384069185,0.11385098199620541,0.02919594715724085,0.0
lead574,ade00f93385b5d14,human_replay,3.3717013637721574e-08,8.06332701404766e-09,2.9524794674402807e-08,2.583732497600802e-08,2.0861167533160168e-08,8.06332701404766e-09,0.0
lead574,ade00f93385b5d14,ignore_all,8.690738520767173,20.013174522294946,1.7875942874167825,6.1076360120135424,12.350147558137081,20.013174522294946,1.0
lead574,ade00f93385b5d14,constant_velocity,3.0974788275437377,6.633220943422776,0.6641219582110954,2.3656883491465366,4.510611672485851,6.633220943422776,1.0
lead574,ade00f93385b5d14,timid_creep,2.8615398394953617,6.2135912828011906,0.559426672434371,2.1559869751957605,4.195928606153527,6.2135912828011906,1.0
lead574,ade00f93385b5d14,lead_release,0.18283550808842391,0.34947644660992,0.10684467464996074,0.14946821081913017,0.21857591305019036,0.34947644660992,0.0
lead574,97f7a14f8a835f59,human_replay,1.7139528590720822e-08,2.601479358833883e-08,1.6089528981371822e-08,2.1442281576979417e-09,1.9056267332143272e-08,2.601479358833883e-08,0.0
lead574,97f7a14f8a835f59,ignore_all,8.070311349659605,18.457286008483912,1.738920994291847,5.770903968386573,11.39227209665214,18.457286008483912,1.0
lead574,97f7a14f8a835f59,constant_velocity,2.4644836450035648,5.03209843473369,0.61553952839179,2.025235809068798,3.5371372962885115,5.03209843473369,1.0
lead574,97f7a14f8a835f59,timid_creep,3.623281946680322,7.092976633888911,1.1298398749981367,3.0552269451429312,5.082666258935532,7.092976633888911,1.0
lead574,97f7a14f8a835f59,lead_release,0.20549403797849128,0.3719671758443113,0.09253508991386199,0.17315854258974228,0.2687884540045305,0.3719671758443113,0.0
lead574,e3194cb3328b512f,human_replay,4.400480956161813e-08,5.8575779198373436e-08,3.3071428035395465e-08,1.4543254379096428e-08,9.502929127949522e-08,5.8575779198373436e-08,0.0
lead574,e3194cb3328b512f,ignore_all,7.522117940148929,17.635146701079677,1.6089533125612656,5.182829050332735,10.541683439991985,17.635146701079677,1.0
lead574,e3194cb3328b512f,constant_velocity,1.9180701165558374,4.21819889443682,0.4843969895247464,1.437370469793644,2.689130422600411,4.21819889443682,1.0
lead574,e3194cb3328b512f,timid_creep,2.7950001463799476,5.777280017552984,0.874171030422931,2.21675963976439,3.858434267376297,5.777280017552984,1.0
lead574,e3194cb3328b512f,lead_release,0.8422141529506064,1.4735957044322734,0.17539465391030004,0.8023166653134236,1.281973012595902,1.4735957044322734,0.0
lead574,d0dcc4b5cf6a53ab,human_replay,2.155471746175234e-08,1.511579479075714e-08,2.7656393669159912e-08,5.6118506559728625e-08,1.2347377083734875e-08,1.511579479075714e-08,0.0
lead574,d0dcc4b5cf6a53ab,ignore_all,6.999455954374127,16.567649725891133,1.4556066525927112,4.740610969613075,9.8090461475551,16.567649725891133,1.0
lead574,d0dcc4b5cf6a53ab,constant_velocity,1.3890044231119096,3.1262343751825443,0.3312749980215272,0.9936148413586461,1.9490413496273244,3.1262343751825443,1.0
lead574,d0dcc4b5cf6a53ab,timid_creep,3.212088766515004,6.397975783587471,1.1196925755831078,2.6096574332896054,4.392856181296915,6.397975783587471,1.0
lead574,d0dcc4b5cf6a53ab,lead_release,0.8041082313069652,1.274553115838433,0.2593814644909803,0.8346761782010754,1.1742703731166155,1.274553115838433,0.0
lead574,135899b9eb4f543e,human_replay,1.3375494973339398e-08,2.3033221675457165e-08,4.108914694234462e-09,2.3107174014815554e-09,3.843644613295379e-08,2.3033221675457165e-08,0.0
lead574,135899b9eb4f543e,ignore_all,6.743039019527041,15.994918699071555,1.3736541695585434,4.545004500543478,9.48581042632957,15.994918699071555,1.0
lead574,135899b9eb4f543e,constant_velocity,1.1302159243105283,2.541931066979398,0.25079238387284813,0.7976917635805303,1.622958731313231,2.541931066979398,1.0
lead574,135899b9eb4f543e,timid_creep,3.4179774712343427,6.7442498224215015,1.1706794340139521,2.812228168505923,4.730981304086731,6.7442498224215015,1.0
lead574,135899b9eb4f543e,lead_release,0.5150408686474317,0.8321016903241998,0.1547128350317547,0.5305223069927966,0.7404448858527114,0.8321016903241998,0.0
lead574,fab7537b12d254bd,human_replay,7.89920302376356e-08,2.0515519186324536e-07,1.8873395375946352e-08,4.940582439323354e-08,1.6119414349501497e-08,2.0515519186324536e-07,0.0
lead574,fab7537b12d254bd,ignore_all,6.914481011718186,16.756504765458434,1.3076255427380798,4.577857090297007,9.67684184858644,16.756504765458434,1.0
lead574,fab7537b12d254bd,constant_velocity,1.322587707094329,3.3815763884424417,0.1836046987306963,0.835689246663996,1.8386766258444078,3.3815763884424417,1.0
lead574,fab7537b12d254bd,timid_creep,0.9573597466248183,2.7186974280247997,0.019116861496337668,0.5043288126398957,1.3415182632922558,2.7186974280247997,1.0
lead574,fab7537b12d254bd,lead_release,2.215821503944082,7.04406558247172,0.023273684894311957,0.8301498660084673,3.0102386879661425,7.04406558247172,1.0
lead574,9aad3780bef85c98,human_replay,7.402783787796777e-08,1.0259529848188584e-07,4.064724388852106e-08,6.285301551356938e-08,1.1489400524939488e-07,1.0259529848188584e-07,0.0
lead574,9aad3780bef85c98,ignore_all,7.189938215144474,17.2266494106585,1.4348899552676764,4.78434089196417,10.084993482961798,17.2266494106585,1.0
lead574,9aad3780bef85c98,constant_velocity,1.595689453505861,3.844109996267217,0.3112695790556691,1.0414379314639355,2.2441903347451944,3.844109996267217,1.0
lead574,9aad3780bef85c98,timid_creep,1.4197459558909609,3.530999447268017,0.23325805021879747,0.8848992359686138,2.00936892118776,3.530999447268017,1.0
lead574,9aad3780bef85c98,lead_release,1.376991908918454,4.05997674264418,0.10782792539956561,0.6801048928569018,1.8323150112712963,4.05997674264418,1.0
lead574,3495be9149e0537d,human_replay,6.51138325238221e-08,2.2050513962623867e-07,1.58365505621098e-08,4.787016543593064e-08,2.5028739219661668e-08,2.2050513962623867e-07,0.0
lead574,3495be9149e0537d,ignore_all,7.7531301957423615,18.00925977461848,1.6368028782246273,5.369700839652152,10.951063909753646,18.00925977461848,1.0
lead574,3495be9149e0537d,constant_velocity,2.1648222697744512,4.647496567257477,0.5130384672870992,1.6287475653792505,3.1177303944824675,4.647496567257477,1.0
lead574,3495be9149e0537d,timid_creep,1.4877128744194645,3.4399353378617974,0.21148286051421392,1.0249249873833788,2.2120317385407824,3.4399353378617974,1.0
lead574,3495be9149e0537d,lead_release,0.9121471294577214,2.2272130583257095,0.12047517194569833,0.5784338817320157,1.3385075629245082,2.2272130583257095,1.0
lead574,ba69db6d6eb15ceb,human_replay,4.0180298943285796e-08,2.4085317420498388e-08,9.683495978189832e-09,1.9661885417212544e-08,9.729925222557855e-08,2.4085317420498388e-08,0.0
lead574,ba69db6d6eb15ceb,ignore_all,7.394288212975569,17.117191324416186,1.6013178731168958,5.173515261799607,10.404758275599482,17.117191324416186,1.0
lead574,ba69db6d6eb15ceb,constant_velocity,1.7958506761223583,3.7209970976965643,0.4768913142480107,1.4292775984868293,2.5590351448489574,3.7209970976965643,1.0
lead574,ba69db6d6eb15ceb,timid_creep,1.9951191226995308,4.075248091688196,0.565457988214323,1.6064078150122407,2.8247280521176124,4.075248091688196,1.0
lead574,ba69db6d6eb15ceb,lead_release,1.0597277680038872,2.4699132622502287,0.13969733118560493,0.6973295270001597,1.5910361227302443,2.4699132622502287,1.0
lead574,b7c371d55ca65cf8,human_replay,4.499778803601041e-08,1.555851109389166e-08,1.4665796546544126e-08,6.337732356402314e-08,1.1279442882540101e-07,1.555851109389166e-08,0.0
lead574,b7c371d55ca65cf8,ignore_all,6.212516269714627,15.175369784640036,1.202975706807418,4.043078018156671,8.662273957598423,15.175369784640036,1.0
lead574,b7c371d55ca65cf8,constant_velocity,0.6031053567540496,1.7346848410542972,0.0799439952255145,0.296962831483728,0.802554353832417,1.7346848410542972,0.0
lead574,b7c371d55ca65cf8,timid_creep,2.367395587478475,4.890839100473136,0.850486684266713,1.8624208779821618,3.163457475365035,4.890839100473136,1.0
lead574,b7c371d55ca65cf8,lead_release,0.844559623571278,1.6634957083855093,0.18016009584842296,0.6484921514977184,1.3033533031854836,1.6634957083855093,0.0
lead574,ae46065dc9ce55b1,human_replay,4.526150264356578e-08,8.238039173063172e-08,1.5906328656397032e-09,2.1400591485917983e-08,7.775342549208689e-08,8.238039173063172e-08,0.0
lead574,ae46065dc9ce55b1,ignore_all,6.364272217805391,15.571113380578824,1.2141762029698315,4.124025542673426,8.89275596714147,15.571113380578824,1.0
lead574,ae46065dc9ce55b1,constant_velocity,0.7532979025262692,2.127855134484207,0.09097481321370193,0.37655907940874667,1.0316406986149047,2.127855134484207,1.0
lead574,ae46065dc9ce55b1,timid_creep,2.610637044911238,5.468475904445631,0.8880171695978598,2.0221482025343245,3.5247978491130034,5.468475904445631,1.0
lead574,ae46065dc9ce55b1,lead_release,0.672041557700754,1.22168753520155,0.1463840191637722,0.5438555674964931,1.0706386872148457,1.22168753520155,0.0
lead574,6ac3f5626d2b555b,human_replay,3.104779235027193e-08,5.1952960129156447e-08,4.7009042039482665e-09,1.2913109311780373e-08,5.3863650841170506e-08,5.1952960129156447e-08,0.0
lead574,6ac3f5626d2b555b,ignore_all,6.553124094070086,15.924625236337986,1.2365451782262036,4.2605193882350125,9.20178770198923,15.924625236337986,1.0
lead574,6ac3f5626d2b555b,constant_velocity,0.9414725040343739,2.478874733030396,0.1125594095684432,0.5128081261998774,1.339684782229767,2.478874733030396,1.0
lead574,6ac3f5626d2b555b,timid_creep,2.8914497025908967,6.004775918454468,0.9368177769215731,2.2378833668283074,3.9653598314905385,6.004775918454468,1.0
lead574,6ac3f5626d2b555b,lead_release,0.5447444354470129,0.9301127187233097,0.1427260377466626,0.48718514386207545,0.853145003171718,0.9301127187233097,0.0
lead574,d9880e5e2cff5787,human_replay,2.641251671026103e-08,4.132826220680431e-08,9.254002004078557e-09,1.9994917533719455e-08,4.302856220966815e-08,4.132826220680431e-08,0.0
lead574,d9880e5e2cff5787,ignore_all,6.740942708897631,16.177611563955608,1.29008271160759,4.447076359025311,9.536500461310181,16.177611563955608,1.0
lead574,d9880e5e2cff5787,constant_velocity,1.1279886291299923,2.7287227627468194,0.16518504879977605,0.6988198941536043,1.6734649480050718,2.7287227627468194,1.0
lead574,d9880e5e2cff5787,timid_creep,3.1987983909724234,6.495383115245394,1.0246984567280697,2.5273737317003553,4.471083671390141,6.495383115245394,1.0
lead574,d9880e5e2cff5787,lead_release,0.4150698066028259,0.6598717124022304,0.14612395198032602,0.42254447640720405,0.5781227787903799,0.6598717124022304,0.0
lead574,fab7cc2db66f5e63,human_replay,5.592671361350469e-09,4.4030894365879754e-09,2.2670493405449535e-09,5.188590948935795e-09,7.830625960151772e-09,4.4030894365879754e-09,0.0
lead574,fab7cc2db66f5e63,ignore_all,6.764690138186322,16.064822300787554,1.3080943201007877,4.541404111090513,9.57906630187117,16.064822300787554,1.0
lead574,fab7cc2db66f5e63,constant_velocity,1.1501246135645224,2.6097501934649623,0.18325312472206165,0.7928441253326962,1.714205330015314,2.6097501934649623,1.0
lead574,fab7cc2db66f5e63,timid_creep,3.4815131720444366,6.897569249419465,1.1171336427945986,2.844703515826574,4.884075643438012,6.897569249419465,1.0
lead574,fab7cc2db66f5e63,lead_release,0.4461147862776016,0.6738294634692954,0.20983422018948836,0.4894764550254906,0.5756805459707921,0.6738294634692954,0.0
lead574,d2e124f077ee53cb,human_replay,3.570342702387173e-08,5.0358150246845784e-08,2.9872704573216905e-08,3.7340199885427405e-08,5.6095617554474486e-08,5.0358150246845784e-08,0.0
lead574,d2e124f077ee53cb,ignore_all,7.8503301100038065,18.369331411230128,1.6097870557174547,5.4110133807237375,11.065508931629877,18.369331411230128,1.0
lead574,d2e124f077ee53cb,constant_velocity,2.2481276344639536,4.959845548171481,0.4852109789049408,1.6656942702290167,3.215211073160631,4.959845548171481,1.0
lead574,d2e124f077ee53cb,timid_creep,2.846881036896668,6.0243115041645305,0.7513237776299819,2.197897856520693,4.01355263968504,6.0243115041645305,1.0
lead574,d2e124f077ee53cb,lead_release,0.37912457335882166,0.69383196057503,0.07874971425243636,0.321207563374904,0.6027537349863008,0.69383196057503,0.0
lead574,86c6c03a41a057d6,human_replay,3.04124257415852e-08,3.913917618359516e-08,2.252092364150953e-08,5.82453646524584e-08,5.472819642820024e-09,3.913917618359516e-08,0.0
lead574,86c6c03a41a057d6,ignore_all,7.551616762328247,17.579578188660193,1.6056059880763291,5.229238129139875,10.6426818383002,17.579578188660193,1.0
lead574,86c6c03a41a057d6,constant_velocity,1.9428599106725004,4.146374887083359,0.4808275837793245,1.482038728033466,2.784522728885459,4.146374887083359,1.0
lead574,86c6c03a41a057d6,timid_creep,3.4024833885591423,6.741298646588476,1.1295362941743585,2.779471761320613,4.7307124088337655,6.741298646588476,1.0
lead574,86c6c03a41a057d6,lead_release,0.38952596244770266,0.6522748360485087,0.08011142242196065,0.41310677026140213,0.5668639355138331,0.6522748360485087,0.0
lead574,d01e896e6c325436,human_replay,1.0835330807362894e-08,1.664990868359891e-09,2.707862754951467e-08,2.0058143096413872e-08,1.3324677120937246e-09,1.664990868359891e-09,0.0
lead574,d01e896e6c325436,ignore_all,7.076922104811067,16.491697695375095,1.5114193130163633,4.890546559084306,9.956912906696223,16.491697695375095,1.0
lead574,d01e896e6c325436,constant_velocity,1.4629975882452964,3.038945017463046,0.3867677831851533,1.142105550837197,2.0927357026481124,3.038945017463046,1.0
lead574,d01e896e6c325436,timid_creep,3.693090294915931,7.124246922144132,1.2915509718203517,3.1071835940958694,5.117945961329523,7.124246922144132,1.0
lead574,d01e896e6c325436,lead_release,0.3666651178286188,0.5700975762625575,0.14116661509596148,0.4059792105135434,0.49275165427421197,0.5700975762625575,0.0
lead574,bfcb040f50425141,human_replay,6.196427878271889e-08,6.390771116403168e-08,2.2196395393116182e-08,1.3089895018119914e-08,5.8791538047994025e-08,6.390771116403168e-08,0.0
lead574,bfcb040f50425141,ignore_all,9.294312464339484,21.366390539858457,1.9898342487007585,6.495739196831194,13.183147721511535,21.366390539858457,1.0
lead574,bfcb040f50425141,constant_velocity,3.7172782969827574,8.04213079720601,0.8669094053022006,2.7589110430094457,5.363921504726479,8.04213079720601,1.0
lead574,bfcb040f50425141,timid_creep,2.267224841967021,5.441744189395306,0.21869272639016873,1.4588938239349423,3.413637319081231,5.441744189395306,1.0
lead574,bfcb040f50425141,lead_release,0.1710784847293426,0.328203238224963,0.09984737780390751,0.110188318408962,0.24079816263888937,0.328203238224963,0.0
lead574,18236bb0b875582d,human_replay,1.941912477707707e-08,5.614686719109622e-09,7.257627198379513e-09,2.036895612299988e-08,5.080939324853215e-08,5.614686719109622e-09,0.0
lead574,18236bb0b875582d,ignore_all,8.658003585199141,19.793904929061842,1.8761092254953724,6.134818115511772,12.25342044248392,19.793904929061842,1.0
lead574,18236bb0b875582d,constant_velocity,3.0610232461235203,6.402813781905805,0.751753215933119,2.3910283594798347,4.409494337747438,6.402813781905805,1.0
lead574,18236bb0b875582d,timid_creep,3.112267878274959,6.493915994440724,0.7745285921969339,2.436579674075925,4.4778209044345765,6.493915994440724,1.0
lead574,18236bb0b875582d,lead_release,0.1920977187957617,0.37344853864353256,0.05628899455303288,0.1778165881220993,0.2685531170137899,0.37344853864353256,0.0
lead574,cb0505ba89415347,human_replay,1.3589718298848142e-08,4.811698665973881e-09,8.935576281619268e-09,2.5934827795249947e-08,1.9303761603525545e-08,4.811698665973881e-09,0.0
lead574,cb0505ba89415347,ignore_all,7.995933338109569,18.236902576068722,1.7598184436754565,5.729948565796726,11.261120210310219,18.236902576068722,1.0
lead574,cb0505ba89415347,constant_velocity,2.3878294101585036,4.806084050305157,0.6350302786265767,1.9829502342899508,3.403794469956426,4.806084050305157,1.0
lead574,cb0505ba89415347,timid_creep,3.7542377711294934,7.235266389239036,1.2423371166288222,3.1975158662577905,5.225661110291333,7.235266389239036,1.0
lead574,cb0505ba89415347,lead_release,0.19640900011099982,0.3644220647911158,0.0534296736433488,0.18906158301114837,0.27194673716899864,0.3644220647911158,0.0
lead574,a8c4188597da52a2,human_replay,7.921506780962681e-09,1.0458446902323051e-08,9.14840068004215e-09,6.5625308956469e-10,7.418924995520532e-09,1.0458446902323051e-08,0.0
lead574,a8c4188597da52a2,ignore_all,7.2476253231605146,16.60393473081445,1.642496196200131,5.163040821372141,10.151096498926933,16.60393473081445,1.0
lead574,a8c4188597da52a2,constant_velocity,1.632898911618601,3.147979723756928,0.5175584247579592,1.4145368207595634,2.2861106424220154,3.147979723756928,1.0
lead574,a8c4188597da52a2,timid_creep,4.01066744129041,7.528609881851398,1.4648028736105319,3.5061302930763825,5.522218552249453,7.528609881851398,1.0
lead574,a8c4188597da52a2,lead_release,0.22980866916768147,0.39533543988252345,0.11428668208331387,0.2088701706751622,0.3030357679666933,0.39533543988252345,0.0
lead574,8db638d42ddc59f2,human_replay,1.3145951445605278e-08,7.837055441797447e-09,4.419414480744844e-09,2.2445131085555948e-08,2.0235449614853087e-08,7.837055441797447e-09,0.0
lead574,8db638d42ddc59f2,ignore_all,6.3869634625250225,15.257535249787312,1.2250001927651115,4.267894737431356,9.026257443853247,15.257535249787312,1.0
lead574,8db638d42ddc59f2,constant_velocity,0.7723441947393475,1.7937683884666402,0.1023523316572908,0.5199011821587572,1.1594809585851007,1.7937683884666402,0.0
lead574,8db638d42ddc59f2,timid_creep,3.54647171214938,6.971145547957781,1.1611472168034955,2.952179068603653,4.964415402859514,6.971145547957781,1.0
lead574,8db638d42ddc59f2,lead_release,0.5237644023591104,0.7886065343485152,0.22885426949953533,0.5668887399015473,0.686027989137402,0.7886065343485152,0.0
lead574,7bd486db42e35b18,human_replay,7.670993805247359e-09,5.111602914541986e-09,4.204529366250836e-09,7.668014136489057e-09,1.0108453976701786e-08,5.111602914541986e-09,0.0
lead574,7bd486db42e35b18,ignore_all,6.433223232727617,15.189337840907823,1.3020680316196533,4.392129540321294,9.055006444160478,15.189337840907823,1.0
lead574,7bd486db42e35b18,constant_velocity,0.8160802150843661,1.722333349011425,0.17788747917890227,0.6434759400910655,1.1870593562245664,1.722333349011425,0.0
lead574,7bd486db42e35b18,timid_creep,3.760659749537729,7.237311517325779,1.2864016503703306,3.2208570350615893,5.233317343222368,7.237311517325779,1.0
lead574,7bd486db42e35b18,lead_release,0.33174502946718554,0.5389491278042761,0.12810324108266397,0.3258388309244214,0.4422220664063537,0.5389491278042761,0.0
lead574,199bda2914215d57,human_replay,1.5997164937482706e-08,5.393294578281985e-09,3.8712930731946496e-08,3.71852601458792e-08,7.463823764918946e-09,5.393294578281985e-09,0.0
lead574,199bda2914215d57,ignore_all,7.874024274967571,18.485249396784972,1.59477294701899,5.361773481874453,11.15654803786048,18.485249396784972,1.0
lead574,199bda2914215d57,constant_velocity,2.2727414464683915,5.077217367019337,0.47073927075463406,1.6176231561798353,3.307191731396527,5.077217367019337,1.0
lead574,199bda2914215d57,timid_creep,2.8373749734961144,6.081307155306094,0.7215186887106952,2.1193180773374274,4.060165660485582,6.081307155306094,1.0
lead574,199bda2914215d57,lead_release,0.4637960685210685,0.7818204414525121,0.12177770781151001,0.4666599255245468,0.6653542782132571,0.7818204414525121,0.0
lead574,3d29e22a03a15391,human_replay,3.301042687022032e-08,5.74292239481785e-08,2.982305986617537e-08,5.654283304573632e-09,4.9532336629846504e-08,5.74292239481785e-08,0.0
lead574,3d29e22a03a15391,ignore_all,7.513309357048085,17.549483552025812,1.519887320286759,5.176287093429231,10.637899923506163,17.549483552025812,1.0
lead574,3d29e22a03a15391,constant_velocity,1.9056624594608786,4.115277745467582,0.3982111882858025,1.4303804332967416,2.7800246366277217,4.115277745467582,1.0
lead574,3d29e22a03a15391,timid_creep,3.4278290772814266,6.823203867776231,1.0725824326079585,2.783509616374342,4.810730592595741,6.823203867776231,1.0
lead574,3d29e22a03a15391,lead_release,0.44781347184432657,0.6873659754612583,0.20674845548638165,0.48364949978236027,0.5851665280686467,0.6873659754612583,0.0
lead574,5a0af6d9e7a45c95,human_replay,1.4851742222289199e-08,1.778230812549655e-08,2.5067157087411758e-09,1.994605813902766e-09,1.837768275501368e-08,1.778230812549655e-08,0.0
lead574,5a0af6d9e7a45c95,ignore_all,7.248402036026553,16.80931965524718,1.520515366032632,5.082856552780685,10.217177934006962,16.80931965524718,1.0
lead574,5a0af6d9e7a45c95,constant_velocity,1.636031593915407,3.3592512982412717,0.3975606214814393,1.3351357715121197,2.3540796351580484,3.3592512982412717,1.0
lead574,5a0af6d9e7a45c95,timid_creep,3.76373769050907,7.241258033536308,1.271760187284904,3.2127041607713642,5.233946429924869,7.241258033536308,1.0
lead574,5a0af6d9e7a45c95,lead_release,0.2546474530712456,0.44731526686533585,0.10127896069907107,0.23022923068820353,0.33746440673071804,0.44731526686533585,0.0
lead574,82cd87ad4f1d5969,human_replay,7.885221599364747e-09,1.6213534643779118e-09,1.2904274922695865e-08,8.515516272813198e-09,6.1166466476418e-09,1.6213534643779118e-09,0.0
lead574,82cd87ad4f1d5969,ignore_all,6.846168611529184,15.856379658494484,1.4956543609257567,4.806472219032528,9.596392788807117,15.856379658494484,1.0
lead574,82cd87ad4f1d5969,constant_velocity,1.2297266461181715,2.393258890839593,0.37097629146977024,1.0575368577525746,1.7292919889312866,2.393258890839593,1.0
lead574,82cd87ad4f1d5969,timid_creep,3.9509930847095567,7.461166375326527,1.4161127998197431,3.4436939718566095,5.456339550145842,7.461166375326527,1.0
lead574,82cd87ad4f1d5969,lead_release,0.2519379712562472,0.4196847115050768,0.13358844652744978,0.22899604798267292,0.32867848447912573,0.4196847115050768,0.0
lead574,360670b878f45284,human_replay,5.9465812532797294e-08,5.2583184410583916e-08,4.791389203991218e-08,2.1563437898678872e-08,9.677864017603599e-08,5.2583184410583916e-08,0.0
lead574,360670b878f45284,ignore_all,8.032780115858676,18.910682502264834,1.7193719272122048,5.500904619509389,11.219123976166468,18.910682502264834,1.0
lead574,360670b878f45284,constant_velocity,2.4436773552819075,5.545098406085958,0.5970024828506771,1.7598510930235522,3.384370324314411,5.545098406085958,1.0
lead574,360670b878f45284,timid_creep,1.846718964243234,4.482649043814507,0.3333808319834309,1.2288091814745794,2.587537405418967,4.482649043814507,1.0
lead574,360670b878f45284,lead_release,0.7495292739801915,1.4803413425489826,0.07012110593720586,0.5718223788991574,1.2511846152702315,1.4803413425489826,0.0
lead574,304be364cb4050ce,human_replay,3.9117993294421493e-08,1.4251034116809604e-08,5.2209526213693975e-08,4.370147552804197e-10,1.1269889688996271e-07,1.4251034116809604e-08,0.0
lead574,304be364cb4050ce,ignore_all,7.633927330139575,18.076416197447415,1.6081621055040942,5.1362937952271395,10.710052371527158,18.076416197447415,1.0
lead574,304be364cb4050ce,constant_velocity,2.0336715731421617,4.672718982304486,0.4842672803317379,1.3913792886929273,2.861791471230412,4.672718982304486,1.0
lead574,304be364cb4050ce,timid_creep,2.4519656990832868,5.416628288563911,0.6699990397383061,1.7633376946073889,3.4197082859690027,5.416628288563911,1.0
lead574,304be364cb4050ce,lead_release,0.7723903833248634,1.3376482973530548,0.11462835142443906,0.7494658970280346,1.2142153261119808,1.3376482973530548,0.0
lead574,3b7933b82dc65348,human_replay,1.6824878198685376e-08,1.135940588499101e-08,2.321054665198761e-08,4.707854969129058e-09,3.362123496272796e-08,1.135940588499101e-08,0.0
lead574,3b7933b82dc65348,ignore_all,7.2733529188032096,17.28308770874907,1.4472075416594514,4.851878851105783,10.27983682539241,17.28308770874907,1.0
lead574,3b7933b82dc65348,constant_velocity,1.6661369871254124,3.8541991864384486,0.3228261629089543,1.1057474018845164,2.423451747280963,3.8541991864384486,1.0
lead574,3b7933b82dc65348,timid_creep,2.9641189221046766,6.162116065803829,0.8995189916476729,2.2592358597146087,4.154233044236723,6.162116065803829,1.0
lead574,3b7933b82dc65348,lead_release,0.6212637289029802,0.9940218366631951,0.18769677573483787,0.6637272609885955,0.8904958744517111,0.9940218366631951,0.0
lead574,5576401890e55a6e,human_replay,2.0709081353178685e-08,8.856869502317208e-09,2.5855451481129806e-08,2.0277843487973376e-08,8.198989126802823e-09,8.856869502317208e-09,0.0
lead574,5576401890e55a6e,ignore_all,7.174981085145536,16.93575915311285,1.4045930879530397,4.869140799642216,10.164349226080843,16.93575915311285,1.0
lead574,5576401890e55a6e,constant_velocity,1.5648116640406473,3.494326617154676,0.28124229060303774,1.1224225541917519,2.3039821174255604,3.494326617154676,1.0
lead574,5576401890e55a6e,timid_creep,3.3646179279633133,6.720270609282813,1.0621547219804934,2.7184942685176576,4.715187943972362,6.720270609282813,1.0
lead574,5576401890e55a6e,lead_release,0.2185001941888286,0.40388164292309087,0.06459355423718567,0.194207967266126,0.3059401671980259,0.40388164292309087,0.0
lead574,95de48bebbb35484,human_replay,1.3588621662948931e-08,5.519696816015571e-09,2.853980459440063e-08,2.3327032454590775e-08,3.101209073263298e-09,5.519696816015571e-09,0.0
lead574,95de48bebbb35484,ignore_all,7.100443332488444,16.574801857023616,1.4489690454069843,4.93187070749589,10.019661789251751,16.574801857023616,1.0
lead574,95de48bebbb35484,constant_velocity,1.4872534727098639,3.123232964023516,0.3250933481335412,1.183861095363799,2.1560189461101493,3.123232964023516,1.0
lead574,95de48bebbb35484,timid_creep,3.6740574653700864,7.122670238920634,1.2168975970191847,3.111887427223151,5.119808618774742,7.122670238920634,1.0
lead574,95de48bebbb35484,lead_release,0.3386957963796044,0.5536911942699766,0.14916246878248604,0.3372115791543639,0.4494199346727549,0.5536911942699766,0.0
lead574,0c4bafb20cea5e44,human_replay,6.848675996557356e-09,6.133720398588673e-09,1.2202961909560242e-08,7.0132291736381045e-09,9.673723685691128e-09,6.133720398588673e-09,0.0
lead574,0c4bafb20cea5e44,ignore_all,6.762404333032739,15.74994286494652,1.4380149963619056,4.715555322204921,9.495464699906002,15.74994286494652,1.0
lead574,0c4bafb20cea5e44,constant_velocity,1.1460577052994043,2.2867732775356373,0.3137674830609007,0.9666841706494973,1.628386298455094,2.2867732775356373,1.0
lead574,0c4bafb20cea5e44,timid_creep,3.871650243944112,7.363526156964978,1.3597470612125813,3.3565825389713204,5.3617335562870725,7.363526156964978,1.0
lead574,0c4bafb20cea5e44,lead_release,0.2633564993041496,0.46552352309694245,0.10233783851126067,0.24095723782754525,0.35833114678480754,0.46552352309694245,0.0
lead574,b821203c112455cb,human_replay,2.2534183544872205e-08,2.8111964107227854e-09,6.2236134449067835e-09,4.26668288532512e-09,4.1543167758075794e-08,2.8111964107227854e-09,0.0
lead574,b821203c112455cb,ignore_all,8.338600333105353,19.208219777145857,1.7658097113085593,5.858479475086904,11.79942307441579,19.208219777145857,1.0
lead574,b821203c112455cb,constant_velocity,2.7389674442999867,5.806535936468387,0.6418484268954601,2.1142603112500096,3.9521210068785115,5.806535936468387,1.0
lead574,b821203c112455cb,timid_creep,3.1047981370014828,6.4570566983073725,0.8043199719631148,2.4394304558072455,4.439971244390833,6.4570566983073725,1.0
lead574,b821203c112455cb,lead_release,0.24464378646174895,0.4492495941217955,0.05684321972710334,0.2347544654631091,0.35417237721547395,0.4492495941217955,0.0
lead574,6bc3bf1ef6a85616,human_replay,1.4011350617043075e-08,6.390540750222158e-09,2.1309208699166425e-08,1.850262915871352e-08,1.9571018766729105e-08,6.390540750222158e-09,0.0
lead574,6bc3bf1ef6a85616,ignore_all,7.697575731433981,17.706808449088655,1.6725844631736373,5.434384823397803,10.84832592395461,17.706808449088655,1.0
lead574,6bc3bf1ef6a85616,constant_velocity,2.088185630747844,4.269643691812043,0.5487564780621661,1.6873318361340754,2.989237116080915,4.269643691812043,1.0
lead574,6bc3bf1ef6a85616,timid_creep,3.728430205663519,7.186190793167574,1.277077763348574,3.1453601270796647,5.176520659474491,7.186190793167574,1.0
lead574,6bc3bf1ef6a85616,lead_release,0.213373520712256,0.3884495918287223,0.05372780880466723,0.21329789060520032,0.2961683093814389,0.3884495918287223,0.0
lead574,234a85adedc75216,human_replay,5.8507582204276905e-09,9.708861660937851e-09,8.566881871463731e-10,1.3808402942288757e-08,1.7109532549970001e-09,9.708861660937851e-09,0.0
lead574,234a85adedc75216,ignore_all,7.054179879231661,16.28642431989906,1.5523939256349286,4.969014021594217,9.895395311962577,16.28642431989906,1.0
lead574,234a85adedc75216,constant_velocity,1.4392397049645484,2.8281768469165187,0.42807766729414815,1.2207245190959533,2.0298855430884593,2.8281768469165187,1.0
lead574,234a85adedc75216,timid_creep,3.927488521596362,7.430439554993303,1.4063886129369436,3.407039463656862,5.424223127056747,7.430439554993303,1.0
lead574,234a85adedc75216,lead_release,0.21279989284814158,0.3746244670813635,0.08693878213352497,0.19610899408350488,0.28596508593231573,0.3746244670813635,0.0
lead574,f6ce545dcc975501,human_replay,1.5618149992517016e-08,9.66747372636127e-09,2.1431826027683042e-08,1.8646623019500615e-08,1.671356679556424e-08,9.66747372636127e-09,0.0
lead574,f6ce545dcc975501,ignore_all,9.161819563609697,20.895127248602485,1.9335645734859688,6.540160686873704,13.010289610835963,20.895127248602485,1.0
lead574,f6ce545dcc975501,constant_velocity,3.574669494870272,7.537417871833139,0.8098456437084862,2.7996509903341393,5.178440569800759,7.537417871833139,1.0
lead574,f6ce545dcc975501,timid_creep,2.797596509648461,6.155523756782326,0.46456734212968226,2.108720700416383,4.142023413841776,6.155523756782326,1.0
lead574,f6ce545dcc975501,lead_release,0.08374869378759223,0.1138562772420803,0.08716159677942019,0.14444881109188196,0.02723449452569732,0.1138562772420803,0.0
lead574,36077daf1cda5d05,human_replay,1.6078550265026154e-08,1.8560888039956808e-08,1.511967533902326e-08,1.3453980315133408e-08,2.0652031121872086e-10,1.8560888039956808e-08,0.0
lead574,36077daf1cda5d05,ignore_all,8.448367670679245,19.13893382912675,1.8703125798487705,6.119148057945735,11.908818936373704,19.13893382912675,1.0
lead574,36077daf1cda5d05,constant_velocity,2.8447175585959434,5.724356080066999,0.7457098338497894,2.373324222050198,4.05676875507202,5.724356080066999,1.0
lead574,36077daf1cda5d05,timid_creep,3.611079901663873,7.086782733432514,1.086298155405536,3.054537396230323,5.078588680668412,7.086782733432514,1.0
lead574,36077daf1cda5d05,lead_release,0.20101339103303006,0.37223280323119307,0.07496871882559021,0.18344842543854076,0.27328023652338124,0.37223280323119307,0.0
lead574,991972800a895109,human_replay,5.325547661599273e-09,3.991601367398229e-09,5.095224501661078e-09,5.700420828019996e-09,4.592469985709411e-09,3.991601367398229e-09,0.0
lead574,991972800a895109,ignore_all,7.485176935991591,17.04244763540842,1.7430264031955451,5.373438788350585,10.47586041817039,17.04244763540842,1.0
lead574,991972800a895109,constant_velocity,1.8715713041934527,3.5910950794205196,0.6181111317107014,1.6250223032346502,2.612094685424025,3.5910950794205196,1.0
lead574,991972800a895109,timid_creep,4.042824785882813,7.558634691865758,1.5063261626524593,3.539678504046924,5.5531922253146755,7.558634691865758,1.0
lead574,991972800a895109,lead_release,0.1956819241137637,0.33273330317246114,0.08659773578374338,0.17727199831618273,0.260418816400048,0.33273330317246114,0.0
lead574,abdc7a57df4a56cd,human_replay,1.4693863862319195e-08,2.534163067746563e-08,1.099218476019183e-08,9.726420221819817e-09,6.4094085122553285e-09,2.534163067746563e-08,0.0
lead574,abdc7a57df4a56cd,ignore_all,8.112929200306459,18.466736759559826,1.8337781240173556,5.808756071733608,11.408891301131638,18.466736759559826,1.0
lead574,abdc7a57df4a56cd,constant_velocity,2.506949536160252,5.041139711720401,0.7102746659947023,2.0629494349198048,3.553589364160251,5.041139711720401,1.0
lead574,abdc7a57df4a56cd,timid_creep,3.6802171941073043,7.127692590723823,1.2310923795052422,3.105828393462649,5.118383773175612,7.127692590723823,1.0
lead574,abdc7a57df4a56cd,lead_release,0.2541607129096368,0.4739527074023773,0.0665330731524207,0.23955765602189255,0.3599362512885926,0.4739527074023773,0.0
lead574,83158ad924fc506c,human_replay,3.755211319846748e-08,3.804065047909272e-08,1.0806491933367226e-08,3.07206919473347e-08,5.306126328445033e-08,3.804065047909272e-08,0.0
lead574,83158ad924fc506c,ignore_all,8.47985961915853,19.39018257221487,1.8392232296211728,6.014529856537842,11.988918698614045,19.39018257221487,1.0
lead574,83158ad924fc506c,constant_velocity,2.8796403690696515,5.987503945244826,0.7149519638595475,2.269749685322923,4.140960994617042,5.987503945244826,1.0
lead574,83158ad924fc506c,timid_creep,3.2669415146835394,6.676077078831259,0.8870220527498096,2.614029373406373,4.6573871909196765,6.676077078831259,1.0
lead574,83158ad924fc506c,lead_release,0.04272694648299044,0.05291394801632144,0.03412776216266975,0.0332048281921436,0.060392617545474765,0.05291394801632144,0.0
lead574,9678b0cccb565681,human_replay,1.9133184892700317e-08,2.6049055149619077e-08,2.939325480892899e-08,1.904434150929262e-08,1.8471105025759591e-09,2.6049055149619077e-08,0.0
lead574,9678b0cccb565681,ignore_all,7.764313903973253,17.753708819321027,1.7190072945201575,5.5413953701450565,10.925288205626234,17.753708819321027,1.0
lead574,9678b0cccb565681,constant_velocity,2.154103573650052,4.314631604001447,0.5946468485591776,1.7937889798692377,3.065309256984682,4.314631604001447,1.0
lead574,9678b0cccb565681,timid_creep,3.8616234735997,7.354947282960045,1.3499921531550503,3.3110470925772386,5.3440909931718545,7.354947282960045,1.0
lead574,9678b0cccb565681,lead_release,0.11971292785735839,0.06886199673704291,0.07069365728465571,0.19107053253123749,0.1615685914920285,0.06886199673704291,0.0
lead574,cb10eedc602a59ab,human_replay,6.063974558665099e-08,1.0915028342216073e-07,2.0964991919747788e-08,7.970505254777711e-08,8.871191559894448e-08,1.0915028342216073e-07,0.0
lead574,cb10eedc602a59ab,ignore_all,8.485690130472348,19.730372229923198,1.798844887146097,5.867015536791411,11.975777621157766,19.730372229923198,1.0
lead574,cb10eedc602a59ab,constant_velocity,2.893963351845075,6.35725119228622,0.6747701402263324,2.125007094621187,4.138359146251943,6.35725119228622,1.0
lead574,cb10eedc602a59ab,timid_creep,2.4808602746944755,5.622823486385992,0.4911788646428059,1.7578087775671851,3.587550348848114,5.622823486385992,1.0
lead574,cb10eedc602a59ab,lead_release,0.258143826301749,0.4726317889994646,0.06218350010557332,0.24513934867900292,0.38373213692230174,0.4726317889994646,0.0
lead574,55b7f0c50f4a5157,human_replay,3.843254653777477e-08,4.958458323266773e-08,4.8134253566056936e-08,4.280236024905724e-08,4.3086989593675024e-08,4.958458323266773e-08,0.0
lead574,55b7f0c50f4a5157,ignore_all,7.901332057672317,18.36854264191846,1.6610789313106,5.453721472990072,11.17406356790742,18.36854264191846,1.0
lead574,55b7f0c50f4a5157,constant_velocity,2.2969756941422816,4.951003288285233,0.5365057849496763,1.7078273363595313,3.3212186688302165,4.951003288285233,1.0
lead574,55b7f0c50f4a5157,timid_creep,3.1724420012045202,6.5074563368096445,0.9255772635123515,2.486005579039598,4.4885125091705556,6.5074563368096445,1.0
lead574,55b7f0c50f4a5157,lead_release,0.3335150840288398,0.5735209750828065,0.09361122931419522,0.3503598825836019,0.4670120324783236,0.5735209750828065,0.0
lead574,7bea1ee3e6bc584d,human_replay,2.1053528046861856e-08,2.48847692383231e-08,1.645308129613585e-08,2.5631378629485397e-08,2.072128214621524e-08,2.48847692383231e-08,0.0
lead574,7bea1ee3e6bc584d,ignore_all,7.409786317482739,17.211769053743843,1.5481791848952424,5.157587300240008,10.462877055521034,17.211769053743843,1.0
lead574,7bea1ee3e6bc584d,constant_velocity,1.7986076175035652,3.768885355106099,0.4235521723718308,1.4100057391279581,2.6019273897298443,3.768885355106099,1.0
lead574,7bea1ee3e6bc584d,timid_creep,3.6492462987271534,7.095413761995226,1.2199985411654368,3.0497651994238084,5.085056197825937,7.095413761995226,1.0
lead574,7bea1ee3e6bc584d,lead_release,0.241028274542897,0.4061795463886976,0.10512603556610306,0.23204454919995604,0.3164571944161426,0.4061795463886976,0.0
lead574,1ce148cba6f35d51,human_replay,6.820387137037302e-09,5.901785455707595e-09,2.2644192488071635e-09,8.024319404921181e-09,1.161415632789535e-09,5.901785455707595e-09,0.0
lead574,1ce148cba6f35d51,ignore_all,7.065880297189631,16.356816567916365,1.5132096459137845,4.967286755130741,9.930778257078805,16.356816567916365,1.0
lead574,1ce148cba6f35d51,constant_velocity,1.4511063707353724,2.8999268952101027,0.3885793808267309,1.2190003904799158,2.065659805335724,2.8999268952101027,1.0
lead574,1ce148cba6f35d51,timid_creep,3.8771099570037397,7.377330759930012,1.3493632068193393,3.351872409045827,5.370820867763063,7.377330759930012,1.0
lead574,1ce148cba6f35d51,lead_release,0.17355135682991865,0.3112882385277373,0.0960984221046467,0.1395539648582866,0.2267360145185742,0.3112882385277373,0.0
lead574,4f5e535c78385629,human_replay,1.448582706753466e-08,2.879879285458405e-08,2.4205928032571036e-08,6.522147349794192e-09,2.1888776601704647e-08,2.879879285458405e-08,0.0
lead574,4f5e535c78385629,ignore_all,7.62800490112685,17.4471515147789,1.6922134298181934,5.447630934825677,10.72113448536138,17.4471515147789,1.0
lead574,4f5e535c78385629,constant_velocity,2.0163361414725833,4.002989165797486,0.5674071735936267,1.6997543945769615,2.859604443559659,4.002989165797486,1.0
lead574,4f5e535c78385629,timid_creep,3.9074649552075607,7.410315641295866,1.3755364552834946,3.3742625405609274,5.4005261623422784,7.410315641295866,1.0
lead574,4f5e535c78385629,lead_release,0.151206826595302,0.22077535885945918,0.021864468281277555,0.18324656677617812,0.23300166203201833,0.22077535885945918,0.0
lead574,c0941949acdb5ebc,human_replay,3.055030619930696e-08,4.635979635768019e-08,1.8853745361536326e-08,2.298843404544041e-08,4.619097016942632e-08,4.635979635768019e-08,0.0
lead574,c0941949acdb5ebc,ignore_all,8.139282049336007,18.676048260658224,1.758185862396018,5.752741092177629,11.498631409175685,18.676048260658224,1.0
lead574,c0941949acdb5ebc,constant_velocity,2.5345531013664693,5.257588507988859,0.6335094801755975,2.0066049349638146,3.6452803034183043,5.257588507988859,1.0
lead574,c0941949acdb5ebc,timid_creep,3.434318827863293,6.857183532548554,1.0334079085122636,2.8064024562111194,4.844976363634769,6.857183532548554,1.0
lead574,c0941949acdb5ebc,lead_release,0.13261094131346726,0.27800597429562635,0.0152371083613045,0.11849056731380773,0.18773907526158107,0.27800597429562635,0.0
lead574,2f191795b29f52b2,human_replay,1.4545186919737662e-08,1.8455919938342977e-08,9.34164971720579e-09,2.725242121605009e-08,1.0163832317356533e-08,1.8455919938342977e-08,0.0
lead574,2f191795b29f52b2,ignore_all,7.486219152404445,17.187085646306496,1.6423487448099385,5.318706272199393,10.524532307482051,17.187085646306496,1.0
lead574,2f191795b29f52b2,constant_velocity,1.8737029574178248,3.739923052058467,0.5174595466800285,1.5705397897673974,2.6620198627804865,3.739923052058467,1.0
lead574,2f191795b29f52b2,timid_creep,3.8760295333897856,7.369590666143894,1.3574031448362132,3.3403934320623776,5.361781778347767,7.369590666143894,1.0
lead574,2f191795b29f52b2,lead_release,0.05576482717044992,0.14790536636609056,0.014300852877221833,0.013998911189746248,0.08175824678474022,0.14790536636609056,0.0
lead574,7be8784c329456b4,human_replay,1.9426174477352095e-08,3.317635618354393e-08,2.4081482831420493e-08,1.4983366705929755e-08,6.051540334270927e-09,3.317635618354393e-08,0.0
lead574,7be8784c329456b4,ignore_all,6.694857052291899,16.019316292112062,1.271951077130331,4.4457717899195694,9.479833144845987,16.019316292112062,1.0
lead574,7be8784c329456b4,constant_velocity,1.0810010132912242,2.5668023215096114,0.14712781434783148,0.6972827085120329,1.6158314550546038,2.5668023215096114,1.0
lead574,7be8784c329456b4,timid_creep,3.305926306051502,6.641735750923782,1.050601131788019,2.6579994558105735,4.633588316549056,6.641735750923782,1.0
lead574,7be8784c329456b4,lead_release,0.36683185457748857,0.5433307926458526,0.19001914196260605,0.3911133795267107,0.4714328194617089,0.5433307926458526,0.0
lead574,f9720f622fd4511b,human_replay,9.125145941457278e-08,1.0087136686084146e-07,7.390447841285643e-08,7.574606543597524e-08,1.3841439163064647e-07,1.0087136686084146e-07,0.0
lead574,f9720f622fd4511b,ignore_all,9.300297031119142,20.529587929438325,2.0004824214744032,6.883586689683439,13.34708444996141,20.529587929438325,1.0
lead574,f9720f622fd4511b,constant_velocity,3.751353670617523,7.296545377277553,0.8792418796369091,3.157728480631814,5.56411217664082,7.296545377277553,1.0
lead574,f9720f622fd4511b,timid_creep,1.1157623967543726,2.270762583918829,0.2676646576592272,0.7180738541664557,1.8312474247415693,2.270762583918829,1.0
lead574,f9720f622fd4511b,lead_release,0.45903667372784873,1.2370796386536536,0.16512744753676525,0.6016867060675597,0.08779822056136245,1.2370796386536536,0.0
lead574,fe810492129f57a8,human_replay,7.308550510711376e-08,5.464006653029543e-08,4.186502032021293e-08,5.788882921634774e-08,4.365798081758216e-08,5.464006653029543e-08,0.0
lead574,fe810492129f57a8,ignore_all,8.500898101370641,18.344452639200835,2.0966613741705524,6.534507328688421,12.024128645565384,18.344452639200835,1.0
lead574,fe810492129f57a8,constant_velocity,2.9222665119089823,5.015523223134064,0.9733222843775625,2.7970426184998463,4.203062008822194,5.015523223134064,1.0
lead574,fe810492129f57a8,timid_creep,1.5590325927666906,2.5803539685130144,0.364568418444646,1.5793560243098406,2.3765285119110326,2.5803539685130144,1.0
lead574,fe810492129f57a8,lead_release,2.9661210139692478,5.454414830094331,1.031068254487135,2.9347632705206097,3.987214371848059,5.454414830094331,1.0
lead574,5f4945f6b9b45024,human_replay,5.215954410224841e-09,1.6709872135995526e-09,2.094827496668556e-09,5.106722437483424e-09,3.5497667617526893e-09,1.6709872135995526e-09,0.0
lead574,5f4945f6b9b45024,ignore_all,7.856294852932036,17.639729092042337,1.9460506759670064,5.730893676035453,10.956118387082586,17.639729092042337,1.0
lead574,5f4945f6b9b45024,constant_velocity,2.2440309247839108,4.193493816019405,0.8211683759026029,1.9827805688948579,3.0938880641016424,4.193493816019405,1.0
lead574,5f4945f6b9b45024,timid_creep,4.210746587945332,7.751954001531374,1.650938642143124,3.7221208394047083,5.7427878212336605,7.751954001531374,1.0
lead574,5f4945f6b9b45024,lead_release,0.05672554763614899,0.13417137510044624,0.049969414352342485,0.015130304865741438,0.06373589560184488,0.13417137510044624,0.0
lead574,22343d7492d158bb,human_replay,1.169971977924061e-08,1.1890900074159442e-08,1.9155234786980363e-08,1.438418745437396e-09,1.6529484780450123e-08,1.1890900074159442e-08,0.0
lead574,22343d7492d158bb,ignore_all,7.737044908450773,17.802363798711095,1.6456938543359307,5.480485289038507,10.917974205389791,17.802363798711095,1.0
lead574,22343d7492d158bb,constant_velocity,2.1275240238068025,4.366407864384601,0.520871563164064,1.7330722939746264,3.058942351591178,4.366407864384601,1.0
lead574,22343d7492d158bb,timid_creep,3.702892928867046,7.167077594267333,1.2210362801922559,3.1333928062133043,5.159441164809561,7.167077594267333,1.0
lead574,22343d7492d158bb,lead_release,0.04142175388702312,0.0708527501016485,0.0629441515767893,0.03668953461055583,0.01961545026156429,0.0708527501016485,0.0
lead574,39cbed62434a528b,human_replay,2.153083361508483e-08,8.914149659373288e-09,2.6645599687950476e-08,4.0432829189070046e-08,4.860508489000977e-08,8.914149659373288e-09,0.0
lead574,39cbed62434a528b,ignore_all,5.864458728147971,14.529411431672902,0.9924853269633502,3.7007936551493366,8.283422965838675,14.529411431672902,1.0
lead574,39cbed62434a528b,constant_velocity,0.34698772144817736,1.0670441623990579,0.132652958564532,0.06851877317220507,0.4201889381982923,1.0670441623990579,0.0
lead574,39cbed62434a528b,timid_creep,3.0177519119289067,6.230622525476063,0.9268182622380979,2.3797771982716,4.212725768254628,6.230622525476063,1.0
lead574,39cbed62434a528b,lead_release,0.8196699158116341,1.1990791210881881,0.3820046584590994,0.8385860351719785,1.1450200323378554,1.1990791210881881,0.0
lead574,2db824526e9458f2,human_replay,2.8304743093862634e-08,4.968355980668855e-08,7.396898978242153e-09,3.8160021028597244e-08,4.2473429888484067e-08,4.968355980668855e-08,0.0
lead574,2db824526e9458f2,ignore_all,6.329538900680964,15.293934809519317,1.1680280015124263,4.1430844398394955,8.962756344077587,15.293934809519317,1.0
lead574,2db824526e9458f2,constant_velocity,0.7168381068515756,1.8331466575189852,0.04365355958696475,0.3941729972293832,1.0963974012818272,1.8331466575189852,0.0
lead574,2db824526e9458f2,timid_creep,3.3185921786730135,6.6683069246525175,1.0552478196314452,2.680678407167324,4.657135847818068,6.6683069246525175,1.0
lead574,2db824526e9458f2,lead_release,0.7841861200903086,1.1116352603882231,0.37540850255901337,0.8772198369263561,1.0164352401075507,1.1116352603882231,0.0
lead574,a0024513b78656f1,human_replay,1.3224334904369367e-08,8.351129158652124e-09,9.056289430746196e-09,4.3684208154605945e-09,2.7012828596806044e-08,8.351129158652124e-09,0.0
lead574,a0024513b78656f1,ignore_all,6.483298838148393,15.432807919663524,1.2414787349657102,4.36369283965105,9.165190295146221,15.432807919663524,1.0
lead574,a0024513b78656f1,constant_velocity,0.8667748722794784,1.9698738747934998,0.1165975453976724,0.6146720197908353,1.2981079082573188,1.9698738747934998,0.0
lead574,a0024513b78656f1,timid_creep,3.576893401622054,7.0152498998134245,1.158710932276701,2.991247344621129,5.009078561843134,7.0152498998134245,1.0
lead574,a0024513b78656f1,lead_release,0.542907227841923,0.7929665694885102,0.2822327331826735,0.5840292032024308,0.6871019104226617,0.7929665694885102,0.0
lead574,c013f92386ab5921,human_replay,9.33945264091959e-09,9.497006727233866e-09,1.2774515982522097e-08,1.1302508025966059e-08,3.0470349536479073e-09,9.497006727233866e-09,0.0
lead574,c013f92386ab5921,ignore_all,6.458256189992646,15.237984292269845,1.2893206948155302,4.428070842319572,9.096837549653689,15.237984292269845,1.0
lead574,c013f92386ab5921,constant_velocity,0.8406966882396173,1.7709701514204528,0.16479896693470514,0.6788405089560982,1.228617793346802,1.7709701514204528,0.0
lead574,c013f92386ab5921,timid_creep,3.773082757899456,7.260866031653471,1.2700430631639994,3.2459373125840956,5.257114177518278,7.260866031653471,1.0
lead574,c013f92386ab5921,lead_release,0.3916966225797477,0.5913347892113292,0.22878681668744416,0.3862595014294126,0.49045115893688024,0.5913347892113292,0.0
lead574,5cd75b90a44e5a65,human_replay,2.611823613646308e-08,1.5147414228290359e-09,2.514210538688897e-08,5.6534090421851654e-08,5.674315920580646e-08,1.5147414228290359e-09,0.0
lead574,5cd75b90a44e5a65,ignore_all,8.001905520597752,18.774181621892044,1.5974862977385553,5.437919209862139,11.367301249038539,18.774181621892044,1.0
lead574,5cd75b90a44e5a65,constant_velocity,2.4016006711419817,5.371367700533624,0.4730167505068378,1.6931070184181414,3.519281983072139,5.371367700533624,1.0
lead574,5cd75b90a44e5a65,timid_creep,2.792296832573725,6.065965031305209,0.6466520925418908,2.0404009360279347,4.040227282585558,6.065965031305209,1.0
lead574,5cd75b90a44e5a65,lead_release,0.041609064080709704,0.05648256671585467,0.060255392037447016,0.06384812579003697,0.030907812723391763,0.05648256671585467,0.0
lead574,03c2e332abb25034,human_replay,1.9076064738070585e-08,3.693542254992978e-09,1.665121057065926e-08,7.289207980590835e-09,1.709240747264184e-08,3.693542254992978e-09,0.0
lead574,03c2e332abb25034,ignore_all,7.83555897536096,18.156759551964722,1.610632282456867,5.469401530779049,11.099643127069957,18.156759551964722,1.0
lead574,03c2e332abb25034,constant_velocity,2.2286767292111396,4.730478608727907,0.4859839835051505,1.722662614954122,3.243718696614216,4.730478608727907,1.0
lead574,03c2e332abb25034,timid_creep,3.4142482276948845,6.838180133997611,1.0128349270584567,2.776514383337287,4.824493019732994,6.838180133997611,1.0
lead574,03c2e332abb25034,lead_release,0.4102075352364992,0.7002947859370947,0.04566429379582557,0.3825844903279453,0.6834073537551593,0.7002947859370947,0.0
lead574,e56f85ee56395a99,human_replay,1.3684540463471227e-08,2.511864028750319e-08,1.8596202332845628e-08,2.3938971619757094e-08,4.2353408964868075e-09,2.511864028750319e-08,0.0
lead574,e56f85ee56395a99,ignore_all,7.4771644827844135,17.205088157887268,1.601255764015604,5.3069204961889165,10.529466870016284,17.205088157887268,1.0
lead574,e56f85ee56395a99,constant_velocity,1.864835012958435,3.7585061061597576,0.4763705930731324,1.5588037353939541,2.6671441991007065,3.7585061061597576,1.0
lead574,e56f85ee56395a99,timid_creep,3.8452393754691387,7.344387893481121,1.3100594992683703,3.309885123703094,5.335625473971109,7.344387893481121,1.0
lead574,e56f85ee56395a99,lead_release,0.9558352318253944,2.0822583925960676,0.15307890358828766,0.76734114646593,1.3955399621950646,2.0822583925960676,1.0
lead574,2b2484954fc85b54,human_replay,3.880277588183695e-09,9.655681605849684e-10,7.074004476031841e-09,8.577744550713302e-10,6.257950063510495e-09,9.655681605849684e-10,0.0
lead574,2b2484954fc85b54,ignore_all,6.9874049059799255,16.07082186566128,1.583008284857268,4.949226981535813,9.774978207764082,16.07082186566128,1.0
lead574,2b2484954fc85b54,constant_velocity,1.3712128380439768,2.6089234125597014,0.4582044464231245,1.2003687078779612,1.9082433944805783,2.6089234125597014,1.0
lead574,2b2484954fc85b54,timid_creep,4.031139229272623,7.554015504891086,1.485927912736686,3.5338871313582696,5.547556663196458,7.554015504891086,1.0
lead574,2b2484954fc85b54,lead_release,1.2581610530721916,2.8012760097101226,0.2516114866023226,0.9515806103833337,1.798891779438233,2.8012760097101226,1.0
lead574,1753feeb7c0e552c,human_replay,1.9951103782479786e-08,1.1266089862672885e-08,4.85945164322492e-09,4.599314566936399e-08,1.746519279623215e-08,1.1266089862672885e-08,0.0
lead574,1753feeb7c0e552c,ignore_all,6.84224425564719,16.1714258748524,1.4284137472434701,4.636949560427107,9.604371654621703,16.1714258748524,1.0
lead574,1753feeb7c0e552c,constant_velocity,1.231302058125171,2.730155407646934,0.30356696583999776,0.8892523103961183,1.7436096226880493,2.730155407646934,1.0
lead574,1753feeb7c0e552c,timid_creep,3.024486311454246,5.941474915381406,1.0837653262596485,2.4798048847982153,4.144662530511982,5.941474915381406,1.0
lead574,1753feeb7c0e552c,lead_release,0.16489719965398664,0.43851945076426985,0.001490435564738847,0.09653226351621284,0.23982146323047912,0.43851945076426985,0.0
lead574,7f93aad83fb15871,human_replay,3.4117259011551915e-08,5.89571128247501e-08,3.9789143858276386e-08,1.3514347755886666e-08,4.9655667655922536e-08,5.89571128247501e-08,0.0
lead574,7f93aad83fb15871,ignore_all,8.003468309463797,18.435595328189137,1.7762524572559675,5.639507546871185,11.244840411003407,18.435595328189137,1.0
lead574,7f93aad83fb15871,constant_velocity,2.400448518468638,5.023103684415327,0.6518285428530927,1.8938781858046383,3.3934977000705815,5.023103684415327,1.0
lead574,7f93aad83fb15871,timid_creep,3.0972499928766837,6.261907250794653,0.9614318816374192,2.513271208509333,4.322599359645899,6.261907250794653,1.0
lead574,7f93aad83fb15871,lead_release,0.5244608088622493,0.9968488144398028,0.0639164949746564,0.47539061207112865,0.8078707522598977,0.9968488144398028,0.0
lead574,9aea5cdc656458a0,human_replay,1.9114746698943286e-08,1.116241968716985e-08,1.8129340100244274e-08,2.1101037989171402e-08,3.2718557901074454e-08,1.116241968716985e-08,0.0
lead574,9aea5cdc656458a0,ignore_all,7.24977679830619,16.85785131635885,1.5885238223429858,5.042831254523809,10.152859237474564,16.85785131635885,1.0
lead574,9aea5cdc656458a0,constant_velocity,1.6380045265186371,3.4132208887892577,0.4638415723004057,1.2948201389034204,2.29112534488081,3.4132208887892577,1.0
lead574,9aea5cdc656458a0,timid_creep,3.543718909498792,6.849804392468108,1.2760289948462893,2.9819260034398694,4.852965161290603,6.849804392468108,1.0
lead574,9aea5cdc656458a0,lead_release,0.619771393458276,1.0130076212968728,0.20959627141742188,0.6263547361974826,0.8888603738194071,1.0130076212968728,0.0
lead574,43fe2321124251d3,human_replay,5.8633104981603196e-08,7.237962895092915e-08,5.955780063385714e-08,7.201977088124156e-08,2.8263910933671764e-08,7.237962895092915e-08,0.0
lead574,43fe2321124251d3,ignore_all,9.74857413050639,22.375619265991794,2.078806055680506,6.858333436456442,13.811841751955523,22.375619265991794,1.0
lead574,43fe2321124251d3,constant_velocity,4.189285543342188,9.109441313316925,0.9568466393861983,3.128263579327645,6.015443414971493,9.109441313316925,1.0
lead574,43fe2321124251d3,timid_creep,1.8643351076815367,4.818299704037358,0.08711246717592024,1.0034850690648993,2.80746570832593,4.818299704037358,1.0
lead574,43fe2321124251d3,lead_release,0.47519720903265383,0.8544363952014602,0.10094784612992463,0.439217792285669,0.7229541169796606,0.8544363952014602,0.0
lead574,6bcfc8d05b4c5d96,human_replay,3.572220473431751e-08,3.46598568386914e-08,4.607096349848789e-08,4.883177822681127e-08,2.359716555739397e-08,3.46598568386914e-08,0.0
lead574,6bcfc8d05b4c5d96,ignore_all,8.933748618176157,20.45702833266133,1.9143398080049843,6.3378038531322405,12.641731235492148,20.45702833266133,1.0
lead574,6bcfc8d05b4c5d96,constant_velocity,3.3443405060364957,7.091800919953349,0.7903890315978244,2.5965499805066683,4.8072634202564,7.091800919953349,1.0
lead574,6bcfc8d05b4c5d96,timid_creep,2.7428715552181084,6.022500684633781,0.5230893396545494,2.0619051071054315,4.005324585160797,6.022500684633781,1.0
lead574,6bcfc8d05b4c5d96,lead_release,0.216653554927434,0.436929881661967,0.05739546666598507,0.17283605414537154,0.3183946131085613,0.436929881661967,0.0
lead574,fd676fd01e475e33,human_replay,3.427480709756596e-08,4.866895258507483e-08,2.855705042419199e-08,5.6407916286371825e-08,1.4155114066977952e-08,4.866895258507483e-08,0.0
lead574,fd676fd01e475e33,ignore_all,8.147018324650647,18.639154591806708,1.789177793261356,5.790870889992831,11.485301804374274,18.639154591806708,1.0
lead574,fd676fd01e475e33,constant_velocity,2.5420855626926446,5.2194415228222315,0.6645371789573753,2.044851310163078,3.6317708081767313,5.2194415228222315,1.0
lead574,fd676fd01e475e33,timid_creep,3.4958540880788114,6.915110594806312,1.0884464527464648,2.8926257381715383,4.90346862198645,6.915110594806312,1.0
lead574,fd676fd01e475e33,lead_release,0.37305049117086564,0.6126779071206848,0.1391022676508591,0.386695790578843,0.5115615887399703,0.6126779071206848,0.0
lead574,6ea198f259b85e49,human_replay,1.3798007409895376e-08,2.371006669825027e-08,1.3754589239934172e-08,1.9216209531326324e-09,2.4249558795271882e-09,2.371006669825027e-08,0.0
lead574,6ea198f259b85e49,ignore_all,7.368336030376499,16.91959927641981,1.6564190763934412,5.215808482310176,10.340840367250381,16.91959927641981,1.0
lead574,6ea198f259b85e49,constant_velocity,1.7552528874257833,3.4693990899978964,0.5316179023209946,1.468010914674016,2.4777358002999503,3.4693990899978964,1.0
lead574,6ea198f259b85e49,timid_creep,3.892801140257043,7.369756165322384,1.4101672933363478,3.3535256853895055,5.370711756728165,7.369756165322384,1.0
lead574,6ea198f259b85e49,lead_release,0.354873251168787,0.5718349271343816,0.1689504839101686,0.357155527087008,0.46211329187191963,0.5718349271343816,0.0
lead574,31ffaa640cf85134,human_replay,5.940253389958712e-08,1.0232385446068475e-07,3.389237664938752e-09,1.043581273688722e-07,8.889807649299068e-08,1.0232385446068475e-07,0.0
lead574,31ffaa640cf85134,ignore_all,8.95545615148126,20.24992285640416,1.9825490105221781,6.466389676545648,12.65690472076008,20.24992285640416,1.0
lead574,31ffaa640cf85134,constant_velocity,3.3694746497658805,6.896283257034709,0.8589015218608844,2.7263000182847335,4.826562581612401,6.896283257034709,1.0
lead574,31ffaa640cf85134,timid_creep,2.50222607234062,5.354262460742794,0.4736222832698634,1.9553096097573528,3.6700490135627457,5.354262460742794,1.0
lead574,31ffaa640cf85134,lead_release,0.5728244305378587,1.2638760422564335,0.10720647383102569,0.4367887590390689,0.8399860263938195,1.2638760422564335,0.0
lead574,601eee0a0e2d52a3,human_replay,2.7384559476239178e-08,5.013828080859523e-08,1.0632721011986979e-09,1.4619668849242628e-08,1.498077670687914e-08,5.013828080859523e-08,0.0
lead574,601eee0a0e2d52a3,ignore_all,8.015293337851961,18.051931523986685,1.8575550278422899,5.795097735980705,11.295476432022658,18.051931523986685,1.0
lead574,601eee0a0e2d52a3,constant_velocity,2.4116376337308267,4.637236461367495,0.7329717199144363,2.0492624548596754,3.44340083404697,4.637236461367495,1.0
lead574,601eee0a0e2d52a3,timid_creep,3.1822450001739817,6.007236073367646,1.0754429679184725,2.7342638191823543,4.470896595232896,6.007236073367646,1.0
lead574,601eee0a0e2d52a3,lead_release,0.6856802257755912,1.4973582558739416,0.15555105363902505,0.5633273488084478,0.9351786651683853,1.4973582558739416,0.0
lead574,22a3a112a0485c4c,human_replay,6.534439627894234e-08,6.252827016045594e-08,4.5651237467349994e-08,1.0540470232277656e-07,2.522042226944551e-08,6.252827016045594e-08,0.0
lead574,22a3a112a0485c4c,ignore_all,8.68544872444536,20.172447354239278,1.7949582093031737,6.06761800317848,12.267425362457223,20.172447354239278,1.0
lead574,22a3a112a0485c4c,constant_velocity,3.1019754302016644,6.8273110616761326,0.6713263383082954,2.328394053431351,4.440265961249922,6.8273110616761326,1.0
lead574,22a3a112a0485c4c,timid_creep,2.0619788188223476,4.962838588543308,0.20531012213426178,1.3961569130718492,3.041915499760768,4.962838588543308,1.0
lead574,22a3a112a0485c4c,lead_release,0.6735152406040492,1.2585737888693844,0.13194908633904498,0.5618150378268375,1.0500929139852444,1.2585737888693844,0.0
lead574,9337165de94b5a40,human_replay,3.8410608810320924e-08,1.037342171831003e-08,5.473299494674291e-08,4.104077000718787e-08,2.0875968564764774e-08,1.037342171831003e-08,0.0
lead574,9337165de94b5a40,ignore_all,8.216793890628523,19.01085816015741,1.7654651999330437,5.763545469011506,11.555632261821051,19.01085816015741,1.0
lead574,9337165de94b5a40,constant_velocity,2.618105353031558,5.613773797580332,0.6411930679441457,2.019211072804757,3.709586663072215,5.613773797580332,1.0
lead574,9337165de94b5a40,timid_creep,2.838115515805873,6.00491118884055,0.738942672945685,2.2147798642009886,4.002939034588425,6.00491118884055,1.0
lead574,9337165de94b5a40,lead_release,0.5844736458882428,1.028317839281508,0.09910411981778566,0.5682863840168312,0.9059685551726809,1.028317839281508,0.0
lead574,5a7f3e30fe075a16,human_replay,2.829309914011068e-08,8.726707390483542e-10,1.8493833153952893e-08,3.518228400940753e-08,3.6279994516669236e-08,8.726707390483542e-10,0.0
lead574,5a7f3e30fe075a16,ignore_all,7.598084277087642,17.614845558558905,1.6689041555675836,5.2902604031113185,10.675204936004484,17.614845558558905,1.0
lead574,5a7f3e30fe075a16,constant_velocity,1.9893958295888048,4.181749138104488,0.544107056762578,1.5430376649784596,2.8170754541242626,4.181749138104488,1.0
lead574,5a7f3e30fe075a16,timid_creep,3.4447913235789946,6.76923349070886,1.1909728236489332,2.836772692004862,4.757689621390336,6.76923349070886,1.0
lead574,5a7f3e30fe075a16,lead_release,0.6179082154206723,0.9800118168077362,0.19314471187965865,0.6619074312564157,0.8697747308628442,0.9800118168077362,0.0
lead574,1f13bc7f674b5ebe,human_replay,7.754909175137624e-09,1.7053209187144714e-08,9.149712983210646e-09,9.014741887286885e-10,4.433441954131625e-09,1.7053209187144714e-08,0.0
lead574,1f13bc7f674b5ebe,ignore_all,6.93649836849376,16.224797536856617,1.4755029591446986,4.7614950314036,9.7541329899954,16.224797536856617,1.0
lead574,1f13bc7f674b5ebe,constant_velocity,1.3220775032696024,2.7695368732512544,0.3510290456898096,1.012901506177451,1.8893294960141735,2.7695368732512544,1.0
lead574,1f13bc7f674b5ebe,timid_creep,3.6668495066767584,7.084438974128531,1.2884404549083825,3.076420346438236,5.078491886580216,7.084438974128531,1.0
lead574,1f13bc7f674b5ebe,lead_release,0.4984882484707276,0.7799610905075197,0.2016724358975291,0.53864941292038,0.6667891340480829,0.7799610905075197,0.0
lead574,6a87e3be62aa5b5b,human_replay,5.553215704911075e-09,2.2866145081763643e-10,3.4272545054570543e-09,1.0431227903533826e-08,6.93918862929199e-09,2.2866145081763643e-10,0.0
lead574,6a87e3be62aa5b5b,ignore_all,6.580630848307939,15.452132582259766,1.372139371327572,4.518484338115948,9.249873314128923,15.452132582259766,1.0
lead574,6a87e3be62aa5b5b,constant_velocity,0.9636030013187322,1.9871308919178357,0.24741996267902946,0.7694024086864649,1.382252821711207,1.9871308919178357,0.0
lead574,6a87e3be62aa5b5b,timid_creep,3.786234739491709,7.2575472786120985,1.3215201193168482,3.2424013484582628,5.2539524659863455,7.2575472786120985,1.0
lead574,6a87e3be62aa5b5b,lead_release,0.43396874432670907,0.6482659515089166,0.23683067469857913,0.4462913806088903,0.550974720319451,0.6482659515089166,0.0
lead574,75128a99a5765e31,human_replay,3.6676468541129136e-08,3.4242299065983972e-09,3.579021571149679e-08,4.554006397625997e-08,4.130241079686652e-08,3.4242299065983972e-09,0.0
lead574,75128a99a5765e31,ignore_all,9.044093512506565,20.90936050668905,1.8475422187187256,6.314589119336531,12.855357231449618,20.90936050668905,1.0
lead574,75128a99a5765e31,constant_velocity,3.4622358113960283,7.569552593468098,0.724055584054408,2.5759987088122687,5.03026735890953,7.569552593468098,1.0
lead574,75128a99a5765e31,timid_creep,2.318776176830989,5.513225450013896,0.21028833645015466,1.5478891074872234,3.488055521384578,5.513225450013896,1.0
lead574,75128a99a5765e31,lead_release,0.33630332346514535,0.5912904932627492,0.036384509820548916,0.30450001140755395,0.5585173598385196,0.5912904932627492,0.0
lead574,a1e8639c17ac5089,human_replay,4.081206167827675e-08,5.787299451304613e-08,4.523294582002217e-09,4.808367721481824e-08,4.995314088368138e-08,5.787299451304613e-08,0.0
lead574,a1e8639c17ac5089,ignore_all,8.537568489716353,19.54099588693021,1.8327106826191386,6.054391760336391,12.081238554395894,19.54099588693021,1.0
lead574,a1e8639c17ac5089,constant_velocity,2.9387452464179997,6.143285814882714,0.7083357231069158,2.3100883680593505,4.2350433314197025,6.143285814882714,1.0
lead574,a1e8639c17ac5089,timid_creep,3.179405503525125,6.571143576554642,0.8152865353472831,2.524008442442776,4.555931492771042,6.571143576554642,1.0
lead574,a1e8639c17ac5089,lead_release,0.08073127419844675,0.11003985864944589,0.09846814354333137,0.1009579448369322,0.04809304915166333,0.11003985864944589,0.0
lead574,028d10ed5c105755,human_replay,1.4838400812057202e-08,2.9152945635919877e-08,1.858821657509742e-08,9.648076383066922e-09,2.4657392076095044e-08,2.9152945635919877e-08,0.0
lead574,028d10ed5c105755,ignore_all,7.8092226937599705,17.84883112262228,1.737522786585016,5.575158194748301,10.987104249499172,17.84883112262228,1.0
lead574,028d10ed5c105755,constant_velocity,2.1994194387326442,4.41164530233856,0.6127291031850232,1.8277422023766956,3.12775129221514,4.41164530233856,1.0
lead574,028d10ed5c105755,timid_creep,3.8309943178133343,7.312274725945413,1.3378617666389356,3.278005359721972,5.303197700726098,7.312274725945413,1.0
lead574,028d10ed5c105755,lead_release,0.053711925932962756,0.063662255932897,0.0914982302740461,0.041434436728373505,0.0249849973953635,0.063662255932897,0.0
lead574,7736a52445b1522d,human_replay,4.513373202260155e-09,7.122265395227124e-09,3.5539197597966338e-09,2.5740782525195393e-09,7.354291145928146e-09,7.122265395227124e-09,0.0
lead574,7736a52445b1522d,ignore_all,7.045498269806584,16.210745339135237,1.5809203699510148,4.983990608771241,9.863832069493858,16.210745339135237,1.0
lead574,7736a52445b1522d,constant_velocity,1.429746750384297,2.750727807299594,0.4561102283405612,1.2352636128194703,1.9976546921110099,2.750727807299594,1.0
lead574,7736a52445b1522d,timid_creep,3.9970226773213198,7.510426530013408,1.4573652690394514,3.489305637568427,5.504532173532265,7.510426530013408,1.0
lead574,7736a52445b1522d,lead_release,0.25561401920198046,0.7197828451542673,0.04188742747677274,0.11254902307907395,0.37319551347107843,0.7197828451542673,0.0
lead574,9502cdbb06dd516f,human_replay,2.4395417054427662e-08,3.788372377841091e-08,2.8501001695346855e-08,4.266671327290727e-08,2.5235018612677562e-08,3.788372377841091e-08,0.0
lead574,9502cdbb06dd516f,ignore_all,8.046161076562734,17.166079519023224,2.3677254946039827,6.186906977144602,11.068734897901125,17.166079519023224,1.0
lead574,9502cdbb06dd516f,constant_velocity,2.4288661148591846,3.700282404732117,1.2427616291818657,2.437766980986487,3.200889193982528,3.700282404732117,1.0
lead574,9502cdbb06dd516f,timid_creep,5.293927581459503,9.055433236455979,2.3292034626285836,4.947093627021967,7.133113745393734,9.055433236455979,1.0
lead574,9502cdbb06dd516f,lead_release,1.881039468736268,3.0314249227477763,0.9871025337716787,1.833257762355606,2.453262691564975,3.0314249227477763,1.0
lead574,771c4e378bef58e4,human_replay,2.6210843180527856e-08,2.417067750853324e-08,2.137632153333752e-08,5.425942842247826e-08,3.174866438099471e-08,2.417067750853324e-08,0.0
lead574,771c4e378bef58e4,ignore_all,8.063178313151123,16.93602436894985,2.508528653016382,6.230875643835721,11.078881796873747,16.93602436894985,1.0
lead574,771c4e378bef58e4,constant_velocity,2.4467678966863406,3.473953239000832,1.3835632698838627,2.4818690399497565,3.2119528528588654,3.473953239000832,1.0
lead574,771c4e378bef58e4,timid_creep,5.1255129666958155,8.456299350700155,2.416784595452948,4.831526821020941,6.878051476389702,8.456299350700155,1.0
lead574,771c4e378bef58e4,lead_release,2.4351230723221047,4.307939052368822,1.191266011680953,2.180599417665011,3.18179828827871,4.307939052368822,1.0
lead574,0d49407b94b259e8,human_replay,2.099488051923978e-08,4.452375797525178e-08,2.898266554226906e-09,3.734508454069766e-08,3.730319652307512e-09,4.452375797525178e-08,0.0
lead574,0d49407b94b259e8,ignore_all,8.355223417312752,19.087567909557393,1.8805568578470981,5.919408447260638,11.770673086417425,19.087567909557393,1.0
lead574,0d49407b94b259e8,constant_velocity,2.7531834983007055,5.678667239393421,0.75599629803592,2.174080208351292,3.9205445430201316,5.678667239393421,1.0
lead574,0d49407b94b259e8,timid_creep,3.3328757245468985,6.709249175753808,1.01363452527886,2.689362679921255,4.693480860679215,6.709249175753808,1.0
lead574,0d49407b94b259e8,lead_release,0.07495325269923658,0.11317937269561808,0.052086220101320135,0.034531872097029244,0.12024626706310931,0.11317937269561808,0.0
lead574,e63d12285d215a4f,human_replay,9.841129945242404e-09,5.795564175081511e-09,5.449993281360223e-10,2.06757198980069e-08,4.516328488254192e-09,5.795564175081511e-09,0.0
lead574,e63d12285d215a4f,ignore_all,7.483977564366709,17.231273089528017,1.652614367312379,5.263308847028835,10.524601228817643,17.231273089528017,1.0
lead574,e63d12285d215a4f,constant_velocity,1.872127500284319,3.786165293726166,0.5281394294148376,1.5152822035993025,2.662720844047637,3.786165293726166,1.0
lead574,e63d12285d215a4f,timid_creep,3.7959855478717994,7.2591175242326385,1.3453366888386749,3.217965504164013,5.250541425828467,7.2591175242326385,1.0
lead574,e63d12285d215a4f,lead_release,0.0966110743191059,0.10662729191817913,0.08870254024074256,0.13249962267957416,0.08863479226952374,0.10662729191817913,0.0
lead574,a6c229d05cdb5016,human_replay,6.352612872645127e-08,1.1283411643798075e-07,5.2537577003681163e-08,5.6749521008438173e-08,8.534705643668827e-08,1.1283411643798075e-07,0.0
lead574,a6c229d05cdb5016,ignore_all,9.690587710263628,22.145478564232466,2.0207341953231883,6.868376416103818,13.793922478152373,22.145478564232466,1.0
lead574,a6c229d05cdb5016,constant_velocity,4.120212957852887,8.84365040194636,0.8979083678466302,3.1340156975134623,5.983396445665513,8.84365040194636,1.0
lead574,a6c229d05cdb5016,timid_creep,2.2926460921687086,5.5269010390190605,0.06894579556315145,1.4756617837104258,3.4958437312506643,5.5269010390190605,1.0
lead574,a6c229d05cdb5016,lead_release,0.13337365615636648,0.29655937435810703,0.05069041995467689,0.08352776949540967,0.195203518471068,0.29655937435810703,0.0
lead574,177abd8780ad5476,human_replay,1.796171002777459e-08,5.445020390293389e-08,5.630944615421974e-09,5.777960251098702e-09,1.8858247458002767e-08,5.445020390293389e-08,0.0
lead574,177abd8780ad5476,ignore_all,8.963167833553927,20.293993437919276,1.9684304275293554,6.476533948263815,12.676946782917307,20.293993437919276,1.0
lead574,177abd8780ad5476,constant_velocity,3.3680767321314087,6.909421691880808,0.8441540572222872,2.7334054820305966,4.835337466773602,6.909421691880808,1.0
lead574,177abd8780ad5476,timid_creep,3.2426557324087537,6.686448423776633,0.7884103665446179,2.6219227119363624,4.668108436784751,6.686448423776633,1.0
lead574,177abd8780ad5476,lead_release,0.2636013154901009,0.46201542932637846,0.08198147812055247,0.27460093691900195,0.3572067737783046,0.46201542932637846,0.0
lead574,86ecfd85bd095b7f,human_replay,6.536044460092445e-09,1.7705816489117376e-08,3.4289317591304525e-09,4.9536212873170424e-09,9.104529144863222e-09,1.7705816489117376e-08,0.0
lead574,86ecfd85bd095b7f,ignore_all,7.9898723373072595,18.1057760785807,1.831836799522903,5.77454901428981,11.217152957813546,18.1057760785807,1.0
lead574,86ecfd85bd095b7f,constant_velocity,2.3804310256024572,4.669879919971867,0.7071767681615264,2.027211112891804,3.358187740891299,4.669879919971867,1.0
lead574,86ecfd85bd095b7f,timid_creep,3.9554817881506183,7.470046082965494,1.4070911762831864,3.4272470186617077,5.4582944216266585,7.470046082965494,1.0
lead574,86ecfd85bd095b7f,lead_release,0.1985156729372401,0.35640559444659614,0.08059852091104927,0.17832258362968495,0.2669837307735964,0.35640559444659614,0.0
lead574,9b25bbac0aac5357,human_replay,3.1103638958146568e-09,3.369965845138476e-09,2.669664757342447e-09,6.442517868762882e-10,8.412067324473882e-10,3.369965845138476e-09,0.0
lead574,9b25bbac0aac5357,ignore_all,6.944397770257638,15.94979684660168,1.6036256629438252,4.918859591675593,9.70043578371652,15.94979684660168,1.0
lead574,9b25bbac0aac5357,constant_velocity,1.32788028851399,2.486276091057177,0.4791115051673731,1.1699707253828113,1.8332790866624502,2.486276091057177,1.0
lead574,9b25bbac0aac5357,timid_creep,4.0738483709097055,7.603600705533539,1.5311538007985417,3.5772697421382555,5.595601907289736,7.603600705533539,1.0
lead574,9b25bbac0aac5357,lead_release,0.14430271051020976,0.2658792840148581,0.04485361857161588,0.12588671461945466,0.20439286926636746,0.2658792840148581,0.0
lead574,dd162898ecf351d4,human_replay,2.492217095042405e-08,2.5483471760351806e-08,1.450249503536868e-08,7.710125833005747e-09,4.6042267152480984e-08,2.5483471760351806e-08,0.0
lead574,dd162898ecf351d4,ignore_all,5.993897256624365,14.765696699983668,1.0984954306526016,3.803793099902315,8.41682414587729,14.765696699983668,1.0
lead574,dd162898ecf351d4,constant_velocity,0.4032935209158453,1.308020916188638,0.028993400302072828,0.08248134869898725,0.5578335895904857,1.308020916188638,0.0
lead574,dd162898ecf351d4,timid_creep,2.9503329074523443,6.0749542671205585,0.9762775966550106,2.313408424652196,4.064697432641079,6.0749542671205585,1.0
lead574,dd162898ecf351d4,lead_release,1.8122925886426318,5.597256167518097,0.04709195682224638,0.5964538592704488,2.6002102119707224,5.597256167518097,1.0
lead574,f5ebfa68c2315d0c,human_replay,1.1388460581781645e-08,7.008214474778199e-09,1.9714126606873604e-09,3.0189437183825413e-09,5.5206343422180076e-09,7.008214474778199e-09,0.0
lead574,f5ebfa68c2315d0c,ignore_all,6.269283901957555,15.246884120064404,1.1314982446944715,4.062282847302871,8.871206944061914,15.246884120064404,1.0
lead574,f5ebfa68c2315d0c,constant_velocity,0.6562071827544147,1.788089690940253,0.007885756542453342,0.3173516566619727,1.0062658243928158,1.788089690940253,0.0
lead574,f5ebfa68c2315d0c,timid_creep,3.184370912402901,6.4739590122101855,0.9974508209672435,2.536337263403988,4.459783631478432,6.4739590122101855,1.0
lead574,f5ebfa68c2315d0c,lead_release,2.369013965358846,6.67766096347379,0.05014149231033069,1.0936295766874036,3.509031599631988,6.67766096347379,1.0
lead574,37c816fee82753e3,human_replay,1.6348566080356e-08,2.0659515215749574e-08,1.7627643444859404e-08,2.3727080049329158e-08,1.835544159539541e-08,2.0659515215749574e-08,0.0
lead574,37c816fee82753e3,ignore_all,6.512530016290494,15.580934768226651,1.214301563323702,4.342538015662672,9.225239285999558,15.580934768226651,1.0
lead574,37c816fee82753e3,constant_velocity,0.8976047754017619,2.12125715973888,0.09144738970107309,0.5948299450686072,1.3593342859146826,2.12125715973888,1.0
lead574,37c816fee82753e3,timid_creep,3.4515547621160376,6.855693237123615,1.0871632843122019,2.8371445593122986,4.8480422871874795,6.855693237123615,1.0
lead574,37c816fee82753e3,lead_release,2.3499738948640805,6.575548669904861,0.04851505634758104,1.1265788298888628,3.4591261927085566,6.575548669904861,1.0
lead574,9cc2069263cc5e4a,human_replay,9.715215115185404e-09,3.93345132929342e-09,7.527407233324302e-09,2.8011511361334765e-08,3.2420795392650675e-09,3.93345132929342e-09,0.0
lead574,9cc2069263cc5e4a,ignore_all,6.647834637867027,15.648913618272504,1.339031116158854,4.563301989347213,9.372348866909523,15.648913618272504,1.0
lead574,9cc2069263cc5e4a,constant_velocity,1.0321697901120201,2.1864546396067825,0.21593637769058516,0.8146648497261378,1.5055247647773389,2.1864546396067825,1.0
lead574,9cc2069263cc5e4a,timid_creep,3.7220597118893597,7.192769928769586,1.2507205070085976,3.1742042980531426,5.188523281806364,7.192769928769586,1.0
lead574,9cc2069263cc5e4a,lead_release,3.1054955945047698,7.781532772771543,0.3651455733162173,1.930723345323305,4.53610946486348,7.781532772771543,1.0
lead574,eff5e373dade52e7,human_replay,4.624470264219226e-08,2.688746041458722e-08,1.0301110839805371e-07,2.5272263852665138e-08,4.9893927135250234e-08,2.688746041458722e-08,0.0
lead574,eff5e373dade52e7,ignore_all,9.624563655985945,22.238626915015058,1.9995135687677656,6.6720034682892955,13.6905810595788,22.238626915015058,1.0
lead574,eff5e373dade52e7,constant_velocity,4.064409178542194,8.966900358991257,0.8773513542576679,2.9430117271282743,5.893516265502213,8.966900358991257,1.0
lead574,eff5e373dade52e7,timid_creep,1.8448524588959034,4.835733991574621,0.1423053455509258,0.8939688193330326,2.8025489035709676,4.835733991574621,1.0
lead574,eff5e373dade52e7,lead_release,0.4080577543166849,0.7695506422232395,0.08925693287494581,0.30816104351169504,0.6539883410288367,0.7695506422232395,0.0
lead574,6561633171e75bb6,human_replay,3.748125663013609e-08,4.610612795157904e-08,2.6411238902663034e-08,2.1958808176233698e-08,5.824060001410834e-08,4.610612795157904e-08,0.0
lead574,6561633171e75bb6,ignore_all,9.09897774096212,20.807593324992162,1.9277279886842853,6.442617010722444,12.917703627019561,20.807593324992162,1.0
lead574,6561633171e75bb6,constant_velocity,3.514621081676572,7.451563703117477,0.8068287710975806,2.7073575587525127,5.088450797883994,7.451563703117477,1.0
lead574,6561633171e75bb6,timid_creep,2.7407192979127797,6.072727041312583,0.4657597395399752,2.020742035767621,4.054967887362843,6.072727041312583,1.0
lead574,6561633171e75bb6,lead_release,0.18100354525948809,0.18433045288283065,0.10447677756155538,0.25574052863377134,0.22635811659213315,0.18433045288283065,0.0
lead574,230f2d1902125696,human_replay,2.6140404740310536e-08,2.2688806646979657e-08,1.1054029527798728e-08,3.190464435303626e-08,4.551686833780836e-08,2.2688806646979657e-08,0.0
lead574,230f2d1902125696,ignore_all,8.411710205200654,19.129575574332733,1.8378173014800732,6.0520569987752015,11.87468420437578,19.129575574332733,1.0
lead574,230f2d1902125696,constant_velocity,2.8136667598417753,5.718565604688975,0.7215775143901131,2.311945996330352,4.026043130123222,5.718565604688975,1.0
lead574,230f2d1902125696,timid_creep,3.527055956302354,6.990277944306406,1.0354300121544961,2.946118321486258,4.9793866944721,6.990277944306406,1.0
lead574,230f2d1902125696,lead_release,0.26534117468687896,0.42397284339304997,0.1519908922000206,0.2605850271572264,0.32309669612665454,0.42397284339304997,0.0
lead574,81e0cc64152b5264,human_replay,7.352629707306436e-09,7.029246045175947e-10,9.514149443276102e-09,8.284617211920544e-09,1.1488885675496843e-08,7.029246045175947e-10,0.0
lead574,81e0cc64152b5264,ignore_all,7.600868842517105,17.305112433807544,1.7416276687811398,5.460940858554264,10.653366942533852,17.305112433807544,1.0
lead574,81e0cc64152b5264,constant_velocity,1.9922266950151508,3.858681855413735,0.6261388596663895,1.7157411034026777,2.792408119543142,3.858681855413735,1.0
lead574,81e0cc64152b5264,timid_creep,4.010706610015577,7.526667800723664,1.4632556516548663,3.500119125935713,5.51895044315474,7.526667800723664,1.0
lead574,81e0cc64152b5264,lead_release,0.23752555817374246,0.39670698255634784,0.15825242385500005,0.20423886425964674,0.2925237545729392,0.39670698255634784,0.0
lead574,93bdcee4c814567c,human_replay,3.4775078105403753e-07,5.759455058877312e-07,5.710617778852401e-08,1.1862361659347682e-07,7.382310647422541e-07,5.759455058877312e-07,0.0
lead574,93bdcee4c814567c,ignore_all,5.942686037211999,13.765878499725556,1.3024868133401404,4.111072190413768,8.356612250768652,13.765878499725556,1.0
lead574,93bdcee4c814567c,constant_velocity,1.2406863043653367,2.7272653290953772,0.319698166610367,0.9101675705920728,1.7348459570385304,2.7272653290953772,1.0
lead574,93bdcee4c814567c,timid_creep,6.149348017983872,13.708860264538856,1.2718661080516864,4.365858810424257,8.9693898005261,13.708860264538856,1.0
lead574,93bdcee4c814567c,lead_release,1.166675434344493,2.6567795569441874,0.22922521258165535,0.8209266920060795,1.6665275118216807,2.6567795569441874,1.0
lead574,b156e8110afb5efd,human_replay,3.300997327897524e-07,3.8228357450289717e-07,1.228116937642039e-07,6.549504490083066e-08,6.793827814183974e-07,3.8228357450289717e-07,0.0
lead574,b156e8110afb5efd,ignore_all,4.594271858923834,10.354242423866559,1.1023514058039368,3.3301181806663256,6.423405819478439,10.354242423866559,1.0
lead574,b156e8110afb5efd,constant_velocity,2.556503424312506,5.758839892756135,0.5268671475489186,1.8696276342853704,3.6565723131744576,5.758839892756135,1.0
lead574,b156e8110afb5efd,timid_creep,8.115321696897775,17.907394156147774,1.6827446424914778,5.943989034809374,11.769988782278999,17.907394156147774,1.0
lead574,b156e8110afb5efd,lead_release,0.4257186608653308,0.9086328041779789,0.09582243416711048,0.34552731186065344,0.6008661986297693,0.9086328041779789,0.0
lead574,bb1650a0e72e5b7d,human_replay,6.48740234613684e-08,1.1424351890574776e-07,1.7152916907677076e-08,1.1501962794046937e-07,6.837337522423175e-08,1.1424351890574776e-07,0.0
lead574,bb1650a0e72e5b7d,ignore_all,6.100997896147741,15.254097775582464,1.0507016930491617,3.7811122402481145,8.571312564724789,15.254097775582464,1.0
lead574,bb1650a0e72e5b7d,constant_velocity,0.5332241380338105,1.8085643576947683,0.07496917565697865,0.03788735604269128,0.7094162244212462,1.8085643576947683,0.0
lead574,bb1650a0e72e5b7d,timid_creep,2.4352008060514025,5.326052592301453,0.7497770473478745,1.7549201734355047,3.3289930735290083,5.326052592301453,1.0
lead574,bb1650a0e72e5b7d,lead_release,0.9784705037751311,1.5403508805380866,0.3263967248544291,0.9784965421695542,1.4416175022386801,1.5403508805380866,0.0
lead574,fa8627edacbd5ea0,human_replay,4.9197620127007203e-08,8.154928730507937e-08,2.965528967205201e-08,3.808140355553058e-09,9.955378573298162e-08,8.154928730507937e-08,0.0
lead574,fa8627edacbd5ea0,ignore_all,6.583592643477695,16.11104349637217,1.1572793133436732,4.201758688311776,9.341319564404907,16.11104349637217,1.0
lead574,fa8627edacbd5ea0,constant_velocity,0.975658465593478,2.668624170195309,0.03562730513760819,0.454284382882651,1.480355315823157,2.668624170195309,1.0
lead574,fa8627edacbd5ea0,timid_creep,2.8007878305606955,5.950461684471765,0.8227208478309362,2.0747504838024935,3.931623568567161,5.950461684471765,1.0
lead574,fa8627edacbd5ea0,lead_release,0.5916675927801702,0.9127823187164315,0.22031775221213792,0.6170501188249733,0.8272502230534796,0.9127823187164315,0.0
lead574,3febbde773f15b51,human_replay,1.9844543400073146e-08,1.3502294818089253e-08,1.025720988011362e-08,3.826942092158688e-08,7.819274740759702e-10,1.3502294818089253e-08,0.0
lead574,3febbde773f15b51,ignore_all,6.948311553267568,16.616612799961732,1.276198236065481,4.619569747874859,9.876281777327888,16.616612799961732,1.0
lead574,3febbde773f15b51,constant_velocity,1.3368065424157904,3.1729984775545015,0.1514852263494124,0.8716304850164838,2.0148858904563234,3.1729984775545015,1.0
lead574,3febbde773f15b51,timid_creep,3.205900708093421,6.536325847855496,0.9532340933449263,2.527342216213953,4.524389485061284,6.536325847855496,1.0
lead574,3febbde773f15b51,lead_release,0.35431050928436353,0.5869639852070668,0.14251235345284644,0.3431296955913052,0.4724206833167148,0.5869639852070668,0.0
lead574,f3931b33198d5570,human_replay,9.701103825315795e-09,2.454631244816455e-08,1.440189626254194e-09,2.2614156250477028e-09,1.4274983775671234e-08,2.454631244816455e-08,0.0
lead574,f3931b33198d5570,ignore_all,7.075159795549363,16.617293926807413,1.3851867773985778,4.873720468025477,10.015753802151456,16.617293926807413,1.0
lead574,f3931b33198d5570,constant_velocity,1.4619450814566877,3.1674263681051387,0.26030370405458786,1.1253949875813047,2.1524433973539576,3.1674263681051387,1.0
lead574,f3931b33198d5570,timid_creep,3.5725660532780408,7.013699475183878,1.131172458205244,2.9880798442280954,5.00691593674677,7.013699475183878,1.0
lead574,f3931b33198d5570,lead_release,0.13899776489375024,0.2956542964983683,0.06304125117026331,0.07340836251828321,0.1813541972194777,0.2956542964983683,0.0
lead574,424cdafd92f25209,human_replay,8.05225614302538e-09,1.1300057047082265e-08,8.347748395252131e-09,1.127043019856556e-08,4.414078602193026e-09,1.1300057047082265e-08,0.0
lead574,424cdafd92f25209,ignore_all,6.947412905889882,16.137721524268894,1.4719202446369875,4.865669125339524,9.7676346615458,16.137721524268894,1.0
lead574,424cdafd92f25209,constant_velocity,1.3317721822102857,2.6785239397991196,0.3469743977457046,1.1168310866011766,1.9015939166286926,2.6785239397991196,1.0
lead574,424cdafd92f25209,timid_creep,3.854313701832668,7.348618261358635,1.335552015984199,3.3325739338807714,5.344512630471473,7.348618261358635,1.0
lead574,424cdafd92f25209,lead_release,0.23978147558792523,0.4351727585472692,0.09890464573958412,0.20934821297861422,0.3219786002889595,0.4351727585472692,0.0
lead574,4f61422adb195d3c,human_replay,1.6390993187996152e-07,2.200257841212515e-07,3.8391588221727065e-08,2.371443111874264e-07,3.071966440582944e-07,2.200257841212515e-07,0.0
lead574,4f61422adb195d3c,ignore_all,7.695403286247009,18.30460196068269,1.5307196191706849,5.178727762206617,10.835295678698015,18.30460196068269,1.0
lead574,4f61422adb195d3c,constant_velocity,2.1851537176313403,5.189442636878495,0.4137142955071281,1.4704239372184582,3.1026231626315126,5.189442636878495,1.0
lead574,4f61422adb195d3c,timid_creep,1.648707097537946,1.97652975455039,1.0400583974817044,1.888183770325328,2.1593083037474856,1.97652975455039,0.0
lead574,4f61422adb195d3c,lead_release,1.6811195379265444,4.376796997948836,0.13155711361194553,0.8961452114675262,2.5026735841489054,4.376796997948836,1.0
lead574,4e8e687d6fd55093,human_replay,1.4177095767488034e-07,1.952001085256803e-07,9.371316888533301e-08,2.3118109634640303e-07,3.581282209889517e-08,1.952001085256803e-07,0.0
lead574,4e8e687d6fd55093,ignore_all,7.683612617590307,18.20994912435643,1.5421734936274294,5.201897903881228,10.815364344764447,18.20994912435643,1.0
lead574,4e8e687d6fd55093,constant_velocity,2.1531882965750784,5.032310948759158,0.4238090506705554,1.4844007840981275,3.0558965391859543,5.032310948759158,1.0
lead574,4e8e687d6fd55093,timid_creep,1.150325542680935,1.0732739828357938,0.8792300425620365,1.4185491006832696,1.4474103929451956,1.0732739828357938,0.0
lead574,4e8e687d6fd55093,lead_release,1.8080321467423657,4.501322731311537,0.16027303830152326,1.0361564775461347,2.7556208897975116,4.501322731311537,1.0
lead574,75abd414138d5a4e,human_replay,1.2964026335655179e-07,3.3461758932330194e-07,8.41979269579476e-08,2.2531609535490112e-07,9.566573149577019e-08,3.3461758932330194e-07,0.0
lead574,75abd414138d5a4e,ignore_all,7.613447651671494,18.02178937751117,1.5568649495445406,5.173198997032098,10.696840692799691,18.02178937751117,1.0
lead574,75abd414138d5a4e,constant_velocity,2.0645429745336115,4.787313567984888,0.43659857073172703,1.4476902246378716,2.9135653896078644,4.787313567984888,1.0
lead574,75abd414138d5a4e,timid_creep,0.6837605329555648,0.21601569462015618,0.7069630470293224,0.9779314884170146,0.795277173105164,0.21601569462015618,0.0
lead574,75abd414138d5a4e,lead_release,1.4624618370031282,3.751262804065165,0.09300362493016996,0.7772159735356193,2.231969104732881,3.751262804065165,1.0
lead574,1c6e6f287c2354f1,human_replay,1.0081789552867097e-07,8.368702642588271e-08,3.769235948789177e-08,1.4961894846452354e-07,1.3634936296374447e-07,8.368702642588271e-08,0.0
lead574,1c6e6f287c2354f1,ignore_all,7.481173111066386,17.744061613703593,1.5389043826765039,5.075700026923789,10.478768922602121,17.744061613703593,1.0
lead574,1c6e6f287c2354f1,constant_velocity,1.916509893682837,4.459702729478183,0.4168765908009012,1.3437293967776427,2.6753677638814706,4.459702729478183,1.0
lead574,1c6e6f287c2354f1,timid_creep,0.43770887504839323,0.6428429321050315,0.5392593715766403,0.5680844596358693,0.1980369439670292,0.6428429321050315,0.0
lead574,1c6e6f287c2354f1,lead_release,1.4763773331674226,3.5987077338457256,0.11268182544806005,0.8515256269646799,2.3110532089404225,3.5987077338457256,1.0
lead574,cf039efb320e55ec,human_replay,1.269751185676441e-07,2.2436883416078959e-07,1.1106400934390808e-07,1.8540356856735604e-08,1.4261974529302535e-07,2.2436883416078959e-07,0.0
lead574,cf039efb320e55ec,ignore_all,7.317431232954138,17.440724203239444,1.492700532202903,4.93014065568956,10.244119692017575,17.440724203239444,1.0
lead574,cf039efb320e55ec,constant_velocity,1.7401495682377575,4.115684581502315,0.36966093148805373,1.1933401505225103,2.4247914299475486,4.115684581502315,1.0
lead574,cf039efb320e55ec,timid_creep,0.4986700065266125,1.5568793048792346,0.2710988210655997,0.0917662181220008,0.5068247623820611,1.5568793048792346,0.0
lead574,cf039efb320e55ec,lead_release,1.3945849696324268,3.1467806384646035,0.2169304013416154,0.9298524538079158,2.1229966856958993,3.1467806384646035,1.0
lead574,e5e21bbf8d665374,human_replay,3.729594769874906e-08,4.211549436315146e-08,2.2082836110931416e-08,5.5119985128438086e-08,1.1115458180151347e-08,4.211549436315146e-08,0.0
lead574,e5e21bbf8d665374,ignore_all,8.79360487794959,19.957577904255892,1.9205173972092628,6.340137791340127,12.434394909971283,19.957577904255892,1.0
lead574,e5e21bbf8d665374,constant_velocity,3.196839308500233,6.565563765615322,0.797267238718184,2.596928165454382,4.590308629364611,6.565563765615322,1.0
lead574,e5e21bbf8d665374,timid_creep,3.277103476989697,6.708308429403265,0.8328721574760695,2.668272137407838,4.697362169819504,6.708308429403265,1.0
lead574,e5e21bbf8d665374,lead_release,0.3065768733954346,0.45032589579001203,0.16289853841422258,0.3418408795506846,0.38539883235290734,0.45032589579001203,0.0
lead574,35f13a6de1575fdc,human_replay,1.1329288893860453e-08,2.45157339536774e-08,1.0686232731681947e-08,9.981384504725835e-10,2.492463479246348e-10,2.45157339536774e-08,0.0
lead574,35f13a6de1575fdc,ignore_all,7.928631021670123,17.98708691947806,1.8082917470453421,5.723756875611263,11.128899886516756,17.98708691947806,1.0
lead574,35f13a6de1575fdc,constant_velocity,2.3187451127463503,4.5497326930599,0.6835669472434852,1.9762228775155224,3.269417776194817,4.5497326930599,1.0
lead574,35f13a6de1575fdc,timid_creep,3.954043623923475,7.456965008212109,1.4102823639422186,3.4298393173474437,5.449842198790584,7.456965008212109,1.0
lead574,35f13a6de1575fdc,lead_release,0.27794456761709607,0.46972571541599445,0.15205754364135068,0.25791660561793267,0.3606184498193684,0.46972571541599445,0.0
lead574,47b8a869ffed5965,human_replay,2.0826833371720606e-09,2.643997307208093e-09,5.623917137105828e-10,1.0620748058108893e-09,3.3766839255925657e-09,2.643997307208093e-09,0.0
lead574,47b8a869ffed5965,ignore_all,7.034383296269075,16.109696723203694,1.6508364868682153,4.997812561496431,9.81828109628106,16.109696723203694,1.0
lead574,47b8a869ffed5965,constant_velocity,1.4180307795705505,2.647642777385917,0.5258772617415476,1.2488503743729162,1.951449309581995,2.647642777385917,1.0
lead574,47b8a869ffed5965,timid_creep,4.083389670134836,7.603390653596095,1.5552682243198512,3.587004634954162,5.598400315767125,7.603390653596095,1.0
lead574,47b8a869ffed5965,lead_release,0.2595933289678909,0.43564123827624296,0.13441034317197453,0.230595089793031,0.3384350223174402,0.43564123827624296,0.0
lead574,a04f86a92daf50ba,human_replay,5.0693916200121325e-08,8.150666999066066e-08,5.144463420173982e-10,1.5121501775704152e-08,1.30142407383851e-07,8.150666999066066e-08,0.0
lead574,a04f86a92daf50ba,ignore_all,2.701360763016841,4.932260981172553,1.191267940600821,2.533368429010337,3.4998401741355467,4.932260981172553,1.0
lead574,a04f86a92daf50ba,constant_velocity,3.03824811008504,9.078171941310416,0.06645951597183872,1.2169081486761877,4.3843369657764715,9.078171941310416,1.0
lead574,a04f86a92daf50ba,timid_creep,1.3696486048195944,2.78044138271012,1.1912719936790221,1.7977306579371162,0.5709364899829801,2.78044138271012,1.0
lead574,a04f86a92daf50ba,lead_release,0.6514299932914933,2.349990613796476,0.2434621963787385,0.3067876879771714,0.4781928394548085,2.349990613796476,1.0
lead574,9b7ffde4ab9c53a5,human_replay,3.0000295606106544e-08,4.302473737592947e-08,1.8900578757157513e-08,2.8933314659406933e-08,5.060254892969944e-08,4.302473737592947e-08,0.0
lead574,9b7ffde4ab9c53a5,ignore_all,9.072663962435946,20.77083934973119,1.9210057172675898,6.414655409918,12.878179564373195,20.77083934973119,1.0
lead574,9b7ffde4ab9c53a5,constant_velocity,3.4865807172057774,7.414526228181393,0.7976931808330352,2.675461205375371,5.047861978980656,7.414526228181393,1.0
lead574,9b7ffde4ab9c53a5,timid_creep,2.703575467255889,6.021577954550981,0.45009031388748505,1.9795816007807019,4.003467100705519,6.021577954550981,1.0
lead574,9b7ffde4ab9c53a5,lead_release,0.13305904341738448,0.20704756379652328,0.07332019740501518,0.14594291208350976,0.15878935517472464,0.20704756379652328,0.0
lead574,1dbaa3f0d0345e61,human_replay,2.158215613148013e-08,5.752573411250007e-09,1.83899699508961e-08,3.780920327196106e-08,4.936875423329944e-08,5.752573411250007e-09,0.0
lead574,1dbaa3f0d0345e61,ignore_all,8.385734309834046,19.09029170027037,1.8336333526135569,6.019954040122388,11.837542781583911,19.09029170027037,1.0
lead574,1dbaa3f0d0345e61,constant_velocity,2.7839986123025717,5.678454986652295,0.7103558941672324,2.276417687051714,3.9875922017858123,5.678454986652295,1.0
lead574,1dbaa3f0d0345e61,timid_creep,3.500415670384906,6.952723138868693,1.0283259214604228,2.9129547774466764,4.943073595725079,6.952723138868693,1.0
lead574,1dbaa3f0d0345e61,lead_release,0.16917026772975258,0.3013251409809576,0.07913029000557283,0.155456848645428,0.22271458124149499,0.3013251409809576,0.0
lead574,54d86279a0015154,human_replay,3.515915636612793e-08,8.404013263309983e-09,5.942891448969113e-08,9.376952776459665e-08,3.6386673179058694e-08,8.404013263309983e-09,0.0
lead574,54d86279a0015154,ignore_all,8.12649232128442,19.346204544640862,1.5807876577000122,5.410555711967368,11.507381558930696,19.346204544640862,1.0
lead574,54d86279a0015154,constant_velocity,2.5385830365729904,5.981410231396808,0.45979621700385875,1.6705187666362333,3.6737625419817532,5.981410231396808,1.0
lead574,54d86279a0015154,timid_creep,1.943542720816603,4.9161367073310975,0.1991618686262321,1.1386476295052863,2.8750943895616374,4.9161367073310975,1.0
lead574,54d86279a0015154,lead_release,0.8718824804399056,1.3749242067141072,0.19492927263215507,0.9410548604084235,1.3138081686830663,1.3749242067141072,0.0
lead574,c5d626fc4b6c5efb,human_replay,5.500050999457954e-08,6.016873438187949e-08,4.749945913264672e-08,4.88410277314689e-08,8.91775941405622e-08,6.016873438187949e-08,0.0
lead574,c5d626fc4b6c5efb,ignore_all,8.025364241988386,18.88246165792559,1.5664542460378876,5.439122671967459,11.415069021758589,18.88246165792559,1.0
lead574,c5d626fc4b6c5efb,constant_velocity,2.4271399112020124,5.484937118029518,0.44279992941504076,1.6952312771671505,3.569284904688532,5.484937118029518,1.0
lead574,c5d626fc4b6c5efb,timid_creep,2.669154714236621,5.915457592585051,0.5502217871537628,1.9104246243752714,3.892135510840852,5.915457592585051,1.0
lead574,c5d626fc4b6c5efb,lead_release,0.6215775095231735,0.9618118715930691,0.17358605271301553,0.7140424239868522,0.8620618342862629,0.9618118715930691,0.0
lead574,69b32d0447ac5c28,human_replay,1.6306377506997793e-08,5.866206753904806e-09,3.79350139366395e-08,6.694317285925945e-09,5.299668792600162e-09,5.866206753904806e-09,0.0
lead574,69b32d0447ac5c28,ignore_all,7.879716224103452,18.28458165122648,1.6022720978433784,5.492009046862756,11.17290939768445,18.28458165122648,1.0
lead574,69b32d0447ac5c28,constant_velocity,2.2739985894441834,4.861922513527044,0.4777294115574647,1.7459404343073681,3.318353789366837,4.861922513527044,1.0
lead574,69b32d0447ac5c28,timid_creep,3.329582461648264,6.738665242821525,0.9468056463105886,2.6841318289401057,4.725853383368299,6.738665242821525,1.0
lead574,69b32d0447ac5c28,lead_release,0.5270528725474245,0.7634519775158287,0.2546636457997174,0.5937501844342644,0.66582891975442,0.7634519775158287,0.0
lead574,84a6ca68a66e536a,human_replay,1.1387209634982334e-08,6.983218827551297e-09,7.385273270820984e-09,1.6274825045739775e-08,4.4373518510179565e-09,6.983218827551297e-09,0.0
lead574,84a6ca68a66e536a,ignore_all,7.536997686161872,17.337170380689063,1.6152568442640916,5.349915978316647,10.61688370012071,17.337170380689063,1.0
lead574,84a6ca68a66e536a,constant_velocity,1.9254926854582424,3.8929000770326483,0.4906507549376363,1.6023408776662365,2.7554258402567062,3.8929000770326483,1.0
lead574,84a6ca68a66e536a,timid_creep,3.823135566318842,7.313544458519518,1.3005079057654299,3.282345435706134,5.305807981510265,7.313544458519518,1.0
lead574,84a6ca68a66e536a,lead_release,0.36688669600458307,0.5598205478103598,0.22420023106328726,0.3607705041338018,0.4542549066485011,0.5598205478103598,0.0
lead574,700cac410af95cc4,human_replay,3.332327087603685e-09,7.392819724086126e-09,5.599527123285278e-09,2.3052971627025253e-09,1.6485649034768224e-09,7.392819724086126e-09,0.0
lead574,700cac410af95cc4,ignore_all,6.961468445631993,16.042915392627044,1.5583789115204214,4.92005965532678,9.746694651209125,16.042915392627044,1.0
lead574,700cac410af95cc4,constant_velocity,1.345461950753025,2.581128305268682,0.43420656842186284,1.171408694916001,1.8800640111827023,2.581128305268682,1.0
lead574,700cac410af95cc4,timid_creep,4.002202986693131,7.5201162075042856,1.460448930942304,3.5021502548229786,5.514974747427781,7.5201162075042856,1.0
lead574,700cac410af95cc4,lead_release,0.3014956219830043,0.47217774498885773,0.191508028742331,0.27491486307570295,0.37406348979497384,0.47217774498885773,0.0
lead574,5667135252dd528a,human_replay,9.453840955085902e-08,1.947563833572673e-07,2.781460974451973e-08,4.218224989593352e-08,9.092738269701331e-08,1.947563833572673e-07,0.0
lead574,5667135252dd528a,ignore_all,1.748070749706983,4.474838809458088,0.6965021037164324,1.2725308661957324,1.9090903093633336,4.474838809458088,1.0
lead574,5667135252dd528a,constant_velocity,4.110352193867213,10.343226570027547,0.4284966479289404,2.477565823941298,6.0491939816499,10.343226570027547,1.0
lead574,5667135252dd528a,timid_creep,1.5228272851440041,4.792985914879571,0.696513428536167,0.29351453823700785,1.6919279566978047,4.792985914879571,1.0
lead574,5667135252dd528a,lead_release,2.557008653923292,5.469720032395621,0.5136342306879542,1.9551211361398821,3.723120181471773,5.469720032395621,1.0
lead574,354ac12e8832565a,human_replay,1.2930194540770228e-07,1.886999245138629e-07,3.127804429007598e-08,1.0110914088461514e-07,2.3590823863714e-07,1.886999245138629e-07,0.0
lead574,354ac12e8832565a,ignore_all,10.107827121525418,22.436267085621328,2.31585600809082,7.4900404089797465,14.313275636569077,22.436267085621328,1.0
lead574,354ac12e8832565a,constant_velocity,4.641627478721479,9.455343990771956,1.2023807262587067,3.801131523619338,6.6391946891375175,9.455343990771956,1.0
lead574,354ac12e8832565a,timid_creep,0.29432961020872506,0.6208111449288192,0.3012206614299547,0.16793772277207217,0.26297228990858396,0.6208111449288192,0.0
lead574,354ac12e8832565a,lead_release,0.44620777281155305,1.4437554807855615,0.057178321322466266,0.11912527693581117,0.6012336018834287,1.4437554807855615,0.0
lead574,75811dfc02ce59f7,human_replay,5.617917613508187e-08,5.452481195052596e-08,2.874426225378721e-08,9.402902247171894e-08,2.5656127239825116e-08,5.452481195052596e-08,0.0
lead574,75811dfc02ce59f7,ignore_all,8.917544339656907,19.890366153538473,2.1972348124521073,6.591201691597876,12.463657243839746,19.890366153538473,1.0
lead574,75811dfc02ce59f7,constant_velocity,3.377523556726966,6.683930738370962,1.0774318227216293,2.8694117588677965,4.692028747937994,6.683930738370962,1.0
lead574,75811dfc02ce59f7,timid_creep,0.43625360863488183,1.130638765959128,0.1580740074247107,0.2165064601906717,0.5862219795574515,1.130638765959128,0.0
lead574,75811dfc02ce59f7,lead_release,1.8773520785094169,4.412072183572951,0.14565818553298834,1.2067776946053708,2.8953384110630314,4.412072183572951,1.0
lead574,e253ff0b4fd758cc,human_replay,4.816771403170102e-08,4.2626737213836744e-08,3.944349478723713e-08,3.467678066331272e-08,9.450165072628011e-08,4.2626737213836744e-08,0.0
lead574,e253ff0b4fd758cc,ignore_all,7.640589642894581,17.803727356297166,1.3945628539259487,5.260718927544763,10.986768754039668,17.803727356297166,1.0
lead574,e253ff0b4fd758cc,constant_velocity,2.0383126805070035,4.393506000447856,0.2700530704791941,1.515529860096918,3.1364000088016217,4.393506000447856,1.0
lead574,e253ff0b4fd758cc,timid_creep,2.6613557614094026,5.501244705216163,0.5469375942378036,2.069297498576708,3.9671456669310823,5.501244705216163,1.0
lead574,e253ff0b4fd758cc,lead_release,0.15995407799057218,0.4199187635755876,0.004641362514349039,0.22231815481577485,0.1453161722459139,0.4199187635755876,0.0
lead574,45d77984273c5205,human_replay,3.721239705461081e-08,1.1858412436348664e-07,2.1497282723220442e-08,2.7579369928773754e-08,1.6690875656145966e-08,1.1858412436348664e-07,0.0
lead574,45d77984273c5205,ignore_all,7.806552978335439,17.552172788940087,1.6853683443242629,5.6869756755208645,11.103850985763541,17.552172788940087,1.0
lead574,45d77984273c5205,constant_velocity,2.2011585002690928,4.130533781012738,0.5611542637548036,1.9409311400317764,3.2495365435966166,4.130533781012738,1.0
lead574,45d77984273c5205,timid_creep,3.216818038429392,5.936370451963408,1.0122910204966664,2.8436976011237025,4.60388824283606,5.936370451963408,1.0
lead574,45d77984273c5205,lead_release,0.51273645139949,1.4329853578210971,0.0854661313637679,0.2850819522987561,0.6498124227274454,1.4329853578210971,0.0
lead574,2f1653c3481b50f1,human_replay,2.7900300653960735e-08,5.694066479147337e-08,8.531459624701525e-09,2.2720885840968918e-08,5.422793294077551e-08,5.694066479147337e-08,0.0
lead574,2f1653c3481b50f1,ignore_all,7.087680032552502,15.836926932074604,1.687154704011697,5.248175997218131,9.936861544841411,15.836926932074604,1.0
lead574,2f1653c3481b50f1,constant_velocity,1.4751140203255593,2.388752259144764,0.5627019468895532,1.5002485617631183,2.0739650966730263,2.388752259144764,1.0
lead574,2f1653c3481b50f1,timid_creep,3.530083133063042,6.123989404889157,1.4173593533291318,3.3152025950462005,4.849288545668515,6.123989404889157,1.0
lead574,2f1653c3481b50f1,lead_release,0.712867694866628,1.819659891718201,0.15443909785618568,0.3864422406193409,0.9753457857921914,1.819659891718201,0.0
lead574,daa09f8522125950,human_replay,5.3637528728104375e-08,6.813910035339099e-08,1.1278306422662664e-08,8.457475637087243e-08,1.0620413084046604e-07,6.813910035339099e-08,0.0
lead574,daa09f8522125950,ignore_all,8.422476453700853,20.059291670061672,1.630710000355133,5.6025315137656415,11.931361691874299,20.059291670061672,1.0
lead574,daa09f8522125950,constant_velocity,2.843925626188822,6.728075856321051,0.5086464050575923,1.8659279353512992,4.109870841224846,6.728075856321051,1.0
lead574,daa09f8522125950,timid_creep,1.5811572479948213,4.382766872744566,0.09143538100868938,0.6960240458958356,2.3512650650796023,4.382766872744566,1.0
lead574,daa09f8522125950,lead_release,0.5789707879203452,0.9686857253309378,0.10682905314006098,0.5523872192658464,0.9159619202579954,0.9686857253309378,0.0
lead574,a4525819e5c25936,human_replay,4.0782904507590705e-08,3.8351186301582944e-09,1.1755822778046401e-08,1.130900178646984e-07,1.52457881478634e-08,3.8351186301582944e-09,0.0
lead574,a4525819e5c25936,ignore_all,8.31301735988998,19.56276330546971,1.6123193176723807,5.635420563938577,11.830160822989006,19.56276330546971,1.0
lead574,a4525819e5c25936,constant_velocity,2.721216850189647,6.188042128530828,0.48884300748409026,1.8937341484291652,3.9923343625807193,6.188042128530828,1.0
lead574,a4525819e5c25936,timid_creep,2.350316130858251,5.528035117115345,0.3243141004279004,1.5638931240444578,3.4973717316263295,5.528035117115345,1.0
lead574,a4525819e5c25936,lead_release,0.72637343780204,1.0520527001838205,0.22930836809358804,0.8614281293370458,1.0048961636996843,1.0520527001838205,0.0
lead574,73aaa82bd3bb596c,human_replay,1.9046186484152664e-08,2.6813529318595386e-08,1.3539328547283278e-08,1.4423449779243771e-08,1.4603348980646108e-08,2.6813529318595386e-08,0.0
lead574,73aaa82bd3bb596c,ignore_all,8.168374036568107,18.93126683697975,1.6571849165607522,5.697380058441074,11.595044049891154,18.93126683697975,1.0
lead574,73aaa82bd3bb596c,constant_velocity,2.5670042618901325,5.5238795607177105,0.5332602841595508,1.9523581463720026,3.745610998634993,5.5238795607177105,1.0
lead574,73aaa82bd3bb596c,timid_creep,3.103805181565874,6.478364772004095,0.7715995258225516,2.4295521693917443,4.461445259287061,6.478364772004095,1.0
lead574,73aaa82bd3bb596c,lead_release,0.44061789615781405,0.6385751806086869,0.17631021436105274,0.5162665002657992,0.5726966796191789,0.6385751806086869,0.0
lead574,86018dbae1485c1c,human_replay,1.1552093481083122e-08,2.4564827795738332e-08,4.903862781453168e-10,1.8395852489559385e-08,1.0084372598616437e-08,2.4564827795738332e-08,0.0
lead574,86018dbae1485c1c,ignore_all,7.7695303747110085,17.845312781679155,1.6636295733470439,5.518716283341198,10.959800901700966,17.845312781679155,1.0
lead574,86018dbae1485c1c,constant_velocity,2.1602763912174145,4.409414747202873,0.5392491775745966,1.7715097157813047,3.1009118289735524,4.409414747202873,1.0
lead574,86018dbae1485c1c,timid_creep,3.7380538778317662,7.214702482674744,1.2402138620001124,3.174033085244809,5.204829151017715,7.214702482674744,1.0
lead574,86018dbae1485c1c,lead_release,0.36950010933730426,0.5330914526705663,0.22823046588586607,0.3909857700359607,0.45434678970313114,0.5330914526705663,0.0
lead574,50142143082f5c0e,human_replay,8.078658212145585e-09,8.258095952851131e-09,1.1573807279353519e-08,3.8766861138385875e-09,1.2147753007408218e-08,8.258095952851131e-09,0.0
lead574,50142143082f5c0e,ignore_all,7.114074787860912,16.372120675065027,1.5833348749267264,5.039127220714342,9.9731365831122,16.372120675065027,1.0
lead574,50142143082f5c0e,constant_velocity,1.4987563644174018,2.9139616909908086,0.4583983761023771,1.2904306989340246,2.1074343870415504,2.9139616909908086,1.0
lead574,50142143082f5c0e,timid_creep,3.9736025360905605,7.488751529653139,1.4333599627687588,3.465266721920849,5.482257692109338,7.488751529653139,1.0
lead574,50142143082f5c0e,lead_release,0.2815387234231286,0.40515078047773634,0.20328788747001095,0.27619621421407636,0.3406503163281731,0.40515078047773634,0.0
lead574,2360cd7b0fd85480,human_replay,5.537112184115846e-08,4.9706301418573065e-08,3.843052827906192e-08,9.993144270332372e-08,5.204773922237422e-08,4.9706301418573065e-08,0.0
lead574,2360cd7b0fd85480,ignore_all,8.1600829659789,19.21055100544072,1.5680550536950861,5.544580402983048,11.611520734848268,19.21055100544072,1.0
lead574,2360cd7b0fd85480,constant_velocity,2.565111821803092,5.824720561014706,0.44460251427979325,1.802028295181474,3.769862881237078,5.824720561014706,1.0
lead574,2360cd7b0fd85480,timid_creep,2.482533078006979,5.677840321066935,0.4079851536791239,1.7286308078386436,3.659717047007634,5.677840321066935,1.0
lead574,2360cd7b0fd85480,lead_release,0.4454888708822752,0.687204430697927,0.19440917185675008,0.44788850898255417,0.6092258568036345,0.687204430697927,0.0
lead574,bcdaa4a47f925ebb,human_replay,2.9102717014372374e-08,2.648847725081141e-08,3.11857189109932e-08,3.578046393652641e-08,4.0064596741062824e-08,2.648847725081141e-08,0.0
lead574,bcdaa4a47f925ebb,ignore_all,8.084989137728897,18.714477653802717,1.661953441354095,5.650511455116654,11.460511914665892,18.714477653802717,1.0
lead574,bcdaa4a47f925ebb,constant_velocity,2.4824955429024795,5.301704550731548,0.5385625483381196,1.9055185535488974,3.609431849770179,5.301704550731548,1.0
lead574,bcdaa4a47f925ebb,timid_creep,3.1995249054568182,6.576971246466375,0.8567250613505395,2.5429288170975153,4.565805280155196,6.576971246466375,1.0
lead574,bcdaa4a47f925ebb,lead_release,0.46177041600081525,0.6675663488249444,0.2489643402044953,0.508533810274268,0.5855423392428701,0.6675663488249444,0.0
lead574,7dc47eb4f41e523d,human_replay,1.427537636874638e-08,2.2791612255393187e-08,6.12626688470751e-09,1.9782614903263053e-08,1.552541670373701e-08,2.2791612255393187e-08,0.0
lead574,7dc47eb4f41e523d,ignore_all,7.573436876242762,17.440160605768305,1.6261601284297769,5.360634318837784,10.672192951860595,17.440160605768305,1.0
lead574,7dc47eb4f41e523d,constant_velocity,1.9628137592131099,3.998377265256959,0.5020893075697219,1.6132950983106067,2.8115709984913697,3.998377265256959,1.0
lead574,7dc47eb4f41e523d,timid_creep,3.7721111737822106,7.24270375157204,1.2863090765924945,3.2177038549433274,5.235988390057763,7.24270375157204,1.0
lead574,7dc47eb4f41e523d,lead_release,0.452789542394886,0.6413582585161035,0.28743302816515875,0.47273043972693685,0.5559738157363183,0.6413582585161035,0.0
lead574,c35f0df7bfdb5140,human_replay,1.8154961847221475e-08,2.8975915899090564e-09,7.419497472631456e-10,4.455292998726336e-08,1.6526401332762075e-08,2.8975915899090564e-09,0.0
lead574,c35f0df7bfdb5140,ignore_all,5.95514329744673,14.671038628920911,1.0334304324921109,3.7637947177018694,8.436433121612868,14.671038628920911,1.0
lead574,c35f0df7bfdb5140,constant_velocity,0.3941608157470825,1.206673784702196,0.09168360992119022,0.015713108568146422,0.5689469260327897,1.206673784702196,0.0
lead574,c35f0df7bfdb5140,timid_creep,3.126099814112748,6.407480343641626,0.9728673517539485,2.4579063810018016,4.3909595317864225,6.407480343641626,1.0
lead574,c35f0df7bfdb5140,lead_release,1.046319405553508,1.4164041428299983,0.5561684373705306,1.1836482684710978,1.355843325325642,1.4164041428299983,0.0
lead574,1766fa78fd10576e,human_replay,1.4347450462475073e-08,2.6445920186982568e-08,1.0142539634228266e-08,9.233539561589702e-09,5.680673559786816e-09,2.6445920186982568e-08,0.0
lead574,1766fa78fd10576e,ignore_all,6.373987181827641,15.345183648413297,1.1627380641734717,4.20128965726023,9.040233730454908,15.345183648413297,1.0
lead574,1766fa78fd10576e,constant_velocity,0.7595229489969557,1.8834414238105923,0.03834493242256952,0.4523593245592678,1.1734702522891456,1.8834414238105923,0.0
lead574,1766fa78fd10576e,timid_creep,3.4064907609756427,6.8060329747692325,1.0624344483993453,2.776281932315969,4.796749165832577,6.8060329747692325,1.0
lead574,1766fa78fd10576e,lead_release,0.6338610802127059,0.8634503669498297,0.36545346847111526,0.699864724023779,0.7994925555262089,0.8634503669498297,0.0
lead574,396a8c19c4ac58f3,human_replay,1.3260456802279006e-08,3.3526194923765626e-09,2.341843247791483e-08,7.229552729210592e-09,2.2866443489965338e-08,3.3526194923765626e-09,0.0
lead574,396a8c19c4ac58f3,ignore_all,6.547872478057178,15.504057266096481,1.2601971115678468,4.467423044105709,9.252245441848926,15.504057266096481,1.0
lead574,396a8c19c4ac58f3,constant_velocity,0.9313971100274214,2.0406017110707633,0.13562212084471637,0.7183542228350819,1.3850055616173982,2.0406017110707633,1.0
lead574,396a8c19c4ac58f3,timid_creep,3.6684176680148424,7.14014533777751,1.1851677601575152,3.1181634419442914,5.13467645979259,7.14014533777751,1.0
lead574,396a8c19c4ac58f3,lead_release,0.27136222602808385,0.06264381222566813,0.31805497604918187,0.31794692229536875,0.35406178640734637,0.06264381222566813,0.0
lead574,43311faf65e25505,human_replay,6.165799025452529e-09,4.367736269559451e-09,1.141005445283187e-08,9.820786536427089e-09,1.2180867864363899e-08,4.367736269559451e-09,0.0
lead574,43311faf65e25505,ignore_all,6.569675731795485,15.364696640591756,1.376412843167479,4.558725450250339,9.224571753290384,15.364696640591756,1.0
lead574,43311faf65e25505,constant_velocity,0.9521072363844809,1.897713937838479,0.2514359891066555,0.8095726577322178,1.3564182942079142,1.897713937838479,0.0
lead574,43311faf65e25505,timid_creep,3.8862950024466043,7.3911469954006455,1.3576469216537406,3.378134764757515,5.387413438739734,7.3911469954006455,1.0
lead574,43311faf65e25505,lead_release,0.2775576732363153,0.4075678766091414,0.16722083348831246,0.25935335985499397,0.35416803565705435,0.4075678766091414,0.0
lead574,a6b34e50b7995664,human_replay,5.071136587419721e-08,6.365580610742033e-08,1.4575411629636262e-08,9.017133999374026e-08,5.822707853903574e-08,6.365580610742033e-08,0.0
lead574,a6b34e50b7995664,ignore_all,5.850220290928249,15.09303533234902,0.6810843444343555,3.4223463830539678,8.430180507322241,15.09303533234902,1.0
lead574,a6b34e50b7995664,constant_velocity,0.6085115316135148,1.6453557248445712,0.44609571412037763,0.3272295784454693,0.5675103063955436,1.6453557248445712,0.0
lead574,a6b34e50b7995664,timid_creep,2.2602528571947023,5.3154079517872965,0.4025293517973781,1.4614687179834098,3.2961191956140747,5.3154079517872965,1.0
lead574,a6b34e50b7995664,lead_release,2.0272437145570974,2.665564016463191,1.2198257665831969,2.2922856868564216,2.58346735650766,2.665564016463191,1.0
lead574,356738fb8224508b,human_replay,3.150078673255402e-08,4.232053845511464e-08,5.6365921323364636e-08,4.1632463137861094e-08,4.051954296635648e-08,4.232053845511464e-08,0.0
lead574,356738fb8224508b,ignore_all,7.089682785364893,17.152194998861276,1.1243103627058537,4.669580228459021,10.168403004194081,17.152194998861276,1.0
lead574,356738fb8224508b,constant_velocity,1.5070863936109502,3.7215951596737264,0.021794209925538478,0.9225210966218033,2.3111085899431867,3.7215951596737264,1.0
lead574,356738fb8224508b,timid_creep,2.836459174571839,6.130111832042352,0.6018403263562617,2.126785390722493,4.1174802266441635,6.130111832042352,1.0
lead574,356738fb8224508b,lead_release,0.5715316022727129,0.8536531573327052,0.31572363709555795,0.5685667070598233,0.7271129220551197,0.8536531573327052,0.0
lead574,cf43204828af5513,human_replay,3.337683363663e-08,4.728979391297838e-08,2.5798066734140666e-08,4.503612590190922e-08,3.553407349816891e-08,4.728979391297838e-08,0.0
lead574,cf43204828af5513,ignore_all,7.75791624397251,17.968766232514348,1.5892511028612821,5.450868811368741,10.984490844520188,17.968766232514348,1.0
lead574,cf43204828af5513,constant_velocity,2.1500703056084,4.5386134959951185,0.4645461823321014,1.70413917094457,3.127432326959815,4.5386134959951185,1.0
lead574,cf43204828af5513,timid_creep,3.490497643332362,6.921688433858735,1.0602663907849228,2.8955210079717877,4.914693842522015,6.921688433858735,1.0
lead574,cf43204828af5513,lead_release,0.4727570686892881,0.7156193379319437,0.22789103106333358,0.49862601543161394,0.6037881427544645,0.7156193379319437,0.0
lead574,b04c892043a352d3,human_replay,7.194840998783098e-09,3.282002817903095e-09,3.5718676772781006e-09,1.1818515687286494e-09,2.017794446665748e-09,3.282002817903095e-09,0.0
lead574,b04c892043a352d3,ignore_all,7.171959201311432,16.570957349459366,1.5463285906896098,5.056572063706961,10.081106899816085,16.570957349459366,1.0
lead574,b04c892043a352d3,constant_velocity,1.5578726482572416,3.116616713650825,0.4217775912640192,1.3084041933149746,2.216663251286005,3.116616713650825,1.0
lead574,b04c892043a352d3,timid_creep,3.8647967881565486,7.355946495923557,1.3484803513443528,3.3392456606325043,5.351797958210238,7.355946495923557,1.0
lead574,b04c892043a352d3,lead_release,0.33793553593355147,0.5456704496336325,0.18461512545050707,0.32293175458270534,0.433476808463944,0.5456704496336325,0.0
lead574,bb870b710b7a53e8,human_replay,4.389413935946994e-09,2.7518329648740794e-09,6.416575591639475e-09,5.847761520438888e-09,9.181405842211286e-10,2.7518329648740794e-09,0.0
lead574,bb870b710b7a53e8,ignore_all,6.687153297259478,15.490612364629625,1.5001552231965023,4.6833304834841405,9.349138809737926,15.490612364629625,1.0
lead574,bb870b710b7a53e8,constant_velocity,1.0698859339344466,2.023795193994509,0.376010017660139,0.9344381935732755,1.4811415134785868,2.023795193994509,1.0
lead574,bb870b710b7a53e8,timid_creep,3.9998563976849457,7.509250925746551,1.4802651952895756,3.49938142485861,5.506377330419592,7.509250925746551,1.0
lead574,bb870b710b7a53e8,lead_release,0.20581712946339506,0.41508247332596515,0.04542252413859983,0.1660196511263767,0.29641130194913357,0.41508247332596515,0.0
lead574,170ea72e455e5e57,human_replay,3.390993306913221e-08,2.1632323515747408e-08,2.5729692374625924e-08,2.697866635777678e-08,4.5644744633020955e-08,2.1632323515747408e-08,0.0
lead574,170ea72e455e5e57,ignore_all,10.557949845123208,23.4035939578844,2.3968055546449465,7.8579209033163355,14.955788401893056,23.4035939578844,1.0
lead574,170ea72e455e5e57,constant_velocity,4.99260369489677,10.117894053444978,1.274408649816601,4.12560301350566,7.15165352642697,10.117894053444978,1.0
lead574,170ea72e455e5e57,timid_creep,2.8815776748770867,6.325356751921812,0.3268842980015289,2.2295718749272404,4.307298310189089,6.325356751921812,1.0
lead574,170ea72e455e5e57,lead_release,0.2584432631016562,0.23112769715183348,0.156402518160272,0.37414701027202335,0.3260833943850843,0.23112769715183348,0.0
lead574,0f337f2c23215a9e,human_replay,1.4182785803361293e-08,9.111578285100582e-09,1.4962806777146715e-08,5.555640517351507e-09,1.9017780079230024e-08,9.111578285100582e-09,0.0
lead574,0f337f2c23215a9e,ignore_all,9.163394330031034,20.26542809198734,2.2468591777418556,6.83998967558707,12.839195093509728,20.26542809198734,1.0
lead574,0f337f2c23215a9e,constant_velocity,3.5639700048154186,6.865296360596655,1.1227223294678115,3.0955369472045224,4.992144267310492,6.865296360596655,1.0
lead574,0f337f2c23215a9e,timid_creep,3.8750339420659765,7.418354735448588,1.2609138914788278,3.3720460034851003,5.40693272921139,7.418354735448588,1.0
lead574,0f337f2c23215a9e,lead_release,0.1050912062261076,0.0837812656578152,0.11180003319872887,0.1619517156146549,0.08784577265961577,0.0837812656578152,0.0
lead574,c24424805c075539,human_replay,2.8427060533981706e-08,4.334465609690851e-08,3.94507388568177e-08,2.8692927876496827e-08,1.1839298734138563e-08,4.334465609690851e-08,0.0
lead574,c24424805c075539,ignore_all,9.423181549279818,21.163847980861863,1.9601657839034463,6.8735930495630315,13.448641374624982,21.163847980861863,1.0
lead574,c24424805c075539,constant_velocity,3.838961013093119,7.816021527539453,0.8365671475738116,3.1341237110686944,5.620489259291816,7.816021527539453,1.0
lead574,c24424805c075539,timid_creep,2.851959298681708,6.053238350070766,0.3960778248582097,2.2527554223842525,4.298409009174455,6.053238350070766,1.0
lead574,c24424805c075539,lead_release,0.17240609238276305,0.0887607067813361,0.023623049054062262,0.2991880523796556,0.26271063441495246,0.0887607067813361,0.0
lead574,407b876e623a5c51,human_replay,2.6408541802805727e-09,1.3111229540409246e-08,1.313019954765424e-09,7.18674152164192e-10,3.5412975932864363e-10,1.3111229540409246e-08,0.0
lead574,407b876e623a5c51,ignore_all,7.369270257599331,16.48051428682044,1.8316280552104316,5.342768146725479,10.299329433740924,16.48051428682044,1.0
lead574,407b876e623a5c51,constant_velocity,1.7541375769162864,3.023051278255157,0.7068575601782647,1.5940607468120054,2.4338008092515726,3.023051278255157,1.0
lead574,407b876e623a5c51,timid_creep,4.194721822099368,7.5293470008186185,1.6718773024897502,3.7395738319927707,5.759709651470261,7.5293470008186185,1.0
lead574,407b876e623a5c51,lead_release,2.3911723169256462,6.9066378324245585,0.030877842049498016,0.8140241563265904,3.68211685348655,6.9066378324245585,1.0
lead574,35d07990fee95985,human_replay,1.78679359360117e-08,3.5569018678167286e-09,3.438581158544404e-08,3.178561000233317e-08,2.0433075187190806e-08,3.5569018678167286e-09,0.0
lead574,35d07990fee95985,ignore_all,9.833582781574355,22.119978016811793,2.1523313277213525,7.151850610909976,13.954769726364258,22.119978016811793,1.0
lead574,35d07990fee95985,constant_velocity,4.2557091465134205,8.793534897525134,1.0290267996458087,3.414665425229715,6.134704757318484,8.793534897525134,1.0
lead574,35d07990fee95985,timid_creep,2.834820322150947,6.267293683629752,0.39751634710328865,2.151542536049054,4.240025698763644,6.267293683629752,1.0
lead574,35d07990fee95985,lead_release,1.530354164958475,5.282763526871682,0.10527439680277718,0.5996249311825723,1.7072760714170006,5.282763526871682,1.0
lead574,e5bb04b7c6695184,human_replay,1.4467670094497032e-08,1.487371447413193e-08,4.764744749619656e-09,2.8295148328855225e-08,2.466387694767326e-08,1.487371447413193e-08,0.0
lead574,e5bb04b7c6695184,ignore_all,8.796207085478212,19.707682678865385,2.0309819545919496,6.466139526640523,12.375594161189857,19.707682678865385,1.0
lead574,e5bb04b7c6695184,constant_velocity,3.1944725765879824,6.299866016661746,0.9064964799942552,2.7208856216827324,4.525856818085609,6.299866016661746,1.0
lead574,e5bb04b7c6695184,timid_creep,3.7407772926375253,7.2710859241154955,1.1492723980314867,3.2064951921718716,5.254269237646242,7.2710859241154955,1.0
lead574,e5bb04b7c6695184,lead_release,8.274744331046369,19.251633121421794,1.6434024692212303,5.834307879475225,11.692042057323565,19.251633121421794,1.0
lead574,36e98388f7a35159,human_replay,2.741249119739732e-09,1.752856607063211e-09,6.026725102138388e-09,4.610292212353134e-09,4.0783974572490993e-10,1.752856607063211e-09,0.0
lead574,36e98388f7a35159,ignore_all,7.651884934262179,17.2560412066968,1.8599125598739619,5.552815644832818,10.676230441459927,17.2560412066968,1.0
lead574,36e98388f7a35159,constant_velocity,2.0384367703288455,3.8050952150835142,0.7349954432390202,1.8045228775799813,2.8126657240132302,3.8050952150835142,1.0
lead574,36e98388f7a35159,timid_creep,4.196813429457239,7.746927099606974,1.61955029239119,3.7081089746835776,5.735371764912466,7.746927099606974,1.0
lead574,36e98388f7a35159,lead_release,4.756955000430121,12.594786272189484,0.7487875678991607,2.747696881992925,6.58991872875468,12.594786272189484,1.0
lead574,11ba25cefa3b5a5e,human_replay,2.9517455559668723e-08,4.038528383015812e-08,3.759646463618959e-08,2.2195221834974453e-08,4.563281548148034e-08,4.038528383015812e-08,0.0
lead574,11ba25cefa3b5a5e,ignore_all,9.378318380564917,21.32908431482019,2.008164563727141,6.70377652864461,13.315152830477468,21.32908431482019,1.0
lead574,11ba25cefa3b5a5e,constant_velocity,3.795260708850858,7.985367280664364,0.8845362164723609,2.9647293440108204,5.4885434220128975,7.985367280664364,1.0
lead574,11ba25cefa3b5a5e,timid_creep,2.717562137833836,6.069302933511845,0.40553248088703236,2.006714503478931,4.051504662076411,6.069302933511845,1.0
lead574,11ba25cefa3b5a5e,lead_release,0.06059675739359381,0.04659023482687006,0.04202058235007466,0.07735776780903977,0.09729595352079494,0.04659023482687006,0.0
lead574,718ebae5b23855f7,human_replay,1.1080468794921261e-08,2.272372222088965e-09,1.4278756675980973e-08,1.5798803691757827e-08,2.93772889523401e-08,2.272372222088965e-09,0.0
lead574,718ebae5b23855f7,ignore_all,8.492298653287481,19.258446192063,1.8624470573230825,6.143377413367311,11.983599281719128,19.258446192063,1.0
lead574,718ebae5b23855f7,constant_velocity,2.889493602561052,5.846846379401543,0.7378569896089174,2.397829510405203,4.132572302229959,5.846846379401543,1.0
lead574,718ebae5b23855f7,timid_creep,3.5574586964579726,7.034347665171524,1.0347255721478616,2.991571404338552,5.023195312058832,7.034347665171524,1.0
lead574,718ebae5b23855f7,lead_release,0.18624931630957187,0.31242960551141685,0.09971089582545702,0.16999150208622446,0.24095134006593877,0.31242960551141685,0.0
lead574,6f2e14d0955e5e5a,human_replay,4.472630689518973e-09,8.17961313246532e-09,1.3271431169621353e-10,6.158375216155863e-09,3.312572380561512e-10,8.17961313246532e-09,0.0
lead574,6f2e14d0955e5e5a,ignore_all,7.71341589516055,17.474732480223352,1.8154084428786035,5.572748371162279,10.79401775466465,17.474732480223352,1.0
lead574,6f2e14d0955e5e5a,constant_velocity,2.1011908172347726,4.028485361491148,0.6905833954805594,1.8247031426796565,2.931822871852437,4.028485361491148,1.0
lead574,6f2e14d0955e5e5a,timid_creep,4.069801964676113,7.590788176438968,1.520855300291138,3.565649351851795,5.583451848948973,7.590788176438968,1.0
lead574,6f2e14d0955e5e5a,lead_release,0.12545078806059645,0.25120451164274654,0.0351916587989711,0.09560601451805799,0.17762933827289865,0.25120451164274654,0.0
lead574,f203a01d3a8055f1,human_replay,6.015420847033548e-08,7.424704078929378e-08,5.9013646588001836e-08,2.679526251437434e-08,2.870998795398497e-08,7.424704078929378e-08,0.0
lead574,f203a01d3a8055f1,ignore_all,9.462075781670393,21.883392645511247,1.8524029381948073,6.594709864723695,13.511766991065794,21.883392645511247,1.0
lead574,f203a01d3a8055f1,constant_velocity,3.8936487751451456,8.586021473355242,0.7296794774323343,2.862133410310489,5.70373311647521,8.586021473355242,1.0
lead574,f203a01d3a8055f1,timid_creep,2.053610424835765,5.157038440605999,0.12816434553514117,1.1508214619079444,3.1328725783269324,5.157038440605999,1.0
lead574,f203a01d3a8055f1,lead_release,1.0521748139548435,2.1845093521924683,0.08811021080810427,0.800043569971267,1.6719334283532048,2.1845093521924683,1.0
lead574,850f844463075fb3,human_replay,3.697801432224707e-08,1.6483883653989043e-08,1.9412721904384916e-08,5.9451872049670675e-08,3.519094789291791e-08,1.6483883653989043e-08,0.0
lead574,850f844463075fb3,ignore_all,9.263552230400881,20.97431669090502,2.024645104404752,6.68700156230497,13.123608435862698,20.97431669090502,1.0
lead574,850f844463075fb3,constant_velocity,3.676253260461076,7.61363312864625,0.9016297635340493,2.9477227010083853,5.291398181514494,7.61363312864625,1.0
lead574,850f844463075fb3,timid_creep,2.983652568729159,6.38155627056088,0.5944094285848867,2.3323453268348247,4.367531941030764,6.38155627056088,1.0
lead574,850f844463075fb3,lead_release,0.28410472303072526,0.3821913220837103,0.10620400157402465,0.3443641311862831,0.4123975812645474,0.3821913220837103,0.0
lead574,4738ed6a4f665c01,human_replay,1.7337596693589957e-08,1.330828830046735e-08,2.8073733265350413e-08,1.0357994706821458e-08,5.48080133957296e-09,1.330828830046735e-08,0.0
lead574,4738ed6a4f665c01,ignore_all,8.284425121032108,18.72200564088477,1.898829252617215,6.006058738953323,11.642009803387456,18.72200564088477,1.0
lead574,4738ed6a4f665c01,constant_velocity,2.6796329599653403,5.2983401837005575,0.776963085817419,2.2611940800434365,3.787802880721539,5.2983401837005575,1.0
lead574,4738ed6a4f665c01,timid_creep,3.7985754019511884,7.288844045565231,1.2727795932490094,3.25575875887514,5.280447498326693,7.288844045565231,1.0
lead574,4738ed6a4f665c01,lead_release,0.2365069441242195,0.3840985474691465,0.12554253134771773,0.2330348415393139,0.3036313559188774,0.3840985474691465,0.0
lead574,90551e9098aa5b12,human_replay,4.3433424046344005e-09,5.6074600505673545e-09,5.599255396539894e-09,4.599362671291976e-09,3.4486284755212444e-09,5.6074600505673545e-09,0.0
lead574,90551e9098aa5b12,ignore_all,7.28189691827612,16.614484760058346,1.7029811706861406,5.203752639107659,10.175991050116506,16.614484760058346,1.0
lead574,90551e9098aa5b12,constant_velocity,1.668652127033593,3.1585747288532655,0.5809908387239621,1.4564682409522118,2.31164220697923,3.1585747288532655,1.0
lead574,90551e9098aa5b12,timid_creep,4.069957478704888,7.588757083258078,1.5325949777903967,3.5684548953196433,5.5828474759098725,7.588757083258078,1.0
lead574,90551e9098aa5b12,lead_release,0.12243430862266999,0.24492441868065518,0.070062069714948,0.0765020573458262,0.16244843951949384,0.24492441868065518,0.0
lead574,ca5969a1b0775849,human_replay,4.694961449268652e-08,7.827089864708288e-08,1.8809681242216067e-09,3.760775093655784e-09,7.509543612914284e-08,7.827089864708288e-08,0.0
lead574,ca5969a1b0775849,ignore_all,8.100867135211782,19.113444894992103,1.5777983760485104,5.529218154523772,11.455988014972313,19.113444894992103,1.0
lead574,ca5969a1b0775849,constant_velocity,2.5099021919868405,5.738920016879188,0.45579609206152877,1.788556708291631,3.618922523567026,5.738920016879188,1.0
lead574,ca5969a1b0775849,timid_creep,2.1477083997906146,5.093537560334439,0.2960592362301058,1.466327584915498,3.1350583325810115,5.093537560334439,1.0
lead574,ca5969a1b0775849,lead_release,0.24020347569531597,0.46518111304388854,0.07224436448204181,0.1786066396640691,0.3726046664448775,0.46518111304388854,0.0
lead574,9048dd95941958d8,human_replay,2.26850961555293e-08,5.222670764157777e-08,9.851841686910774e-09,1.5419910332975594e-09,4.580987769914432e-08,5.222670764157777e-08,0.0
lead574,9048dd95941958d8,ignore_all,7.932971218995012,18.528800668542466,1.628802098909235,5.48536451252591,11.200083589856531,18.528800668542466,1.0
lead574,9048dd95941958d8,constant_velocity,2.3327285141673344,5.122336344652501,0.5056063877238953,1.7418632383090429,3.3514802914252635,5.122336344652501,1.0
lead574,9048dd95941958d8,timid_creep,2.8534740349585688,6.0488832319381265,0.7366544379736966,2.2046764612756546,4.046265058728613,6.0488832319381265,1.0
lead574,9048dd95941958d8,lead_release,0.2885703258685721,0.3609728657773804,0.08726851460020416,0.3532200352531043,0.42713327552393576,0.3609728657773804,0.0
lead574,0e7f0228aa865b5c,human_replay,2.7831644901843403e-08,1.6382864160971003e-08,1.5862116667850662e-08,3.8645781931007476e-08,2.5805194681110566e-08,1.6382864160971003e-08,0.0
lead574,0e7f0228aa865b5c,ignore_all,7.507819357405882,17.466459244736168,1.6029977895436083,5.200687937495111,10.576953710639007,17.466459244736168,1.0
lead574,0e7f0228aa865b5c,constant_velocity,1.8991876622962895,4.031179486031758,0.47943783838443293,1.4542671902636968,2.7185505287987772,4.031179486031758,1.0
lead574,0e7f0228aa865b5c,timid_creep,3.4609036497148433,6.808420408149549,1.1727311433653185,2.84231228822215,4.801314354965709,6.808420408149549,1.0
lead574,0e7f0228aa865b5c,lead_release,0.35290374394344914,0.5136451356910053,0.21420227044492193,0.34752498047045394,0.4752926592580577,0.5136451356910053,0.0
lead574,7f396948993153fe,human_replay,1.0287945404543715e-08,6.210345628918728e-09,6.211232135164528e-10,1.97107984926933e-08,5.32446946482597e-09,6.210345628918728e-09,0.0
lead574,7f396948993153fe,ignore_all,6.878101920437025,16.11667566437573,1.4288656159935804,4.730209206691861,9.685361956510775,16.11667566437573,1.0
lead574,7f396948993153fe,constant_velocity,1.2643106439134637,2.660152280189558,0.306991304312643,0.9824212340288339,1.82047903882187,2.660152280189558,1.0
lead574,7f396948993153fe,timid_creep,3.6757614090714767,7.110122519117258,1.261206898578075,3.1031350786243186,5.105960050209966,7.110122519117258,1.0
lead574,7f396948993153fe,lead_release,0.26495285287119574,0.44873986661042575,0.09319995545470715,0.2649634914256184,0.3624419305324737,0.44873986661042575,0.0
lead574,c55b4a959c2d5b8e,human_replay,6.4377365984271424e-09,5.421212201134366e-09,1.1655670117860495e-09,5.945986375915104e-09,7.875229767407378e-09,5.421212201134366e-09,0.0
lead574,c55b4a959c2d5b8e,ignore_all,6.566327061217656,15.399664919559648,1.3685614116039737,4.525716878524264,9.22544138475085,15.399664919559648,1.0
lead574,c55b4a959c2d5b8e,constant_velocity,0.9495934935063779,1.9338415275629413,0.244411571917129,0.7767873218603679,1.357662125397745,1.9338415275629413,0.0
lead574,c55b4a959c2d5b8e,timid_creep,3.81987742755077,7.300526838369987,1.3317013737778727,3.2908845636815793,5.298085974019181,7.300526838369987,1.0
lead574,c55b4a959c2d5b8e,lead_release,0.04921100313170032,0.031106665900259907,0.060722950942197894,0.09661833090203864,0.028249496004038064,0.031106665900259907,0.0
lead574,955916fd66da5657,human_replay,1.2218355797670454e-07,2.279216139465116e-08,5.658230958967874e-08,2.8807673407512968e-08,1.598376241662636e-07,2.279216139465116e-08,0.0
lead574,955916fd66da5657,ignore_all,2.538680313222596,6.574018318855323,0.7217770547963378,1.6531878073576574,3.1375903672942296,6.574018318855323,1.0
lead574,955916fd66da5657,constant_velocity,3.4241880997847773,8.713933349209707,0.4032996940660218,2.0986195638440415,4.930136021340115,8.713933349209707,1.0
lead574,955916fd66da5657,timid_creep,1.4574851026507525,4.820760511543904,0.5918638797332331,0.15617841458094486,1.6302452258615343,4.820760511543904,1.0
lead574,955916fd66da5657,lead_release,1.8130384822192331,4.2285851893497,0.23566054748761103,1.2058380200492806,2.710660470413607,4.2285851893497,1.0
lead574,3251e54ebe415e5c,human_replay,6.987112597592319e-08,9.772254387805446e-08,7.642579357378168e-08,1.1749614649111748e-07,5.7527861322032446e-08,9.772254387805446e-08,0.0
lead574,3251e54ebe415e5c,ignore_all,9.237756980731245,21.607716849900765,1.8612679866013357,6.279453655476537,13.143639398244401,21.607716849900765,1.0
lead574,3251e54ebe415e5c,constant_velocity,3.672787209739292,8.322959491614194,0.7390354297250272,2.5472468886270785,5.339870359488505,8.322959491614194,1.0
lead574,3251e54ebe415e5c,timid_creep,1.6399956446712725,4.5028479575363125,0.217778139882651,0.6378810029374055,2.474857850152327,4.5028479575363125,1.0
lead574,3251e54ebe415e5c,lead_release,0.16606000114761776,0.30365370051452617,0.03167144147597657,0.19314474135429738,0.21192298046730002,0.30365370051452617,0.0
lead574,e1b645135dae5fe9,human_replay,5.5993687055271224e-08,1.618764413936143e-08,3.098962630078541e-08,9.085492764593531e-08,8.817552721559256e-08,1.618764413936143e-08,0.0
lead574,e1b645135dae5fe9,ignore_all,8.819237510636457,20.435528518988622,1.76347758456361,6.126771569438244,12.560744476993984,20.435528518988622,1.0
lead574,e1b645135dae5fe9,constant_velocity,3.231571682677776,7.076338955538287,0.6395945699228475,2.386129728131226,4.728339148163856,7.076338955538287,1.0
lead574,e1b645135dae5fe9,timid_creep,2.487302571706624,5.75311408325895,0.3088099460094543,1.7245494219249433,3.7359212962216053,5.75311408325895,1.0
lead574,e1b645135dae5fe9,lead_release,0.13945591879213462,0.2965624439797034,0.04468007883981887,0.106447591732603,0.18771896893389317,0.2965624439797034,0.0
lead574,d26771df718251d1,human_replay,2.7569888454380454e-08,3.805718879306515e-08,1.8078905338508527e-08,2.0617875419622732e-08,5.245505344433207e-08,3.805718879306515e-08,0.0
lead574,d26771df718251d1,ignore_all,8.477124759421661,19.379067811059077,1.7895164785419726,6.059257946469463,12.002461381538502,19.379067811059077,1.0
lead574,d26771df718251d1,constant_velocity,2.876481351424912,5.975142073584338,0.6650468706743674,2.314328455561104,4.154037424815122,5.975142073584338,1.0
lead574,d26771df718251d1,timid_creep,3.3003395164339127,6.728675411309835,0.8534119849832004,2.691094313253762,4.719187685538718,6.728675411309835,1.0
lead574,d26771df718251d1,lead_release,0.05583187891314977,0.1331570324471788,0.027353180027606852,0.07636060901006879,0.0184331229859577,0.1331570324471788,0.0
lead574,81b16700f22d5688,human_replay,1.270034916779943e-08,1.2043311978331793e-08,1.8550016504192804e-08,4.544182142856733e-09,1.1991987763118157e-08,1.2043311978331793e-08,0.0
lead574,81b16700f22d5688,ignore_all,7.854714438210889,17.855529601790828,1.7821473643453638,5.657919764296146,11.029026052445401,17.855529601790828,1.0
lead574,81b16700f22d5688,constant_velocity,2.2444031386862537,4.416556446406219,0.6574095350833841,1.9102761805260313,3.169035117794327,4.416556446406219,1.0
lead574,81b16700f22d5688,timid_creep,3.9466353712332136,7.446084182933264,1.4115342816466405,3.422930878195335,5.4401265963321235,7.446084182933264,1.0
lead574,81b16700f22d5688,lead_release,0.17278386916939772,0.3441119870976043,0.05350263264771571,0.13751397777026808,0.23869674954075112,0.3441119870976043,0.0
lead574,2914f532ca9e56ce,human_replay,5.8934626151394366e-08,1.9896580170190804e-08,1.906413827664981e-08,7.997859907024531e-08,3.0981605633078184e-08,1.9896580170190804e-08,0.0
lead574,2914f532ca9e56ce,ignore_all,8.749882213668142,20.577342788248316,1.7300508030942627,5.913971677789926,12.43964364281744,20.577342788248316,1.0
lead574,2914f532ca9e56ce,constant_velocity,3.170892904702378,7.2471757359175095,0.6066614368748584,2.176371514824913,4.618173536796685,7.2471757359175095,1.0
lead574,2914f532ca9e56ce,timid_creep,1.8479947395532232,4.848127187563165,0.007162508694082047,0.9768421848204196,2.8189102027461534,4.848127187563165,1.0
lead574,2914f532ca9e56ce,lead_release,0.022820953157312765,0.058513901438966884,0.005419292647283337,0.020217177153572057,0.028536845998471744,0.058513901438966884,0.0
lead574,48109ecc22f65d58,human_replay,5.2663071919181387e-08,3.1573679199460406e-08,6.695168378782601e-09,9.651100711066071e-08,6.362459231821369e-08,3.1573679199460406e-08,0.0
lead574,48109ecc22f65d58,ignore_all,8.590050243688166,19.91475719987017,1.7369044386544796,5.964778776724621,12.21414823974029,19.91475719987017,1.0
lead574,48109ecc22f65d58,constant_velocity,2.997198575574453,6.537897452063717,0.6127946242171696,2.2223324597652163,4.375286364093308,6.537897452063717,1.0
lead574,48109ecc22f65d58,timid_creep,2.6725794511367598,5.960772440655069,0.46854054301846765,1.9337714113462148,3.94244366921837,5.960772440655069,1.0
lead574,48109ecc22f65d58,lead_release,0.24411685563471588,0.4229409464061121,0.07622435946336437,0.23772169770319654,0.34088751317361893,0.4229409464061121,0.0
lead574,e775640dbaf45c91,human_replay,2.0838094087414093e-08,3.5309353368292895e-08,3.5938415358792605e-08,1.0813946889305754e-08,4.34775127112383e-08,3.5309353368292895e-08,0.0
lead574,e775640dbaf45c91,ignore_all,8.248959855514624,18.896259778443554,1.752010938576166,5.872619111175954,11.66554388662144,18.896259778443554,1.0
lead574,e775640dbaf45c91,constant_velocity,2.6452925706068076,5.481560959200157,0.6273790852019464,2.1268334283374712,3.8134672968973335,5.481560959200157,1.0
lead574,e775640dbaf45c91,timid_creep,3.416094372453127,6.851891273516439,0.9699584744517267,2.81198127374656,4.841211641635844,6.851891273516439,1.0
lead574,e775640dbaf45c91,lead_release,0.19123531609557845,0.34450361063612966,0.0797002299314783,0.16969695920951455,0.2567092364799335,0.34450361063612966,0.0
lead574,1309e3cfb6f25c6e,human_replay,1.4529236846038874e-08,1.707003192706042e-08,5.765735311874104e-09,2.603220786786323e-08,2.959496297333604e-08,1.707003192706042e-08,0.0
lead574,1309e3cfb6f25c6e,ignore_all,7.619839261955301,17.406233535763995,1.7057886062371943,5.453054487944192,10.700701070898683,17.406233535763995,1.0
lead574,1309e3cfb6f25c6e,constant_velocity,2.0079328594784864,3.961176866809814,0.5810709069564259,1.705084680059464,2.838863400978515,3.961176866809814,1.0
lead574,1309e3cfb6f25c6e,timid_creep,3.9307708487128643,7.431940347498609,1.3981754251501102,3.4067961351998757,5.42510786160772,7.431940347498609,1.0
lead574,1309e3cfb6f25c6e,lead_release,0.2022288608118486,0.35822790226329315,0.08226468527641279,0.18304906755699535,0.27707751587446816,0.35822790226329315,0.0
lead574,068a26b124475a4a,human_replay,3.261314523446945e-09,1.4763689727443416e-09,3.453800107848048e-09,4.504463060237697e-09,3.545618990384128e-09,1.4763689727443416e-09,0.0
lead574,068a26b124475a4a,ignore_all,6.787617104424944,15.665183240233674,1.5452560613262072,4.77678283621936,9.484339163640207,15.665183240233674,1.0
lead574,068a26b124475a4a,constant_velocity,1.170526260452758,2.199453886250566,0.42070013719653915,1.0277370373546346,1.6165337752036155,2.199453886250566,1.0
lead574,068a26b124475a4a,timid_creep,4.033504021598231,7.550791454824829,1.5061976263030392,3.535356177491697,5.546024759566869,7.550791454824829,1.0
lead574,068a26b124475a4a,lead_release,0.15855199090892097,0.2603915661739231,0.05611738767153894,0.15140647411811625,0.2314651844351106,0.2603915661739231,0.0
lead574,fd9dc6fb2e145ef4,human_replay,4.438682207275673e-08,1.4831410260035107e-08,1.1532462379814668e-08,6.651797941716905e-08,8.879722213986572e-08,1.4831410260035107e-08,0.0
lead574,fd9dc6fb2e145ef4,ignore_all,6.688114543837971,16.162835082855434,1.2998360625690482,4.405674177025825,9.380163285050916,16.162835082855434,1.0
lead574,fd9dc6fb2e145ef4,constant_velocity,1.0796116816534624,2.7297728029379535,0.1756761176765464,0.6584765671103286,1.5220009000390033,2.7297728029379535,1.0
lead574,fd9dc6fb2e145ef4,timid_creep,2.538377138270584,5.323510503245297,0.8235416449265164,1.9553474328040168,3.4673615484736273,5.323510503245297,1.0
lead574,fd9dc6fb2e145ef4,lead_release,0.7585027998989191,1.4287300782704364,0.1636541260467291,0.6202731703722986,1.172568679331227,1.4287300782704364,0.0
lead574,59f118e966905d1e,human_replay,3.851565032407093e-08,7.481665745050202e-08,1.538387020831286e-08,1.946806793160673e-08,4.496821924877149e-08,7.481665745050202e-08,0.0
lead574,59f118e966905d1e,ignore_all,6.735905427043019,16.221753386164057,1.3038291954008694,4.4542783528367424,9.460869948195207,16.221753386164057,1.0
lead574,59f118e966905d1e,constant_velocity,1.1251771695775998,2.781131616998256,0.17906849002459166,0.7065938361601107,1.6003602294341044,2.781131616998256,1.0
lead574,59f118e966905d1e,timid_creep,2.886547586811054,5.928967525876855,0.9500988984231081,2.2699054373723455,3.955971351983619,5.928967525876855,1.0
lead574,59f118e966905d1e,lead_release,0.5099916772439197,0.9268038102638629,0.11866641082101108,0.4262467845639035,0.7938901170001847,0.9268038102638629,0.0
lead574,cd5c67041095597b,human_replay,2.3694523200414704e-08,1.6003016229766928e-08,1.2881942629833861e-08,5.20935609863894e-08,4.572482007068783e-08,1.6003016229766928e-08,0.0
lead574,cd5c67041095597b,ignore_all,6.751870429811948,16.161985926225064,1.3089874392638912,4.496453220860669,9.519113789068715,16.161985926225064,1.0
lead574,cd5c67041095597b,constant_velocity,1.139221490636829,2.714034796340807,0.18424909221156258,0.7483932946126104,1.6563914982716805,2.714034796340807,1.0
lead574,cd5c67041095597b,timid_creep,3.1729624039304776,6.406659596095147,1.0330391068501634,2.5451009861216454,4.401105622635066,6.406659596095147,1.0
lead574,cd5c67041095597b,lead_release,0.41195238472747425,0.7088259358261989,0.12471123826702722,0.37047870546127976,0.6088315080975099,0.7088259358261989,0.0
lead574,0ee2bbd11d4451c3,human_replay,1.832708837835186e-07,4.1458719044492886e-07,2.863985451525569e-08,2.016532479772757e-07,4.169532373405334e-07,4.1458719044492886e-07,0.0
lead574,0ee2bbd11d4451c3,ignore_all,6.490640687661685,15.50622454294084,1.3556444271884978,4.393200616209802,9.03046313525177,15.50622454294084,1.0
lead574,0ee2bbd11d4451c3,constant_velocity,1.5918615784044634,4.222232836526715,0.2731048564550273,0.9417421292184988,2.138576154553487,4.222232836526715,1.0
lead574,0ee2bbd11d4451c3,timid_creep,3.4520690545167407,6.661965510951347,1.2727289496635723,2.937390277342244,4.718446420333973,6.661965510951347,1.0
lead574,0ee2bbd11d4451c3,lead_release,0.8874550358312339,1.594865096698925,0.1436502730607062,0.7451873891822982,1.4392859205477084,1.594865096698925,0.0
lead574,f86adcbec849574a,human_replay,5.4110933678452224e-08,1.0960679067899883e-07,4.293392294967192e-09,5.665537356676511e-08,7.899654569961518e-08,1.0960679067899883e-07,0.0
lead574,f86adcbec849574a,ignore_all,9.166407069507923,21.07164624408094,1.9818318955047547,6.470512490316856,12.928442209789607,21.07164624408094,1.0
lead574,f86adcbec849574a,constant_velocity,3.5880996317578684,7.743533223951941,0.8586050578114391,2.7332047800458477,5.107777807974116,7.743533223951941,1.0
lead574,f86adcbec849574a,timid_creep,2.2133236978651687,5.274939389251097,0.2420196992462227,1.498990180906601,3.2563680467605356,5.274939389251097,1.0
lead574,f86adcbec849574a,lead_release,0.10496651932261328,0.08713023981693847,0.11571363497220392,0.16125267045196512,0.07156186704391448,0.08713023981693847,0.0
lead574,ce8cc7a247f651be,human_replay,2.5901156500065807e-08,1.4060864979210356e-08,9.515007167385494e-09,4.180614466991257e-08,2.6049374348971452e-09,1.4060864979210356e-08,0.0
lead574,ce8cc7a247f651be,ignore_all,8.344987616578509,19.20305217789756,1.8398368301267578,5.850422448091266,11.765772391496096,19.20305217789756,1.0
lead574,ce8cc7a247f651be,constant_velocity,2.745507200722365,5.803246280178714,0.7153709127128468,2.105869608121125,3.918774043906624,5.803246280178714,1.0
lead574,ce8cc7a247f651be,timid_creep,3.0453962371189096,6.33638480397917,0.8486539367825717,2.372435244472482,4.3186279145608575,6.33638480397917,1.0
lead574,ce8cc7a247f651be,lead_release,0.12293890271600524,0.2536992098160292,0.07423635424593858,0.06738822393129489,0.17111032618238278,0.2536992098160292,0.0
lead574,db740574ddc053f0,human_replay,1.1791561746813335e-08,1.2674270971336604e-08,1.09354233578808e-08,1.2718015438541407e-08,7.0122190911290146e-09,1.2674270971336604e-08,0.0
lead574,db740574ddc053f0,ignore_all,7.5548421874663045,17.48609406716206,1.6329676716544466,5.263724023819863,10.645196883042166,17.48609406716206,1.0
lead574,db740574ddc053f0,constant_velocity,1.9446233318024613,4.047579221203595,0.5081226654888651,1.516117129800177,2.785351751307035,4.047579221203595,1.0
lead574,db740574ddc053f0,timid_creep,3.630780648391518,7.045195962347086,1.2575270770546632,3.0149217597895954,5.033563582253721,7.045195962347086,1.0
lead574,db740574ddc053f0,lead_release,0.09638568768122917,0.1820618483883976,0.008251824369946805,0.09298235232879301,0.1294156114481282,0.1820618483883976,0.0
lead574,70bd598e1c305d92,human_replay,1.6522593769567716e-08,2.3479780044698748e-08,1.3681578186058997e-08,2.8023700806178716e-08,1.7916112866288305e-08,2.3479780044698748e-08,0.0
lead574,70bd598e1c305d92,ignore_all,6.986992393993462,16.254103452328106,1.4743147365770506,4.870000242888728,9.830104913322543,16.254103452328106,1.0
lead574,70bd598e1c305d92,constant_velocity,1.3718467656218805,2.7968500193512984,0.34940314741685236,1.1212477042496143,1.96460940844433,2.7968500193512984,1.0
lead574,70bd598e1c305d92,timid_creep,3.801983749090074,7.282135234781257,1.3115524054440864,3.257798445504256,5.275526581641629,7.282135234781257,1.0
lead574,70bd598e1c305d92,lead_release,0.04893988875789559,0.08441266456213588,0.05388830421084233,0.06523435417595475,0.02581047571383288,0.08441266456213588,0.0
lead574,53400e82ca375c5f,human_replay,6.30095472692343e-08,1.0798947507181719e-07,2.8743725324010855e-08,3.063305784018132e-08,7.65136143342453e-08,1.0798947507181719e-07,0.0
lead574,53400e82ca375c5f,ignore_all,11.214082552986604,24.57356212811968,2.481121013205364,8.3760039937931,16.064444522802567,24.57356212811968,1.0
lead574,53400e82ca375c5f,constant_velocity,5.68168325281781,11.392359370739522,1.361197008361744,4.65707157162814,8.303014962740242,11.392359370739522,1.0
lead574,53400e82ca375c5f,timid_creep,2.438933553570819,5.344434651915091,0.06940050903592714,1.779428324680802,3.840257545075283,5.344434651915091,1.0
lead574,53400e82ca375c5f,lead_release,0.473328529277405,0.21549798892634417,0.16943549781868586,0.7097165263268995,0.7832943192814972,0.21549798892634417,0.0
lead574,906ffee6860e524a,human_replay,2.5061812926061405e-08,2.3158019877789015e-08,6.737509578285586e-09,2.6796638432541397e-08,2.4620862486138197e-08,2.3158019877789015e-08,0.0
lead574,906ffee6860e524a,ignore_all,9.879455356293366,20.94778808014238,2.5059886375193505,7.623668930512878,14.076110763813281,20.94778808014238,1.0
lead574,906ffee6860e524a,constant_velocity,4.295944360351236,7.60253412458438,1.382343388774552,3.884514467955036,6.248927969443247,7.60253412458438,1.0
lead574,906ffee6860e524a,timid_creep,3.249917751730652,5.742898892284839,0.9174518382884161,2.954746130955181,4.854213451801439,5.742898892284839,1.0
lead574,906ffee6860e524a,lead_release,8.719492138510377,17.95083403261305,2.178149615092442,6.891195770576377,12.617052520347476,17.95083403261305,1.0
lead574,ce978770a87253c8,human_replay,2.739834028724054e-08,1.410128894958751e-08,5.697817193419338e-08,1.8497130396630055e-08,5.8140735289975055e-08,1.410128894958751e-08,0.0
lead574,ce978770a87253c8,ignore_all,7.526930787891432,17.645111170722195,1.5730016006235104,5.196802547738838,10.575843337088925,17.645111170722195,1.0
lead574,ce978770a87253c8,constant_velocity,1.9227894171832483,4.2283213926587395,0.44848980433731694,1.4508078864157419,2.723052711280222,4.2283213926587395,1.0
lead574,ce978770a87253c8,timid_creep,2.7644026331469838,5.724699258373067,0.8224896990104766,2.198992851664957,3.845335151611276,5.724699258373067,1.0
lead574,ce978770a87253c8,lead_release,0.4262505471866771,0.8530994884407398,0.09993933279484377,0.3119762745080734,0.6454707425167218,0.8530994884407398,0.0
lead574,df8bff51c1d95e09,human_replay,2.3043697314284723e-08,3.7399203344477756e-08,1.6312829069204928e-08,3.218661773437337e-08,5.816491353170488e-09,3.7399203344477756e-08,0.0
lead574,df8bff51c1d95e09,ignore_all,7.133990806512218,16.774539995879895,1.5125341429835315,4.889412415452468,9.993074600802643,16.774539995879895,1.0
lead574,df8bff51c1d95e09,constant_velocity,1.5235239231471867,3.3350192707411277,0.38771509822363254,1.14179371187957,2.132907779459358,3.3350192707411277,1.0
lead574,df8bff51c1d95e09,timid_creep,3.245891696313523,6.404787023917376,1.1476551987535923,2.671654713664511,4.432751949436404,6.404787023917376,1.0
lead574,df8bff51c1d95e09,lead_release,0.48631072063200503,0.8979258618533235,0.08156505276710091,0.4149443904761089,0.7718545961501021,0.8979258618533235,0.0
lead574,f9c6e1eadcf45c37,human_replay,5.693050216712493e-08,1.0551476644595338e-07,7.957233278885369e-09,4.5820761511537355e-08,9.302298915769064e-08,1.0551476644595338e-07,0.0
lead574,f9c6e1eadcf45c37,ignore_all,7.517862679403206,17.780185734614957,1.5407775756049515,5.160868315533452,10.527821911403256,17.780185734614957,1.0
lead574,f9c6e1eadcf45c37,constant_velocity,1.9198791857599868,4.382261065466471,0.4173821066111441,1.4181827200908703,2.6822774294520264,4.382261065466471,1.0
lead574,f9c6e1eadcf45c37,timid_creep,2.1785252975652885,4.84245554016961,0.5321321145809234,1.6479711122401275,3.0273214631864844,4.84245554016961,1.0
lead574,f9c6e1eadcf45c37,lead_release,0.21610487652045715,0.528572981579251,0.04302458242484245,0.09819913504826129,0.32460949704476555,0.528572981579251,0.0
lead574,c707d147a5655289,human_replay,3.7708893599592884e-08,3.8420386227048194e-08,3.4142832700105877e-09,4.040162060187205e-09,6.647961722007078e-08,3.8420386227048194e-08,0.0
lead574,c707d147a5655289,ignore_all,7.20430977901664,17.10384108589424,1.5050615796472888,4.865417876464101,10.07289909544602,17.10384108589424,1.0
lead574,c707d147a5655289,constant_velocity,1.5981757365148903,3.679171518420687,0.3809624583028781,1.1192521022357496,2.217635286447116,3.679171518420687,1.0
lead574,c707d147a5655289,timid_creep,2.7239609227887476,5.68094684242187,0.8809270844732621,2.1198697474803994,3.718900765184119,5.68094684242187,1.0
lead574,c707d147a5655289,lead_release,0.6654868959707901,1.1351062702747097,0.17542575834993093,0.6242978456369619,1.0186513345204944,1.1351062702747097,0.0
lead574,d243aa8117495932,human_replay,2.6834388307885358e-08,4.844929376008695e-08,2.929980566348472e-08,3.341948996685287e-08,1.9048988945878043e-08,4.844929376008695e-08,0.0
lead574,d243aa8117495932,ignore_all,6.883011625440229,16.430346277338504,1.4061240656434586,4.576342545736278,9.672502084530112,16.430346277338504,1.0
lead574,d243aa8117495932,constant_velocity,1.271973250648624,2.987692642998166,0.2823084869131525,0.8285413757220464,1.811366635504419,2.987692642998166,1.0
lead574,d243aa8117495932,timid_creep,3.1044505963334244,6.2781917053873935,1.072833861900389,2.4529716588820496,4.268866185218923,6.2781917053873935,1.0
lead574,d243aa8117495932,lead_release,0.4520726545673381,0.7715003240915025,0.0969625334994694,0.43032681031423753,0.687850717643369,0.7715003240915025,0.0
lead574,bcf76bb937d35be9,human_replay,2.8696097222927837e-08,2.1769809849105658e-08,2.2702091350007824e-08,2.2876177708438848e-08,5.1558502572818186e-08,2.1769809849105658e-08,0.0
lead574,bcf76bb937d35be9,ignore_all,6.71194382845564,16.020614777837604,1.3031650224867772,4.465341053050892,9.48256067314828,16.020614777837604,1.0
lead574,bcf76bb937d35be9,constant_velocity,1.09810546358902,2.567903353007429,0.1782780141239794,0.7168578486867958,1.61843876090466,2.567903353007429,1.0
lead574,bcf76bb937d35be9,timid_creep,3.32918402204505,6.655306702627625,1.083588793523474,2.6828899291160186,4.645135562806052,6.655306702627625,1.0
lead574,bcf76bb937d35be9,lead_release,0.37921481980376953,0.621633949281815,0.13138552910494578,0.3806512681084179,0.5349438721959161,0.621633949281815,0.0
lead574,8fccd42a7937508a,human_replay,1.4454726337712431e-08,1.2723802392768337e-08,8.639575820349682e-09,4.2032083516309127e-10,2.4309426392579558e-08,1.2723802392768337e-08,0.0
lead574,8fccd42a7937508a,ignore_all,6.6744137171756925,15.824222641291374,1.2939857710988527,4.522349782786067,9.437330301639049,15.824222641291374,1.0
lead574,8fccd42a7937508a,constant_velocity,1.059101528762481,2.3657180076005977,0.16927639653161938,0.7737487737727865,1.5715945024376639,2.3657180076005977,1.0
lead574,8fccd42a7937508a,timid_creep,3.553822210003781,6.980409345561159,1.1497222077228746,2.965601276619855,4.974887964742316,6.980409345561159,1.0
lead574,8fccd42a7937508a,lead_release,0.24106575266497454,0.4096262933349052,0.10923783954270329,0.21009328020772197,0.32039599809426195,0.4096262933349052,0.0
lead574,92e33be532965ecf,human_replay,9.34121583893585e-09,5.3820039343788706e-09,1.1989140554176089e-08,4.548249062319715e-09,1.081054234569301e-08,5.3820039343788706e-09,0.0
lead574,92e33be532965ecf,ignore_all,6.658115155339691,15.61205772079601,1.3676083892768196,4.597201360097317,9.368982557119434,15.61205772079601,1.0
lead574,92e33be532965ecf,constant_velocity,1.0413775119302804,2.1484277839742756,0.24264350781805336,0.8481835824580821,1.5017353118311287,2.1484277839742756,1.0
lead574,92e33be532965ecf,timid_creep,3.7902651844507567,7.2712463718946285,1.295905725449973,3.2579276838343607,5.268011785780106,7.2712463718946285,1.0
lead574,92e33be532965ecf,lead_release,0.19191152765000877,0.3529537582641297,0.06623189232056648,0.16298168231373508,0.2688423627005399,0.3529537582641297,0.0
lead574,001b34b45b2f50e4,human_replay,2.1317783361024354e-08,7.252537659303207e-09,3.036399734149213e-08,8.848063359177134e-09,2.207706595368029e-08,7.252537659303207e-09,0.0
lead574,001b34b45b2f50e4,ignore_all,8.40857324568486,19.519364907148148,1.7353968510794786,5.828287463925937,11.92173623504071,19.519364907148148,1.0
lead574,001b34b45b2f50e4,constant_velocity,2.8124766828288514,6.131328274433767,0.6111407581976489,2.0847749987083923,4.0788711113336005,6.131328274433767,1.0
lead574,001b34b45b2f50e4,timid_creep,2.779139810204308,6.072061340292511,0.596326568163749,2.0551414803843415,4.034420897921477,6.072061340292511,1.0
lead574,001b34b45b2f50e4,lead_release,0.20214553046495787,0.4772442065170494,0.11804532355964377,0.05731144081984707,0.2773464084591513,0.4772442065170494,0.0
lead574,2002780575295bdc,human_replay,2.258519608272643e-08,4.138781419637165e-08,6.489166211054535e-10,4.302720854392312e-08,2.6243417763547713e-10,4.138781419637165e-08,0.0
lead574,2002780575295bdc,ignore_all,7.908687271190602,18.27106681325753,1.6559203450902538,5.541279558440977,11.187738193459868,18.27106681325753,1.0
lead574,2002780575295bdc,constant_velocity,2.302016855450732,4.845547542482394,0.5312099337102731,1.7946381468459536,3.3320570618239658,4.845547542482394,1.0
lead574,2002780575295bdc,timid_creep,3.4585381166659976,6.901608421605781,1.0452023691584245,2.8226472859381313,4.874103311407939,6.901608421605781,1.0
lead574,2002780575295bdc,lead_release,0.22399733474760583,0.3824258810077598,0.09304884341421822,0.21860743073347852,0.29686929309586063,0.3824258810077598,0.0
lead574,a9359dafbcdd5af6,human_replay,1.5733498046124808e-08,1.9282498376445126e-08,2.306077703372193e-08,1.768522590692373e-08,9.904559533861557e-09,1.9282498376445126e-08,0.0
lead574,a9359dafbcdd5af6,ignore_all,7.523873212862443,17.258936805973867,1.663451896430156,5.345565823620221,10.57705691788581,17.258936805973867,1.0
lead574,a9359dafbcdd5af6,constant_velocity,1.9115258955116743,3.812204869315979,0.5386146635300423,1.5974233023901445,2.714672961609562,3.812204869315979,1.0
lead574,a9359dafbcdd5af6,timid_creep,3.8971412992326755,7.408554401131982,1.3737538349422118,3.3529997140433094,5.390637472281092,7.408554401131982,1.0
lead574,a9359dafbcdd5af6,lead_release,0.09810415162249725,0.22272624015482406,0.015883697198401464,0.060828877968226655,0.14345638246683515,0.22272624015482406,0.0
lead574,86641ef36dfc5c16,human_replay,4.6066079811503534e-08,7.118809610117535e-08,5.26809232418833e-08,1.1535258373847264e-07,5.039979680947205e-08,7.118809610117535e-08,0.0
lead574,86641ef36dfc5c16,ignore_all,9.01836186983626,20.766212932098703,1.8555281694751682,6.321959952362685,12.826810913975589,20.766212932098703,1.0
lead574,86641ef36dfc5c16,constant_velocity,3.4323953340270474,7.412734553708644,0.7317732195580698,2.5818594772239876,4.99653398614472,7.412734553708644,1.0
lead574,86641ef36dfc5c16,timid_creep,2.561896240701621,5.8647865710586355,0.34487306027477815,1.807886454202641,3.835577803060723,5.8647865710586355,1.0
lead574,86641ef36dfc5c16,lead_release,0.1810510820504891,0.33482737888771236,0.061008262167761056,0.17519974528224577,0.2418486950314883,0.33482737888771236,0.0
lead574,350ef3908a9c5db6,human_replay,2.9485870371969802e-08,3.6938908045662515e-08,3.418494155887695e-08,5.711436790353908e-08,3.4694252783604626e-08,3.6938908045662515e-08,0.0
lead574,350ef3908a9c5db6,ignore_all,8.441878942941136,19.264248178276492,1.8215615581117444,6.033890375455441,11.9393285766371,19.264248178276492,1.0
lead574,350ef3908a9c5db6,constant_velocity,2.8399872078541413,5.855927363332947,0.6969918834766465,2.28858596428538,4.089399149263526,5.855927363332947,1.0
lead574,350ef3908a9c5db6,timid_creep,3.4011893491387792,6.8536250752233245,0.9464156371908687,2.7874340045206396,4.837672095465919,6.8536250752233245,1.0
lead574,350ef3908a9c5db6,lead_release,0.2125385905553579,0.38270288429642085,0.07058014039673935,0.20592666492446535,0.28595253427856493,0.38270288429642085,0.0
lead574,9e4128df16395eb4,human_replay,1.0577768520519136e-08,7.2580116411988015e-09,1.5444533348037788e-08,2.8737365244371968e-08,7.479760273424117e-09,7.2580116411988015e-09,0.0
lead574,9e4128df16395eb4,ignore_all,7.638238322382025,17.439790658892203,1.7043258595178972,5.471211454208306,10.730437979243723,17.439790658892203,1.0
lead574,9e4128df16395eb4,constant_velocity,2.026290745220682,3.994732790092383,0.5795964215866201,1.7231736130115534,2.8685647750396552,3.994732790092383,1.0
lead574,9e4128df16395eb4,timid_creep,3.9479808260087066,7.463149003986578,1.3963731451375343,3.42392143153567,5.453147700007019,7.463149003986578,1.0
lead574,9e4128df16395eb4,lead_release,0.22601028133015733,0.39139014015769236,0.11421916065231924,0.20664054926807285,0.29781916965935845,0.39139014015769236,0.0
lead574,a7f5d22750b75466,human_replay,2.157778116983116e-08,2.5447336876603136e-08,1.0258152789444205e-08,5.030513528248384e-09,2.5562112263182118e-09,2.5447336876603136e-08,0.0
lead574,a7f5d22750b75466,ignore_all,6.430819317995106,15.781872405946052,1.0380953782786868,4.10205024201562,9.180289571381495,15.781872405946052,1.0
lead574,a7f5d22750b75466,constant_velocity,0.8513027818053576,2.3319571429694532,0.08777752262772624,0.3537740932193771,1.3169474174824949,2.3319571429694532,1.0
lead574,a7f5d22750b75466,timid_creep,2.9294419317430123,6.180686775081487,0.7844526851744114,2.2174579575262294,4.173182864660731,6.180686775081487,1.0
lead574,a7f5d22750b75466,lead_release,0.4056773912666217,0.5187346838399949,0.32841417446535054,0.4510158093757087,0.44651601649969636,0.5187346838399949,0.0
lead574,7c42db62ed515a8c,human_replay,2.8094646372140955e-08,3.411227856821486e-08,4.236280705262202e-09,2.167138502429701e-09,4.463601189548484e-08,3.411227856821486e-08,0.0
lead574,7c42db62ed515a8c,ignore_all,7.043380193330761,16.696705943149006,1.3009133406823639,4.785955723960718,10.010153642656965,16.696705943149006,1.0
lead574,7c42db62ed515a8c,constant_velocity,1.4313300231682098,3.2508915569335364,0.1760278127303505,1.037893489670197,2.148066842600317,3.2508915569335364,1.0
lead574,7c42db62ed515a8c,timid_creep,3.382239545205435,6.777937153551063,1.0013157674071522,2.7637528066053294,4.774519823226304,6.777937153551063,1.0
lead574,7c42db62ed515a8c,lead_release,0.26729969988894164,0.32931368736704825,0.00932202669742971,0.34819108395001985,0.40613705218737767,0.32931368736704825,0.0
lead574,239cb4818dc458fd,human_replay,1.3739730087641292e-08,4.945625550588773e-09,1.9013409851478025e-08,1.4178439536159639e-08,2.753172306283941e-08,4.945625550588773e-09,0.0
lead574,239cb4818dc458fd,ignore_all,7.068439516091266,16.456855318405,1.4591894904324196,4.939741547519097,9.964433225648301,16.456855318405,1.0
lead574,239cb4818dc458fd,constant_velocity,1.454088793775525,3.0025622586091925,0.3342977247586771,1.1912129432648149,2.0998280487147842,3.0025622586091925,1.0
lead574,239cb4818dc458fd,timid_creep,3.752052769385757,7.2235437053074865,1.2586855749763413,3.214447207191215,5.221941725413716,7.2235437053074865,1.0
lead574,239cb4818dc458fd,lead_release,0.2648801102200622,0.43803429677269917,0.15204902093613407,0.22654042688821255,0.34329792178001367,0.43803429677269917,0.0
lead574,9313777d021e5255,human_replay,4.7963406797180725e-08,3.4537124537058666e-08,4.3633614260670546e-08,2.6447425111429502e-08,1.0820965658894183e-07,3.4537124537058666e-08,0.0
lead574,9313777d021e5255,ignore_all,7.322839123912456,16.99654866290334,1.493978110433136,5.121246114298777,10.374440839104873,16.99654866290334,1.0
lead574,9313777d021e5255,constant_velocity,1.7207836350410068,3.5874657842881366,0.3696259546983748,1.3758765273423816,2.524251379023833,3.5874657842881366,1.0
lead574,9313777d021e5255,timid_creep,2.306490545626249,4.628783178912109,0.6298307532168238,1.8965349573651014,3.3052395852031236,4.628783178912109,1.0
lead574,9313777d021e5255,lead_release,0.9292007142431395,2.13447792160611,0.1868476586807375,0.61625376056645,1.3365926293631534,2.13447792160611,1.0
lead574,0bc2eec7ad2c5599,human_replay,4.106365090810535e-08,7.83505903713802e-08,2.996369133315785e-08,9.998514890596199e-09,1.0795399740717292e-07,7.83505903713802e-08,0.0
lead574,0bc2eec7ad2c5599,ignore_all,6.9563063892258485,16.160671928153263,1.4803101084536971,4.909840765531174,9.747790712900578,16.160671928153263,1.0
lead574,0bc2eec7ad2c5599,constant_velocity,1.3480827440724608,2.7293855809078638,0.3555843506526643,1.16274194621168,1.8902110355983655,2.7293855809078638,1.0
lead574,0bc2eec7ad2c5599,timid_creep,2.7328838454630096,5.191305785070895,0.9710220084855922,2.393716837109012,3.7366890021011776,5.191305785070895,1.0
lead574,0bc2eec7ad2c5599,lead_release,0.7496718534741673,1.7907392596475113,0.12688011194585275,0.40685562815642057,1.14101460186188,1.7907392596475113,0.0
lead574,eccba8e0ad6651c3,human_replay,2.069308739389627e-08,6.217297818706607e-09,1.0064563281993568e-08,4.161927411989597e-08,9.91374699699124e-09,6.217297818706607e-09,0.0
lead574,eccba8e0ad6651c3,ignore_all,7.256346596998683,17.269158720782443,1.3249655313054822,4.875911011411107,10.333451379899776,17.269158720782443,1.0
lead574,eccba8e0ad6651c3,constant_velocity,1.6477899822598914,3.835976611032531,0.20018750372297783,1.1288236623295094,2.4753617954177343,3.835976611032531,1.0
lead574,eccba8e0ad6651c3,timid_creep,3.108613571798953,6.433345089374806,0.8495116549246837,2.4274114875208466,4.423360056929917,6.433345089374806,1.0
lead574,eccba8e0ad6651c3,lead_release,0.0479626105723283,0.052997255317656186,0.09557828179620953,0.023586809428525146,0.00843356610952624,0.052997255317656186,0.0
lead574,8b1aea091a6f5a16,human_replay,1.6083137012261235e-08,8.99846250382556e-09,2.6762953737693594e-08,2.774998413286884e-08,2.5957610784352828e-08,8.99846250382556e-09,0.0
lead574,8b1aea091a6f5a16,ignore_all,7.423706383730824,17.265047369999525,1.5144847147144425,5.180244384261736,10.495489803743876,17.265047369999525,1.0
lead574,8b1aea091a6f5a16,constant_velocity,1.812652349856196,3.8232098946220625,0.3896281245233343,1.4325607721526357,2.6346548527116047,3.8232098946220625,1.0
lead574,8b1aea091a6f5a16,timid_creep,3.6173556851759523,7.057690494628232,1.1731191715456768,3.0329519859008136,5.052120566161354,7.057690494628232,1.0
lead574,8b1aea091a6f5a16,lead_release,0.403809070260033,0.5615803345721536,0.23547418457274005,0.43839383024462186,0.5095344898330543,0.5615803345721536,0.0
lead574,f0cdcc3967335c01,human_replay,5.101031713650755e-08,4.106499539099396e-08,5.8672473779956275e-08,8.278903712523376e-08,7.418897885619304e-08,4.106499539099396e-08,0.0
lead574,f0cdcc3967335c01,ignore_all,9.728663862242895,22.122762953350374,1.9693866196941012,7.012368361849198,13.870486450217614,22.122762953350374,1.0
lead574,f0cdcc3967335c01,constant_velocity,4.154698850606588,8.809165686864336,0.8463129395796848,3.276678206178459,6.055377141970075,8.809165686864336,1.0
lead574,f0cdcc3967335c01,timid_creep,2.5356428153081576,5.859767696492101,0.10896337648553045,1.802046840724358,3.8433354973295275,5.859767696492101,1.0
lead574,f0cdcc3967335c01,lead_release,0.5757972503905957,0.8205808502370933,0.09434764484243874,0.6810383676178249,0.8913935087498158,0.8205808502370933,0.0
lead574,b76b03503cf95c02,human_replay,2.8157543054256328e-08,1.6210760645577154e-08,5.240311711323857e-08,4.596213999730009e-08,2.306761098634284e-08,1.6210760645577154e-08,0.0
lead574,b76b03503cf95c02,ignore_all,9.150295132172246,20.448809240697855,2.125981406015124,6.746440114887574,12.883956933958633,20.448809240697855,1.0
lead574,b76b03503cf95c02,constant_velocity,3.5540787251651507,7.060312600521465,1.0017015951026282,3.002920933812947,5.040943296987435,7.060312600521465,1.0
lead574,b76b03503cf95c02,timid_creep,3.5334600243864007,7.023656348131042,0.9925383646941244,2.9845931516850577,5.013451453655181,7.023656348131042,1.0
lead574,b76b03503cf95c02,lead_release,0.08076010984236051,0.07614448932834947,0.1199446863895032,0.12654495446488018,0.03103916856661608,0.07614448932834947,0.0
lead574,6dc36068505c5de2,human_replay,5.107437336676091e-09,1.083731334176728e-09,5.495546210962194e-09,3.772236708054612e-09,5.893234561171668e-09,1.083731334176728e-09,0.0
lead574,6dc36068505c5de2,ignore_all,7.647200151136247,17.295517354236505,1.8400358104136365,5.526863852451978,10.680281042286063,17.295517354236505,1.0
lead574,6dc36068505c5de2,constant_velocity,2.034191566742742,3.8462545368341123,0.7153603163046218,1.778612125812587,2.8171575866574217,3.8462545368341123,1.0
lead574,6dc36068505c5de2,timid_creep,4.120405258921943,7.643794493667091,1.579086001358925,3.6203841174722466,5.636818369663847,7.643794493667091,1.0
lead574,6dc36068505c5de2,lead_release,0.1309384776586907,0.28765910063982747,0.011420622702293489,0.10087944856720335,0.19518082099791914,0.28765910063982747,0.0
lead574,150c33d5cd005743,human_replay,8.059366423123027e-08,5.6503937587851107e-08,5.406537412762519e-08,1.4238188318374883e-08,1.9116405048233846e-07,5.6503937587851107e-08,0.0
lead574,150c33d5cd005743,ignore_all,9.119225883426978,21.873910671490446,1.6754325655256124,5.9828342193868185,12.99732525663963,21.873910671490446,1.0
lead574,150c33d5cd005743,constant_velocity,3.579054197698063,8.667506239266588,0.5549161110895356,2.260832730004442,5.226022860664165,8.667506239266588,1.0
lead574,150c33d5cd005743,timid_creep,1.0999386941556069,3.1223443185051996,0.6666080814653546,0.40804705328713475,1.1269081914258632,3.1223443185051996,1.0
lead574,150c33d5cd005743,lead_release,0.6290496104694911,1.2870175675667173,0.06749660228060146,0.45705224901385244,1.0386894373184383,1.2870175675667173,0.0
lead574,d6daa3b927f45168,human_replay,6.100195971862882e-08,9.261381447652569e-08,2.9931588049148107e-09,7.818481797528965e-08,6.975005797986172e-08,9.261381447652569e-08,0.0
lead574,d6daa3b927f45168,ignore_all,9.300960922779439,21.287649186235356,1.9260836128647043,6.60241280876239,13.226291558394703,21.287649186235356,1.0
lead574,d6daa3b927f45168,constant_velocity,3.7210350793479865,7.95164693121737,0.8033155494441553,2.865599188098605,5.403595455115079,7.95164693121737,1.0
lead574,d6daa3b927f45168,timid_creep,2.52416674023331,5.795675326898405,0.26677011841711584,1.7889328706648477,3.787164989146135,5.795675326898405,1.0
lead574,d6daa3b927f45168,lead_release,0.6531119721008474,0.9346421799660106,0.19664659353210137,0.7090454891979665,0.9899246952268218,0.9346421799660106,0.0
lead574,b435ec4c5baa5a2c,human_replay,3.2794440666810293e-08,5.4634685910813444e-08,4.4214362455850406e-08,5.389185722563195e-08,8.8842540797333e-09,5.4634685910813444e-08,0.0
lead574,b435ec4c5baa5a2c,ignore_all,8.66176566858686,19.607544933810477,1.940682331574627,6.25879371609162,12.220984669184226,19.607544933810477,1.0
lead574,b435ec4c5baa5a2c,constant_velocity,3.0637313734302327,6.207107809789873,0.8184554974833917,2.516934111209753,4.375089429152771,6.207107809789873,1.0
lead574,b435ec4c5baa5a2c,timid_creep,3.4243424213488978,6.8487756742406045,0.9782782845498077,2.8373182337488796,4.856206399077275,6.8487756742406045,1.0
lead574,b435ec4c5baa5a2c,lead_release,0.38807894471665316,0.6588831408173923,0.06729252133298343,0.36009715605536025,0.6250038355224434,0.6588831408173923,0.0
lead574,1df82f9400b35ebb,human_replay,1.067143747249678e-08,2.7847904731236474e-08,4.877250482957552e-09,1.2052544295805102e-08,7.701625413795735e-09,2.7847904731236474e-08,0.0
lead574,1df82f9400b35ebb,ignore_all,7.5122274580421085,17.11546190457494,1.7005687972690293,5.374368052378266,10.549797707046137,17.11546190457494,1.0
lead574,1df82f9400b35ebb,constant_velocity,1.9023043743286068,3.669024190378958,0.5793965368751473,1.6291139306248887,2.689124589268498,3.669024190378958,1.0
lead574,1df82f9400b35ebb,timid_creep,3.9342520902025355,7.361443243678135,1.4250934295944346,3.424053303492339,5.432996740247025,7.361443243678135,1.0
lead574,1df82f9400b35ebb,lead_release,0.7865978183167341,0.9695542089611507,0.4208148348792493,0.9065097829991832,1.0582697559269805,0.9695542089611507,0.0
lead574,8220631d2c6a52f4,human_replay,1.7687937241402387e-08,1.0167634259865883e-08,2.1752538151945086e-08,2.159366969526602e-08,2.1687713559866848e-08,1.0167634259865883e-08,0.0
lead574,8220631d2c6a52f4,ignore_all,7.923292742662125,18.036011422512267,1.7751777586162052,5.693560350632747,11.144329312563116,18.036011422512267,1.0
lead574,8220631d2c6a52f4,constant_velocity,2.3137889317607447,4.600028297234158,0.6503529409547187,1.9462074527082815,3.2853438009373215,4.600028297234158,1.0
lead574,8220631d2c6a52f4,timid_creep,3.892826295594182,7.4072281092566294,1.3521593122113698,3.3497663495474477,5.39072188451445,7.4072281092566294,1.0
lead574,8220631d2c6a52f4,lead_release,0.05567976572925363,0.15180749858059928,0.02582836566173597,0.021133699297936695,0.07263960820854448,0.15180749858059928,0.0
lead574,c16d0c6076ab5a85,human_replay,4.0538092041463446e-08,8.116177946069315e-08,5.737406601932772e-08,8.683693868410772e-09,7.640558611319512e-08,8.116177946069315e-08,0.0
lead574,c16d0c6076ab5a85,ignore_all,7.438752847583706,17.660283678232915,1.575244964065465,5.024158615360694,10.387316851556097,17.660283678232915,1.0
lead574,c16d0c6076ab5a85,constant_velocity,1.8460742132283516,4.262494508907961,0.46009785618634114,1.2880048276910563,2.5458245418652377,4.262494508907961,1.0
lead574,c16d0c6076ab5a85,timid_creep,2.1649632075351706,4.832417510374905,0.5995738993646048,1.5711121031605575,2.972489093425432,4.832417510374905,1.0
lead574,c16d0c6076ab5a85,lead_release,0.7080747605359867,1.3359808663379331,0.15319151264139785,0.5694082373913122,1.1047473933098453,1.3359808663379331,0.0
lead574,bff155acea525206,human_replay,6.05519674356554e-08,9.085338501944917e-08,7.179168043767006e-09,1.1305575652652659e-07,1.1373651146889302e-07,9.085338501944917e-08,0.0
lead574,bff155acea525206,ignore_all,7.082728311038359,16.97773633591605,1.4156631186287205,4.6889972810712655,9.945965599617386,16.97773633591605,1.0
lead574,bff155acea525206,constant_velocity,1.4809624966339294,3.5535576723923024,0.29956528735531013,0.9485963171921418,2.093038767749807,3.5535576723923024,1.0
lead574,bff155acea525206,timid_creep,2.6320818364608867,5.605616229683201,0.8058091733738637,1.9708348940528084,3.6310612343264257,5.605616229683201,1.0
lead574,bff155acea525206,lead_release,0.6615339548436032,1.1425950283774287,0.17418831679068322,0.6032788613653961,1.0110645323754381,1.1425950283774287,0.0
lead574,6f4f660648e15c84,human_replay,3.369218894107784e-08,5.09902118285711e-08,5.366015105234039e-08,4.504770269567215e-08,3.920964487854665e-08,5.09902118285711e-08,0.0
lead574,6f4f660648e15c84,ignore_all,7.053378645225358,16.830614168201873,1.3840557838503071,4.696432259720431,9.957248254739804,16.830614168201873,1.0
lead574,6f4f660648e15c84,constant_velocity,1.4461674957211295,3.39431195292041,0.26420257974108174,0.9515944342614476,2.098588282618823,3.39431195292041,1.0
lead574,6f4f660648e15c84,timid_creep,3.0501745733042185,6.249493126972237,0.9735623390637471,2.3772992426463793,4.239746255004161,6.249493126972237,1.0
lead574,6f4f660648e15c84,lead_release,0.5644696107165432,0.931393651677187,0.14802677102865583,0.5755902482622955,0.8301657220431259,0.931393651677187,0.0
lead574,a19a97133a285e39,human_replay,1.850004354550414e-08,3.567582131838595e-08,2.4768359656479683e-08,3.9098035969463326e-08,4.911756842783997e-09,3.567582131838595e-08,0.0
lead574,a19a97133a285e39,ignore_all,7.0210559290364225,16.611068803603008,1.3786507451378323,4.751720156396955,9.929563477112529,16.611068803603008,1.0
lead574,a19a97133a285e39,constant_velocity,1.4095789826828384,3.1647731720811976,0.255986629806968,1.0040561933768664,2.067385020654842,3.1647731720811976,1.0
lead574,a19a97133a285e39,timid_creep,3.3794341780892547,6.7309941236870845,1.0847862611945167,2.746367686564858,4.7217892420148235,6.7309941236870845,1.0
lead574,a19a97133a285e39,lead_release,0.47844275248055823,0.757104601420959,0.1656569991522936,0.5188821516523219,0.660954898156372,0.757104601420959,0.0
lead574,e3d3be1bc77e517e,human_replay,1.5215694089249748e-08,7.178049830192229e-10,1.7586002873377826e-08,2.809174772585088e-08,2.549675003320089e-08,7.178049830192229e-10,0.0
lead574,e3d3be1bc77e517e,ignore_all,6.937427126404519,16.26407162959268,1.4107735215766726,4.779378521990988,9.787132942688135,16.26407162959268,1.0
lead574,e3d3be1bc77e517e,constant_velocity,1.3231130971755676,2.8089754164880096,0.2864992729953647,1.0307427922595742,1.9222609274245148,2.8089754164880096,1.0
lead574,e3d3be1bc77e517e,timid_creep,3.6549539144160583,7.098211590598956,1.220037903687156,3.083272368526962,5.0931441881218475,7.098211590598956,1.0
lead574,e3d3be1bc77e517e,lead_release,0.2534821602048478,0.4453133218088851,0.06405245251317591,0.2532595329086365,0.3573938152771938,0.4453133218088851,0.0
lead574,f40172a8fb1a54ee,human_replay,9.131472882856852e-09,3.7241279637132043e-09,1.1671482137949694e-08,1.3974993308445963e-08,9.849765597311981e-09,3.7241279637132043e-09,0.0
lead574,f40172a8fb1a54ee,ignore_all,6.699547816552027,15.640273235175796,1.4185733645487606,4.649893884810146,9.409019938189262,15.640273235175796,1.0
lead574,f40172a8fb1a54ee,constant_velocity,1.082759867055715,2.176259706509669,0.29361564028659554,0.9009087798939246,1.5416851451952365,2.176259706509669,1.0
lead574,f40172a8fb1a54ee,timid_creep,3.8523891873058727,7.340645308556365,1.3528086240805084,3.3284236829161338,5.337640345213964,7.340645308556365,1.0
lead574,f40172a8fb1a54ee,lead_release,0.2140894130393937,0.3952952589265818,0.04669216425861771,0.2036873899186329,0.30586245971603065,0.3952952589265818,0.0
lead574,038948dd9db85d2a,human_replay,1.6896658286352613e-08,2.9672605438516478e-08,1.0424189611293127e-08,2.8429172948346037e-08,5.20365667751799e-10,2.9672605438516478e-08,0.0
lead574,038948dd9db85d2a,ignore_all,8.531167271745058,19.24929643849948,1.9243195245847884,6.215645594169173,12.014676161296272,19.24929643849948,1.0
lead574,038948dd9db85d2a,constant_velocity,2.927568094487845,5.834890580031543,0.7997299272035859,2.469838336234384,4.162683963116804,5.834890580031543,1.0
lead574,038948dd9db85d2a,timid_creep,3.6880746451131716,7.186909642225284,1.1377109569939594,3.1458466620384153,5.1766977987872576,7.186909642225284,1.0
lead574,038948dd9db85d2a,lead_release,0.056274116389904594,0.05133543413543254,0.0438304640765242,0.08633694850869833,0.05517502840324556,0.05133543413543254,0.0
lead574,c2f9c48979255481,human_replay,5.163924083512882e-09,7.4112804080017625e-09,5.511830780052565e-09,4.337522183331548e-09,1.2454764526083394e-10,7.4112804080017625e-09,0.0
lead574,c2f9c48979255481,ignore_all,7.506322739324107,17.02157895671987,1.7929397505927802,5.408277794959268,10.483509834784916,17.02157895671987,1.0
lead574,c2f9c48979255481,constant_velocity,1.8924570567697017,3.56894733078768,0.6680989255386961,1.6598086983277647,2.619373750926616,3.56894733078768,1.0
lead574,c2f9c48979255481,timid_creep,4.117665800448737,7.644535802127074,1.5716760852252696,3.62075585476496,5.637645042169368,7.644535802127074,1.0
lead574,c2f9c48979255481,lead_release,0.07212765260836156,0.17580660236835463,0.011064829704249088,0.03919740440793243,0.10557677300631405,0.17580660236835463,0.0
lead574,55bc862799d350f9,human_replay,4.5008522744852374e-08,1.8494277140551346e-08,1.249061266491533e-08,5.203813420632612e-08,7.798839460980302e-08,1.8494277140551346e-08,0.0
lead574,55bc862799d350f9,ignore_all,8.263393824191052,19.35926158266822,1.6808694370426085,5.6077245119705985,11.740212080244905,19.35926158266822,1.0
lead574,55bc862799d350f9,constant_velocity,2.668281983634415,5.9743253651621036,0.5567962573796121,1.8646212525632355,3.898448977988663,5.9743253651621036,1.0
lead574,55bc862799d350f9,timid_creep,2.5516889941750485,5.767012787228209,0.5050000277222174,1.76097549452628,3.7429643557955043,5.767012787228209,1.0
lead574,55bc862799d350f9,lead_release,0.26026570082021827,0.43047189810639425,0.06263845952298219,0.3031634959601469,0.354114477771754,0.43047189810639425,0.0
lead574,911993e744795177,human_replay,1.9311192787789678e-08,2.893488756396531e-08,2.2122335197233645e-08,9.497176439900239e-09,4.74154495875808e-08,2.893488756396531e-08,0.0
lead574,911993e744795177,ignore_all,7.900034486865438,18.367117984520537,1.5843790305762282,5.490433279659552,11.208888881655325,18.367117984520537,1.0
lead574,911993e744795177,constant_velocity,2.2949205775507924,4.947246536342175,0.4597021996832567,1.7441911100506102,3.355084022616452,4.947246536342175,1.0
lead574,911993e744795177,timid_creep,3.2451633175173002,6.636579570182362,0.8820277060534578,2.588857567676305,4.6220798506413745,6.636579570182362,1.0
lead574,911993e744795177,lead_release,0.2788705238578241,0.4364285908821585,0.13436798970008967,0.2860237031233364,0.3679701145161191,0.4364285908821585,0.0
lead574,b5b7e0338624532b,human_replay,1.3144618786546755e-08,2.563859699716688e-09,2.4900555307482598e-08,1.6174172254206044e-08,1.2753272834635914e-09,2.563859699716688e-09,0.0
lead574,b5b7e0338624532b,ignore_all,7.673673124859052,17.649302863438248,1.6155476336261998,5.455229190471458,10.826289347232995,17.649302863438248,1.0
lead574,b5b7e0338624532b,constant_velocity,2.063270390115211,4.2100144088443,0.49071178515352515,1.7076278560877687,2.966236510232012,4.2100144088443,1.0
lead574,b5b7e0338624532b,timid_creep,3.7777262888208027,7.263953054377845,1.2484075680392206,3.230708301068725,5.254750613790883,7.263953054377845,1.0
lead574,b5b7e0338624532b,lead_release,0.08087167746637022,0.038816821175655415,0.11223339947621568,0.14140320334990708,0.05605562744081956,0.038816821175655415,0.0
lead574,86877e183c4e5864,human_replay,9.454068017303924e-09,1.4310470034902202e-09,1.4200935391712387e-08,1.2145961386516615e-08,7.352144771104483e-09,1.4310470034902202e-09,0.0
lead574,86877e183c4e5864,ignore_all,7.242022893703055,16.568509754526207,1.6694868555698774,5.164147995770811,10.132931780386672,16.568509754526207,1.0
lead574,86877e183c4e5864,constant_velocity,1.6270638748040833,3.1117721038702726,0.5446126067542031,1.4155140486226074,2.267638813245257,3.1117721038702726,1.0
lead574,86877e183c4e5864,timid_creep,4.036103428824519,7.554933705171585,1.5007172103625843,3.5339520051079,5.548444149282174,7.554933705171585,1.0
lead574,86877e183c4e5864,lead_release,0.07965845353278223,0.14404824941563182,0.07147385140694626,0.03683847669218263,0.11510895169912333,0.14404824941563182,0.0
lead574,98ae2c97a0375eaf,human_replay,1.390692128119364e-07,3.6889396295554553e-07,9.35954640535669e-08,9.483725317060466e-08,2.6901501327470795e-07,3.6889396295554553e-07,0.0
lead574,98ae2c97a0375eaf,ignore_all,7.869816622784411,19.192024497740107,1.5735826746656323,5.048137933000056,10.976970443114487,19.192024497740107,1.0
lead574,98ae2c97a0375eaf,constant_velocity,2.422050392301694,6.265299607961468,0.4622593083344882,1.3677019872706666,3.3273740596964165,6.265299607961468,1.0
lead574,98ae2c97a0375eaf,timid_creep,2.413416038308213,3.143464093440753,1.039046382808474,2.7682038334173065,3.4449799132570122,3.143464093440753,1.0
lead574,98ae2c97a0375eaf,lead_release,2.5320830948789057,5.741929193829119,0.26989118770844867,1.730319936870379,3.943181070139981,5.741929193829119,1.0
lead574,d94860755c1f5594,human_replay,1.785940732403984e-07,2.1058816206873324e-07,9.100399223892847e-08,1.9390216473623053e-07,3.35440112852313e-07,2.1058816206873324e-07,0.0
lead574,d94860755c1f5594,ignore_all,7.96460551222216,19.178079811479105,1.4839563523330046,5.093174881523605,11.358258908014218,19.178079811479105,1.0
lead574,d94860755c1f5594,constant_velocity,2.4879093664746246,6.165564735408513,0.3692363649194816,1.3992797297050958,3.6705117442298825,6.165564735408513,1.0
lead574,d94860755c1f5594,timid_creep,1.946923951167863,2.327150183408168,1.131045454647632,2.431539702672183,2.4927236212274138,2.327150183408168,1.0
lead574,d94860755c1f5594,lead_release,0.542750914272911,2.014903780129132,0.01089822271631807,0.1730854987667575,0.5740552720022474,2.014903780129132,1.0
lead574,e658c60a7b705bea,human_replay,1.6181141882801838e-07,3.5935955101375197e-07,7.533240768429626e-08,2.09999986582127e-08,2.022231590672214e-07,3.5935955101375197e-07,0.0
lead574,e658c60a7b705bea,ignore_all,8.178135756357111,18.919907297864356,1.4898650560337694,5.502555061119237,11.918473712690721,18.919907297864356,1.0
lead574,e658c60a7b705bea,constant_velocity,2.6820608214246184,5.849664551576636,0.373170552135602,1.7997663542202347,4.204912812090087,5.849664551576636,1.0
lead574,e658c60a7b705bea,timid_creep,1.4531225089738329,1.9579123643831224,1.1268579072822462,1.8033730381198736,1.5018596258020518,1.9579123643831224,0.0
lead574,e658c60a7b705bea,lead_release,1.4529905755276067,4.392143147232489,0.23196879096992692,0.6705481638815621,1.8449602112723371,4.392143147232489,1.0
lead574,c5510354351d5d5e,human_replay,1.7210245227201046e-07,4.5989519421690356e-07,5.186060921704747e-08,5.8579980982427e-08,2.368402796349176e-07,4.5989519421690356e-07,0.0
lead574,c5510354351d5d5e,ignore_all,8.318401709739032,18.080120021669472,1.703787857736313,6.122013997622828,12.198609591177208,18.080120021669472,1.0
lead574,c5510354351d5d5e,constant_velocity,2.8062273570395484,4.96225014224724,0.5855773078637488,2.41196033788926,4.46331473192955,4.96225014224724,1.0
lead574,c5510354351d5d5e,timid_creep,0.9958933078379434,2.1473564046773648,0.8573894026357034,0.9183572607675572,0.752097535311702,2.1473564046773648,1.0
lead574,c5510354351d5d5e,lead_release,1.102440025894952,4.513600070925429,0.08822980523398878,0.29988097151677756,1.0416329119556105,4.513600070925429,1.0
lead574,944a55f58a59597f,human_replay,3.664503240947361e-08,9.286990730697302e-08,4.991952526301511e-08,1.4901055446584493e-08,7.71894435517738e-08,9.286990730697302e-08,0.0
lead574,944a55f58a59597f,ignore_all,8.61628446336982,19.98506010256685,1.7367986844260517,5.975432996140251,12.255776587559714,19.98506010256685,1.0
lead574,944a55f58a59597f,constant_velocity,3.024161703404675,6.6107359305227265,0.6126694759535208,2.2332252238393737,4.417840818345131,6.6107359305227265,1.0
lead574,944a55f58a59597f,timid_creep,2.636533383914812,5.921609278310159,0.440388124366916,1.888661330306239,3.9009978317043865,5.921609278310159,1.0
lead574,944a55f58a59597f,lead_release,0.054849870691752116,0.12451487971269483,0.040688382726514406,0.06312143097913162,0.02593898886352069,0.12451487971269483,0.0
lead574,3370b43bf64151a6,human_replay,2.8154752810870858e-08,2.9498835472395528e-08,1.1132551452454647e-08,4.4717073337824224e-08,2.7778368979311956e-08,2.9498835472395528e-08,0.0
lead574,3370b43bf64151a6,ignore_all,8.387830950770754,19.154938090013907,1.8113311568586106,5.988786887456359,11.856072784828434,19.154938090013907,1.0
lead574,3370b43bf64151a6,constant_velocity,2.7855074992967532,5.745055967893748,0.6867460866365145,2.243427847343843,4.005622621572344,5.745055967893748,1.0
lead574,3370b43bf64151a6,timid_creep,3.397084207025042,6.832310937444072,0.9585586975994291,2.7870312723365336,4.821061317667859,6.832310937444072,1.0
lead574,3370b43bf64151a6,lead_release,0.23408511250059172,0.4011260683223338,0.06982806116366971,0.23874267782308048,0.3188271852461132,0.4011260683223338,0.0
lead574,fa7555f0099f5c59,human_replay,1.4601350820164778e-08,1.9427573604020124e-08,3.10095163134649e-09,2.1846722154178136e-08,1.709449257850706e-08,1.9427573604020124e-08,0.0
lead574,fa7555f0099f5c59,ignore_all,7.628020039506933,17.430473523758035,1.6975678830160388,5.457511624598668,10.716237199146079,17.430473523758035,1.0
lead574,fa7555f0099f5c59,constant_velocity,2.0162014397097474,3.9858150391048417,0.5726901804119812,1.709551552626789,2.8545061405183656,3.9858150391048417,1.0
lead574,fa7555f0099f5c59,timid_creep,3.92347701471858,7.425429258687607,1.3854872457622003,3.3979208720423637,5.418507139538238,7.425429258687607,1.0
lead574,fa7555f0099f5c59,lead_release,0.237105342904243,0.3878788910201388,0.1256637533265304,0.222388287799401,0.30560537431366674,0.3878788910201388,0.0
lead574,fbe0e54ef79254bb,human_replay,7.37899565428399e-08,7.581175686878975e-08,3.255042456166523e-08,1.826787585682118e-07,8.601761266483439e-08,7.581175686878975e-08,0.0
lead574,fbe0e54ef79254bb,ignore_all,7.340301863033049,18.176483417182183,1.309905384933718,4.663843098305134,10.281675179408184,18.176483417182183,1.0
lead574,fbe0e54ef79254bb,constant_velocity,1.7713086069302428,4.879089174527207,0.18729764612338345,0.9300108393396692,2.472900108087943,4.879089174527207,1.0
lead574,fbe0e54ef79254bb,timid_creep,0.6689476044130162,1.4279027714971306,0.6757028908518123,0.7956364401767774,0.11613305229306818,1.4279027714971306,0.0
lead574,fbe0e54ef79254bb,lead_release,0.6865358669609328,1.520533365110813,0.10062905034822893,0.4344757357981329,1.0877522012793426,1.520533365110813,0.0
lead574,7a1b61727c255889,human_replay,8.243813106889528e-08,8.536041054802573e-08,4.057311830685551e-08,5.73913594578412e-08,2.1499469069201174e-07,8.536041054802573e-08,0.0
lead574,7a1b61727c255889,ignore_all,7.850218001552818,19.135027115750773,1.4175195900783784,5.086805765991171,11.068718203540135,19.135027115750773,1.0
lead574,7a1b61727c255889,constant_velocity,2.277716975526198,5.82616750668022,0.2945549648230932,1.3516534836761065,3.255478039440032,5.82616750668022,1.0
lead574,7a1b61727c255889,timid_creep,0.8902836796268768,2.7269029002555087,0.48029760129804877,0.19841247292856484,0.9311685052426366,2.7269029002555087,1.0
lead574,7a1b61727c255889,lead_release,0.1236412511588142,0.23691700322242906,0.024799858012770085,0.0742538403167599,0.21615848579764876,0.23691700322242906,0.0
lead574,20ec6765e35d5cd1,human_replay,6.661115881721e-08,7.318374997551108e-08,7.95602457761034e-08,1.2246500819149607e-08,7.649095368832716e-08,7.318374997551108e-08,0.0
lead574,20ec6765e35d5cd1,ignore_all,8.260325239003123,19.68901023677309,1.597688540551163,5.486399516170394,11.707792195839282,19.68901023677309,1.0
lead574,20ec6765e35d5cd1,constant_velocity,2.681330349426107,6.358270496683233,0.4745016661608213,1.74913554865041,3.8861770445453097,6.358270496683233,1.0
lead574,20ec6765e35d5cd1,timid_creep,1.417345894918626,3.982064712473011,0.12109353102552907,0.5622576405700018,2.1041304077748757,3.982064712473011,1.0
lead574,20ec6765e35d5cd1,lead_release,0.4698326789364511,0.8995731273113656,0.12497412134661819,0.42478872439126814,0.6739072440647004,0.8995731273113656,0.0
lead574,cf9b7b96f5a057d0,human_replay,5.1075636037815664e-08,7.474923335585478e-08,5.2317681861396045e-08,9.949621052610336e-09,7.01177368701367e-08,7.474923335585478e-08,0.0
lead574,cf9b7b96f5a057d0,ignore_all,8.148081019737013,19.1638433822541,1.5893068136735282,5.519194017315897,11.593431971768904,19.1638433822541,1.0
lead574,cf9b7b96f5a057d0,constant_velocity,2.5563186435582486,5.790523790109219,0.46530501306003924,1.777175539383302,3.755862963923445,5.790523790109219,1.0
lead574,cf9b7b96f5a057d0,timid_creep,2.144891978381988,5.059007070755115,0.2825281419858571,1.411448999454419,3.207226678191716,5.059007070755115,1.0
lead574,cf9b7b96f5a057d0,lead_release,0.28936786269628517,0.6203148221588586,0.11235985614389449,0.24350901120839424,0.35968199443675514,0.6203148221588586,0.0
lead574,564b7ca4f210501e,human_replay,6.177333192103062e-08,3.010306124991351e-08,7.139266381816772e-08,7.771691347724467e-08,1.2701063551345436e-08,3.010306124991351e-08,0.0
lead574,564b7ca4f210501e,ignore_all,7.952676489688786,18.529463350882203,1.7265942318449883,5.577701286329239,11.094319997345362,18.529463350882203,1.0
lead574,564b7ca4f210501e,constant_velocity,2.4091438859779766,5.258580225248395,0.6242302433907893,1.871456641953026,3.318858896640736,5.258580225248395,1.0
lead574,564b7ca4f210501e,timid_creep,0.7994462557536062,2.0268259258661834,0.30510027659048716,0.43301366745477726,0.9772886385309564,2.0268259258661834,1.0
lead574,564b7ca4f210501e,lead_release,0.8597902970234388,2.0951373888511866,0.1467647782643392,0.4700242559538636,1.3009960241201945,2.0951373888511866,1.0
lead574,a61948a5dada537e,human_replay,7.625486261454527e-08,1.1982972685109624e-07,1.5447456044088524e-08,5.469872165764512e-08,7.275976639791678e-08,1.1982972685109624e-07,0.0
lead574,a61948a5dada537e,ignore_all,7.480613257781782,17.707511126200675,1.6313483845896042,5.135318195651743,10.376364059583127,17.707511126200675,1.0
lead574,a61948a5dada537e,constant_velocity,1.913808251582576,4.367446250302855,0.5271497107164527,1.4181269105785381,2.567362598274076,4.367446250302855,1.0
lead574,a61948a5dada537e,timid_creep,1.149634152592198,2.9585115851629666,0.22371148719957257,0.7397024365450403,1.5236817133580034,2.9585115851629666,1.0
lead574,a61948a5dada537e,lead_release,0.934329716424328,2.0002617931403917,0.16993880350894638,0.6133668713223517,1.452389545307476,2.0002617931403917,1.0
lead574,b83ed953a4105ddc,human_replay,6.793495986624783e-08,5.0363767074301415e-08,3.806117912216575e-08,9.858955232966673e-08,4.44897257247783e-08,5.0363767074301415e-08,0.0
lead574,b83ed953a4105ddc,ignore_all,7.106798264556856,17.132037601314572,1.4950919699612122,4.685777194813472,9.865811145519345,17.132037601314572,1.0
lead574,b83ed953a4105ddc,constant_velocity,1.5225042748144388,3.7485780320252093,0.3819772199290366,0.9595141763865682,2.034303955142941,3.7485780320252093,1.0
lead574,b83ed953a4105ddc,timid_creep,1.59975337677855,3.8874443556197344,0.41553538133975304,1.0276493061422143,2.1379641085585472,3.8874443556197344,1.0
lead574,b83ed953a4105ddc,lead_release,0.8996456990146334,1.6467474316791242,0.19205564656123442,0.7824965066062497,1.3911758197042101,1.6467474316791242,0.0
lead574,a37f67a1fe095025,human_replay,4.823150161490563e-08,5.8779399970227025e-08,1.9843029304698828e-08,3.669154711254704e-08,3.23923435799735e-08,5.8779399970227025e-08,0.0
lead574,a37f67a1fe095025,ignore_all,6.928176807768674,16.906906750371654,1.3494895763409374,4.456583462749094,9.705351497448333,16.906906750371654,1.0
lead574,a37f67a1fe095025,constant_velocity,1.3342414791839858,3.4983256301747243,0.23901637662997116,0.7236554265225869,1.8612236678355911,3.4983256301747243,1.0
lead574,a37f67a1fe095025,timid_creep,2.0220018735174143,4.728825870669566,0.5372632977545285,1.3325440888769977,2.7820868427383534,4.728825870669566,1.0
lead574,a37f67a1fe095025,lead_release,1.1037616879155028,1.8636029583014158,0.2707754659341893,1.0552140825027747,1.682095122899546,1.8636029583014158,0.0
lead574,ead9740dd25f59c3,human_replay,5.342227353239567e-08,3.0646533849573023e-08,1.7603851373779776e-08,8.897427952004147e-08,4.32331706628594e-08,3.0646533849573023e-08,0.0
lead574,ead9740dd25f59c3,ignore_all,7.091156987631903,17.18037458799468,1.2979989929735312,4.6012105401175125,10.029781173555774,17.18037458799468,1.0
lead574,ead9740dd25f59c3,constant_velocity,1.49212435972462,3.761419458096339,0.18596879355116513,0.8603047185892027,2.178985736091748,3.761419458096339,1.0
lead574,ead9740dd25f59c3,timid_creep,2.4605080361907303,5.490391820794838,0.6080115913233439,1.7217819426282546,3.474644525675286,5.490391820794838,1.0
lead574,ead9740dd25f59c3,lead_release,0.6273358473163918,1.0551983407290115,0.17248604241261573,0.5934350111964694,0.9440462608860638,1.0551983407290115,0.0
lead574,d474e3bc97d253ee,human_replay,1.997239553209779e-08,7.444981120835287e-09,9.973115155238373e-09,4.430458726560833e-08,1.1083192895554307e-08,7.444981120835287e-09,0.0
lead574,d474e3bc97d253ee,ignore_all,7.38891084173912,17.56211277462607,1.4007922924495926,4.955814961492074,10.495711684952989,17.56211277462607,1.0
lead574,d474e3bc97d253ee,constant_velocity,1.7833031218790787,4.136662256209958,0.27805761926100353,1.210307406681249,2.6404990750198323,4.136662256209958,1.0
lead574,d474e3bc97d253ee,timid_creep,2.9481415533764146,6.208840838730611,0.7945046086067116,2.2457369398906217,4.194463978097967,6.208840838730611,1.0
lead574,d474e3bc97d253ee,lead_release,0.32487473536708333,0.5687005283987423,0.08503119035956594,0.2977139115582009,0.4665988792173644,0.5687005283987423,0.0
lead574,cd6e2fc752755753,human_replay,1.977381485840059e-08,1.5767710050472297e-08,1.0752589599088692e-08,2.029671958929704e-08,4.079446228077147e-08,1.5767710050472297e-08,0.0
lead574,cd6e2fc752755753,ignore_all,7.447272707864636,17.391067414105763,1.5042783235511379,5.1451379266534945,10.539079541415614,17.391067414105763,1.0
lead574,cd6e2fc752755753,constant_velocity,1.8376229305232825,3.953384074856232,0.3798753503078701,1.3981051225607124,2.679623478724729,3.953384074856232,1.0
lead574,cd6e2fc752755753,timid_creep,3.491297448890885,6.893732652151154,1.1145908549093084,2.8679336136942406,4.884828243837763,6.893732652151154,1.0
lead574,cd6e2fc752755753,lead_release,0.4652129369489246,0.7062735604426663,0.22177852773575535,0.5017033986353873,0.6059336774430788,0.7062735604426663,0.0
lead574,42032a0cedd95dc9,human_replay,1.1297279911077884e-08,9.682351516869091e-09,2.3234188988034977e-08,8.136171018851976e-09,3.2453049449204128e-09,9.682351516869091e-09,0.0
lead574,42032a0cedd95dc9,ignore_all,7.140350829138461,16.576888381511072,1.5019585451980806,5.000447419535086,10.056699250434235,16.576888381511072,1.0
lead574,42032a0cedd95dc9,constant_velocity,1.5263499330854726,3.1235847379358126,0.37739970471287104,1.252022179388982,2.192386320702656,3.1235847379358126,1.0
lead574,42032a0cedd95dc9,timid_creep,3.780979854614943,7.258069098027951,1.2891203339965138,3.238146273452623,5.252713618252427,7.258069098027951,1.0
lead574,42032a0cedd95dc9,lead_release,0.21861156020566158,0.4076039997146073,0.06359636279645685,0.1903248485762125,0.3029850523460372,0.4076039997146073,0.0
lead574,0698ddce973b50ba,human_replay,3.276192494683895e-09,6.661877862959685e-09,4.674069481689284e-09,3.6873386153138165e-09,1.9613561900732776e-09,6.661877862959685e-09,0.0
lead574,0698ddce973b50ba,ignore_all,6.699349767724181,15.568455142376735,1.4582222165582386,4.679422606573224,9.387057589797594,15.568455142376735,1.0
lead574,0698ddce973b50ba,constant_velocity,1.0822596617721838,2.10273677754129,0.33385572538036457,0.9303094810028086,1.5192089558146094,2.10273677754129,1.0
lead574,0698ddce973b50ba,timid_creep,3.94207619498479,7.44777378020848,1.418259407654134,3.4352751184521235,5.444222178355429,7.44777378020848,1.0
lead574,0698ddce973b50ba,lead_release,0.13546077566164383,0.3130138201688458,0.01517263031397359,0.08689377850478863,0.2094764392185566,0.3130138201688458,0.0
lead574,a7a7c9782f3951a1,human_replay,3.043348817642778e-08,5.5956575355802055e-08,1.8057116835729294e-08,2.951606176271455e-08,5.163116227186366e-08,5.5956575355802055e-08,0.0
lead574,a7a7c9782f3951a1,ignore_all,8.119316190029386,18.685382080271133,1.7483053790629166,5.732825130051362,11.45019803322026,18.685382080271133,1.0
lead574,a7a7c9782f3951a1,constant_velocity,2.515680788244693,5.270634882229194,0.6238432395673608,1.9870576144497283,3.5980934801061073,5.270634882229194,1.0
lead574,a7a7c9782f3951a1,timid_creep,3.287677294405185,6.64313242927807,0.9668696452364803,2.6732784497195157,4.627465530390231,6.64313242927807,1.0
lead574,a7a7c9782f3951a1,lead_release,0.30197728074637176,0.5685439087027467,0.08409906709145039,0.2585085841733328,0.44471633573750485,0.5685439087027467,0.0
lead574,08226b91e42858de,human_replay,1.3158327097323106e-08,5.247276902100337e-09,1.659933593574193e-08,2.159463260699632e-08,4.313087669849526e-09,5.247276902100337e-09,0.0
lead574,08226b91e42858de,ignore_all,7.455728106149652,17.18526983673279,1.6501975235768782,5.239169875799403,10.477365121193179,17.18526983673279,1.0
lead574,08226b91e42858de,constant_velocity,1.8438147194451635,3.740064438439383,0.5255390392833981,1.491204205309404,2.6154455417040587,3.740064438439383,1.0
lead574,08226b91e42858de,timid_creep,3.771150981463758,7.219907910292418,1.3438831933859483,3.196789336073471,5.208192553849236,7.219907910292418,1.0
lead574,08226b91e42858de,lead_release,0.23465219667115136,0.4552548590294491,0.035524893964566005,0.2221750172590412,0.34411510042902793,0.4552548590294491,0.0
lead574,cd89b212efe9585a,human_replay,1.2043669113271487e-07,2.3744439272181062e-07,1.7333924580871548e-08,1.3584208143823265e-07,2.3348278252574938e-07,2.3744439272181062e-07,0.0
lead574,cd89b212efe9585a,ignore_all,8.294967702669519,19.635770493171915,1.4580958367330943,5.580020231679308,11.902259678272953,19.635770493171915,1.0
lead574,cd89b212efe9585a,constant_velocity,2.7411299481353955,6.387104663217019,0.33661891013495165,1.852184217907138,4.112936331725489,6.387104663217019,1.0
lead574,cd89b212efe9585a,timid_creep,0.743924978005027,1.699099485343135,0.7620715753016736,0.44324169766459454,0.621580714367531,1.699099485343135,0.0
lead574,cd89b212efe9585a,lead_release,0.2824265053498185,0.5344948430954185,0.04399678115550493,0.4892188504811484,0.356366950673428,0.5344948430954185,0.0
lead574,3f2a3e63c3045c95,human_replay,1.201578179899096e-07,2.107041176284067e-07,8.439344040869538e-08,5.467059631956336e-08,1.6488072736706334e-07,2.107041176284067e-07,0.0
lead574,3f2a3e63c3045c95,ignore_all,8.726020476120121,19.887585260987294,1.81358299005065,6.227922567898264,12.42953623804371,19.887585260987294,1.0
lead574,3f2a3e63c3045c95,constant_velocity,3.1631217151281636,6.60982511826144,0.691276973593732,2.496464348058535,4.6284988850459365,6.60982511826144,1.0
lead574,3f2a3e63c3045c95,timid_creep,1.0689607331038036,2.5976074170796633,0.3106152204506911,0.4914587835467873,1.6196821803352155,2.5976074170796633,1.0
lead574,3f2a3e63c3045c95,lead_release,0.6556326635790819,2.093463437686006,0.08297687882562968,0.07975369851926839,0.9466188840460766,2.093463437686006,1.0
lead574,7a2abf5475ac59ca,human_replay,2.90915533874359e-08,2.3408039706885694e-08,1.3978526600132285e-08,3.535003152169986e-08,4.4632685012636106e-08,2.3408039706885694e-08,0.0
lead574,7a2abf5475ac59ca,ignore_all,8.131051486460269,18.68639741976534,1.7459046811713304,5.728001484127964,11.489231713942344,18.68639741976534,1.0
lead574,7a2abf5475ac59ca,constant_velocity,2.526680224620603,5.26902345624409,0.621279309055428,1.982143593475181,3.6362534532900455,5.26902345624409,1.0
lead574,7a2abf5475ac59ca,timid_creep,3.3889444334718517,6.801992296190131,1.0044980622656643,2.7485474873792897,4.785977688360742,6.801992296190131,1.0
lead574,7a2abf5475ac59ca,lead_release,0.41112651320999816,0.6424796528851966,0.16261800812505164,0.46198660772777134,0.5475581838659231,0.6424796528851966,0.0
lead574,06df6b00bdad5229,human_replay,1.2785987176798193e-08,4.687842781439741e-09,1.3486400358631433e-08,1.1079175170283876e-08,2.1152434739995974e-08,4.687842781439741e-09,0.0
lead574,06df6b00bdad5229,ignore_all,7.457385804824152,17.155471394814185,1.6275983000145764,5.281636069355737,10.492974260215808,17.155471394814185,1.0
lead574,06df6b00bdad5229,constant_velocity,1.8449872086190158,3.7084655530651607,0.5030214004406576,1.5334885260436217,2.6305136725048794,3.7084655530651607,1.0
lead574,06df6b00bdad5229,timid_creep,3.841357428932433,7.326349680111167,1.3410002994150352,3.2982861948331865,5.321857380633239,7.326349680111167,1.0
lead574,06df6b00bdad5229,lead_release,0.2639056696019763,0.4582765698334527,0.10591856195315642,0.24717319250919081,0.34822165323225557,0.4582765698334527,0.0
lead574,b2f5adcdf3dd5227,human_replay,5.5940258656280445e-08,1.6590565784864302e-08,3.701659247262543e-08,4.8972907329400166e-08,6.892123462546816e-08,1.6590565784864302e-08,0.0
lead574,b2f5adcdf3dd5227,ignore_all,9.383693269022398,21.395102517273408,2.0264927385810463,6.672975613911112,13.302215845297845,21.395102517273408,1.0
lead574,b2f5adcdf3dd5227,constant_velocity,3.803229597954738,8.05984010549278,0.9030269726660316,2.934986345800281,5.478816354389247,8.05984010549278,1.0
lead574,b2f5adcdf3dd5227,timid_creep,2.555237967093352,5.839336033036456,0.34795159514887525,1.8249111660552835,3.8134576036601864,5.839336033036456,1.0
lead574,b2f5adcdf3dd5227,lead_release,0.08076938590599163,0.18480247069299183,0.019958721002962275,0.06583950744762605,0.09586849056684552,0.18480247069299183,0.0
lead574,a0e0603db4105ad9,human_replay,1.9158618145172216e-08,1.4220282082117685e-08,1.1214635243819642e-08,1.0858269292158986e-08,1.9969192522281167e-08,1.4220282082117685e-08,0.0
lead574,a0e0603db4105ad9,ignore_all,8.525105087043944,19.39792471808251,1.8848213604314843,6.099439248392113,12.035836451000419,19.39792471808251,1.0
lead574,a0e0603db4105ad9,constant_velocity,2.9240358642580375,5.9923977368836185,0.7603234320615349,2.3543987481476165,4.186873956240505,5.9923977368836185,1.0
lead574,a0e0603db4105ad9,timid_creep,3.397792821500034,6.834656084739085,0.9708733582513848,2.7755213515734534,4.818566194659768,6.834656084739085,1.0
lead574,a0e0603db4105ad9,lead_release,0.09349727998443103,0.23278335403344308,0.02855276445390055,0.04654936467554995,0.13246191486020717,0.23278335403344308,0.0
lead574,f414059fffd45057,human_replay,1.524739677046526e-08,7.674644318817252e-09,2.153285542465901e-08,1.0644381511566175e-08,1.8458988188071853e-08,7.674644318817252e-09,0.0
lead574,f414059fffd45057,ignore_all,7.6854053388281045,17.523883221981468,1.746436431860894,5.502824297824205,10.786906096530963,17.523883221981468,1.0
lead574,f414059fffd45057,constant_velocity,2.0739939507581187,4.080214734133482,0.6221709968432848,1.7549630846281066,2.925506760540785,4.080214734133482,1.0
lead574,f414059fffd45057,timid_creep,3.9456351720611904,7.448812950343633,1.4242952440113958,3.4128791614529557,5.438771884929187,7.448812950343633,1.0
lead574,f414059fffd45057,lead_release,0.221933590174761,0.38927129470643496,0.09237420156244365,0.20330412956692087,0.29728501599673673,0.38927129470643496,0.0
lead574,b989e46aae3a5332,human_replay,1.6411536069858234e-08,1.1769168625427421e-08,5.053787004974151e-09,1.1921855061222909e-08,2.591078509669971e-08,1.1769168625427421e-08,0.0
lead574,b989e46aae3a5332,ignore_all,8.572704749090068,19.32019865073877,1.937052831644016,6.264567026598833,12.075110686789268,19.32019865073877,1.0
lead574,b989e46aae3a5332,constant_velocity,2.969269763341801,5.9062596308802835,0.8126148870660905,2.5187953928632156,4.2232783903634346,5.9062596308802835,1.0
lead574,b989e46aae3a5332,timid_creep,3.7142865528348246,7.2307709330207715,1.1436466484264158,3.1810513589852616,5.216661385773272,7.2307709330207715,1.0
lead574,b989e46aae3a5332,lead_release,0.17392507993821613,0.16257728427886858,0.044618469002360855,0.26404000531476457,0.24795750333998168,0.16257728427886858,0.0
lead574,deb8de65573253b7,human_replay,3.0963433664170788e-09,1.679991127189147e-09,1.1919704292955411e-08,1.7411657518750743e-09,3.8800087145268746e-10,1.679991127189147e-09,0.0
lead574,deb8de65573253b7,ignore_all,7.549970847614807,17.081009251590178,1.8147807583821236,5.454500343848643,10.53843823566777,17.081009251590178,1.0
lead574,deb8de65573253b7,constant_velocity,1.9361151742007296,3.6284906601262112,0.6899162645195042,1.706042563463134,2.6743524025376364,3.6284906601262112,1.0
lead574,deb8de65573253b7,timid_creep,4.157813601792263,7.6970080880183405,1.5925083520819772,3.6639629953394603,5.687568514271985,7.6970080880183405,1.0
lead574,deb8de65573253b7,lead_release,0.07017995313307482,0.12603088326483117,0.08671134482162336,0.0613324467102145,0.042007479545761485,0.12603088326483117,0.0
lead574,2184b01d59d4550c,human_replay,7.323448783387717e-08,7.163687167501791e-08,9.709345686553995e-08,9.396697317078255e-08,8.341926479371519e-08,7.163687167501791e-08,0.0
lead574,2184b01d59d4550c,ignore_all,9.23925008270289,21.59441320332497,1.73487775457409,6.343369385094062,13.221160617114853,21.59441320332497,1.0
lead574,2184b01d59d4550c,constant_velocity,3.670150391830265,8.296665060636318,0.6121267293385869,2.609518910458911,5.412262704132039,8.296665060636318,1.0
lead574,2184b01d59d4550c,timid_creep,1.8638582466169236,4.857666306987781,0.24764769184249527,0.8901514449873992,2.8330577467508142,4.857666306987781,1.0
lead574,2184b01d59d4550c,lead_release,0.08279674176107725,0.0358072520617355,0.029133523193345244,0.12194804460772454,0.15706083552299352,0.0358072520617355,0.0
lead574,c738206669ed589c,human_replay,3.246162085454821e-08,5.3187224216263655e-08,8.138362615481537e-09,3.9937173607060315e-08,4.83773426341908e-08,5.3187224216263655e-08,0.0
lead574,c738206669ed589c,ignore_all,9.140168156056864,20.88426636542553,1.891083938328647,6.521656072090178,12.99206459738153,20.88426636542553,1.0
lead574,c738206669ed589c,constant_velocity,3.5531476676006672,7.527059632322906,0.7673904737144943,2.781295177972528,5.160456981039255,7.527059632322906,1.0
lead574,c738206669ed589c,timid_creep,2.766336091973797,6.128140710973479,0.4178950292083515,2.0819011173227073,4.11128621440575,6.128140710973479,1.0
lead574,c738206669ed589c,lead_release,0.07246961350208664,0.20030920619963558,0.03201508752436432,0.051752068674235104,0.07016975784042044,0.20030920619963558,0.0
lead574,b8d114f0304d5f87,human_replay,1.721701084234068e-08,4.43339078807148e-09,2.1118971176786205e-08,2.2307980649603534e-08,2.190917101834302e-08,4.43339078807148e-09,0.0
lead574,b8d114f0304d5f87,ignore_all,8.467057245581215,19.15126837667228,1.91771887605611,6.137234429784594,11.923531244655265,19.15126837667228,1.0
lead574,b8d114f0304d5f87,constant_velocity,2.8635124744734166,5.736525146247847,0.7932765635087623,2.391541544720945,4.071514271319771,5.736525146247847,1.0
lead574,b8d114f0304d5f87,timid_creep,3.638819811554427,7.114976298592665,1.1377940887271896,3.0807251238239304,5.1053359286588265,7.114976298592665,1.0
lead574,b8d114f0304d5f87,lead_release,0.15896492501921175,0.34914121901410927,0.012972285314129863,0.12273148138690834,0.23247879662297263,0.34914121901410927,0.0
lead574,deff279b0c815e5a,human_replay,8.32148495621269e-09,1.4716471673121463e-09,1.3528183360442505e-08,3.328415198684542e-09,1.4415443338573787e-08,1.4716471673121463e-09,0.0
lead574,deff279b0c815e5a,ignore_all,7.440313571353975,16.9448354406007,1.7330589278521593,5.329957211198127,10.406346402334698,16.9448354406007,1.0
lead574,deff279b0c815e5a,constant_velocity,1.8264420756090847,3.4923046945025966,0.6082521763288258,1.5815429461399224,2.5422814272752032,3.4923046945025966,1.0
lead574,deff279b0c815e5a,timid_creep,4.04962546992759,7.563749597004035,1.5112109421195283,3.5406885227415903,5.55757706709873,7.563749597004035,1.0
lead574,deff279b0c815e5a,lead_release,0.1949126824475312,0.36267965025916166,0.06846818212709063,0.17612293041305033,0.2748980242374683,0.36267965025916166,0.0
lead574,e34c3d18bc405ace,human_replay,1.6787103032133042e-08,3.9259643141333487e-08,2.445312747878518e-08,8.786820364704304e-09,3.0906609133152505e-08,3.9259643141333487e-08,0.0
lead574,e34c3d18bc405ace,ignore_all,7.961427429312089,18.320414999559045,1.7130773057791262,5.6037788597385445,11.243458847103616,18.320414999559045,1.0
lead574,e34c3d18bc405ace,constant_velocity,2.3551162020090524,4.895620466115488,0.5887479284923874,1.8573548232931534,3.3880671486591103,4.895620466115488,1.0
lead574,e34c3d18bc405ace,timid_creep,3.4856250113444296,6.9056154089652875,1.0909649647433144,2.8622516657804855,4.89554582342511,6.9056154089652875,1.0
lead574,e34c3d18bc405ace,lead_release,0.3068928640518766,0.5045560878363338,0.12798423464696146,0.3108932571148595,0.4069724117989829,0.5045560878363338,0.0
lead574,ba86ae71bc105215,human_replay,1.8441638235244284e-08,1.6616257911831316e-08,1.9492811310537268e-08,8.572248107998997e-09,2.842827654971295e-08,1.6616257911831316e-08,0.0
lead574,ba86ae71bc105215,ignore_all,7.306653526371581,16.850761644406216,1.5800067100145094,5.160494691905703,10.275356720454699,16.850761644406216,1.0
lead574,ba86ae71bc105215,constant_velocity,1.6932627016221542,3.399759911432441,0.45543404570154294,1.4121499622385032,2.4117072404381816,3.399759911432441,1.0
lead574,ba86ae71bc105215,timid_creep,3.849996496670996,7.338486807792671,1.3392172671745197,3.31441833624914,5.3322176521308355,7.338486807792671,1.0
lead574,ba86ae71bc105215,lead_release,0.15094505117658907,0.26989805280801515,0.055125400201247,0.12435918545178962,0.21389074115943488,0.26989805280801515,0.0
lead574,23993a36d4e75a1d,human_replay,2.816010918381797e-08,6.746157543304193e-09,1.02665305492084e-08,5.529226315901696e-08,4.240657270057819e-08,6.746157543304193e-09,0.0
lead574,23993a36d4e75a1d,ignore_all,7.9774920770777875,18.39594680829642,1.6604097376056146,5.63035652718225,11.291335312566895,18.39594680829642,1.0
lead574,23993a36d4e75a1d,constant_velocity,2.3715143068899818,4.9727558100801925,0.535729022558361,1.8839983181797262,3.436458343315195,4.9727558100801925,1.0
lead574,23993a36d4e75a1d,timid_creep,3.4423006902336133,6.876437337479593,1.0116238482174253,2.8357698958430193,4.864206741027932,6.876437337479593,1.0
lead574,23993a36d4e75a1d,lead_release,0.2744003820972808,0.33017102405582277,0.06326796454109443,0.3602724493252335,0.4131218412957557,0.33017102405582277,0.0
lead574,d0910fc41d785f46,human_replay,1.7406211144804287e-08,7.71203439153313e-09,2.312108825070047e-08,1.961838697259184e-08,1.369179222096547e-08,7.71203439153313e-09,0.0
lead574,d0910fc41d785f46,ignore_all,7.391028892046887,16.99600590285164,1.60992822842142,5.244096395444157,10.390954946156764,16.99600590285164,1.0
lead574,d0910fc41d785f46,constant_velocity,1.7780336791770721,3.546289189523423,0.48567081298780285,1.4959253882261903,2.527737517758649,3.546289189523423,1.0
lead574,d0910fc41d785f46,timid_creep,3.883798660323843,7.383153194800433,1.3546254930407713,3.3544734748152134,5.3754664365860325,7.383153194800433,1.0
lead574,d0910fc41d785f46,lead_release,0.07995346814136192,0.010755843284860926,0.055413323862015175,0.15329052039993646,0.09605207849792248,0.010755843284860926,0.0
lead574,1a9928bcc34451aa,human_replay,4.1201793321165477e-08,5.830589764544261e-08,1.5978686708309646e-08,8.367673172121523e-10,2.025364695466634e-08,5.830589764544261e-08,0.0
lead574,1a9928bcc34451aa,ignore_all,8.690669836415223,20.19272144228617,1.789735699879815,6.015527799540385,12.309816937459871,20.19272144228617,1.0
lead574,1a9928bcc34451aa,constant_velocity,3.1028036141295696,6.832599804330893,0.6659511314197567,2.2748746941399496,4.477147923869075,6.832599804330893,1.0
lead574,1a9928bcc34451aa,timid_creep,2.380279048049196,5.547933296762562,0.34496970347377354,1.6326235667801774,3.5136809255358257,5.547933296762562,1.0
lead574,1a9928bcc34451aa,lead_release,0.3861559946919665,0.6529082062793393,0.12165892076598282,0.37763430024256905,0.5645029632133055,0.6529082062793393,0.0
lead574,9410f817dff058c2,human_replay,3.532495322619948e-08,2.8275555797071395e-08,5.234179772359228e-08,1.6826388488625335e-08,4.112088569750595e-08,2.8275555797071395e-08,0.0
lead574,9410f817dff058c2,ignore_all,8.239059864323368,19.01514215626516,1.7265984045952845,5.781138668636092,11.664206799204386,19.01514215626516,1.0
lead574,9410f817dff058c2,constant_velocity,2.637744213760869,5.608587233571552,0.6022083038832972,2.0361532154101343,3.8148982480770433,5.608587233571552,1.0
lead574,9410f817dff058c2,timid_creep,3.1434700218546223,6.507710610818317,0.8269222721607786,2.48566744348508,4.489237321714075,6.507710610818317,1.0
lead574,9410f817dff058c2,lead_release,0.3833161356570348,0.6328137602436317,0.13741639749841641,0.3936606610950285,0.5260133962172567,0.6328137602436317,0.0
lead574,3e6526b2f7755050,human_replay,1.4536102721138736e-08,1.1198284110685809e-08,1.2914016722822756e-09,1.4837652274355457e-08,2.4379243354373708e-08,1.1198284110685809e-08,0.0
lead574,3e6526b2f7755050,ignore_all,7.692217397406756,17.689922216668737,1.670690257755269,5.432722158191898,10.837441447810853,17.689922216668737,1.0
lead574,3e6526b2f7755050,constant_velocity,2.082150863022521,4.251792377551948,0.5459279731726585,1.685182800969615,2.9777162983422065,4.251792377551948,1.0
lead574,3e6526b2f7755050,timid_creep,3.7512721735460954,7.219196451112244,1.2877105083876608,3.1688528313827806,5.203268677267374,7.219196451112244,1.0
lead574,3e6526b2f7755050,lead_release,0.3812259496265372,0.5925605102637053,0.18113325080363557,0.4043983474488095,0.4968082730112234,0.5925605102637053,0.0
lead574,4fd76f9d056d5fb3,human_replay,1.4179739105485335e-07,4.7314892366442957e-07,4.625615128692378e-08,1.4002065112057658e-07,1.377478851205382e-07,4.7314892366442957e-07,0.0
lead574,4fd76f9d056d5fb3,ignore_all,3.9670567019147844,9.466826070931518,0.8298006709333011,2.670027407760671,5.5219624704338335,9.466826070931518,1.0
lead574,4fd76f9d056d5fb3,constant_velocity,2.1520393507065667,5.290114638566132,0.33860052069951857,1.362763129146022,3.093240481191658,5.290114638566132,1.0
lead574,4fd76f9d056d5fb3,timid_creep,1.4519044255232174,3.8589835590175263,0.21719249345127845,0.7352656118023894,2.0562120418338714,3.8589835590175263,1.0
lead574,4fd76f9d056d5fb3,lead_release,0.7703909419303484,1.335607632999374,0.2922456731934901,0.7188729108183295,1.082368311941075,1.335607632999374,0.0
lead574,3b8bc6ec37105767,human_replay,1.120896390877442e-07,2.688334068344049e-07,7.713481471190103e-08,5.547678028332471e-08,1.7173409786235477e-07,2.688334068344049e-07,0.0
lead574,3b8bc6ec37105767,ignore_all,5.086381274869457,11.77028601887467,1.161471250665805,3.5884639646545664,7.072185476418847,11.77028601887467,1.0
lead574,3b8bc6ec37105767,constant_velocity,1.1264969622339571,2.680978629612861,0.20863510328238835,0.7436590243503453,1.6095300418801821,2.680978629612861,1.0
lead574,3b8bc6ec37105767,timid_creep,2.0756085552668697,4.487359861789045,0.5830008345276102,1.5241558116354181,2.9039436642111474,4.487359861789045,1.0
lead574,3b8bc6ec37105767,lead_release,0.27968583507045996,0.560359083082882,0.20281613835071305,0.31590821123916285,0.20305577403514188,0.560359083082882,0.0
lead574,65a5be18fdb7508d,human_replay,1.1023343847736414e-07,1.1733029635612278e-07,3.329187090807944e-09,1.1824947769576431e-07,2.0444377175142288e-07,1.1733029635612278e-07,0.0
lead574,65a5be18fdb7508d,ignore_all,4.788286932293842,11.304907909114073,1.0852164661958656,3.2935593959855742,6.6119513058266355,11.304907909114073,1.0
lead574,65a5be18fdb7508d,constant_velocity,0.9722794467001132,2.346494805481987,0.11050011259322425,0.6171077257533031,1.448243919302904,2.346494805481987,1.0
lead574,65a5be18fdb7508d,timid_creep,2.295600268448176,4.7291218366108865,0.6819286525340038,1.7770801144709285,3.2274697943246147,4.7291218366108865,1.0
lead574,65a5be18fdb7508d,lead_release,0.23875388138093318,0.6716398069968555,0.13874646146967698,0.07515941980947824,0.2614885573941033,0.6716398069968555,0.0
lead574,83671631057f50a4,human_replay,5.511867215929345e-08,9.633863695954831e-08,7.51975957452802e-09,4.130657233268825e-08,5.2768441649278155e-08,9.633863695954831e-08,0.0
lead574,83671631057f50a4,ignore_all,6.481524204738436,15.531348096489273,1.2972806176124254,4.326241456008081,9.085187940783932,15.531348096489273,1.0
lead574,83671631057f50a4,constant_velocity,1.292558526104303,2.9577702641752874,0.26917662275027254,0.8980097067402202,1.8490914339038496,2.9577702641752874,1.0
lead574,83671631057f50a4,timid_creep,2.374156575432647,4.874933109233869,0.783811176679854,1.8641696238026788,3.258065203882707,4.874933109233869,1.0
lead574,83671631057f50a4,lead_release,0.2655409221915198,0.6180082964138655,0.05988796956410997,0.14770227087850915,0.3907665009318628,0.6180082964138655,0.0
lead574,0004474e9e3f5470,human_replay,1.300734997464444e-07,9.119484085523484e-08,2.847827105323032e-08,1.9625856264772603e-07,3.6495236707527694e-07,9.119484085523484e-08,0.0
lead574,0004474e9e3f5470,ignore_all,5.721690278708851,13.734914216965999,1.186974724601058,3.8143913069916624,7.969546943868816,13.734914216965999,1.0
lead574,0004474e9e3f5470,constant_velocity,0.8893665494301084,2.0094580098094066,0.19117497180495227,0.6478516282820849,1.2633506088043607,2.0094580098094066,1.0
lead574,0004474e9e3f5470,timid_creep,2.4020568180193287,4.296584631015337,0.9854634222753007,2.1278500240694433,3.274734213392159,4.296584631015337,1.0
lead574,0004474e9e3f5470,lead_release,0.3135955212522026,0.9995394193847631,0.05533004906662634,0.08804767299714156,0.4065942013955049,0.9995394193847631,0.0
lead574,b5668089b793502b,human_replay,2.5425067061796717e-07,2.4946066986523976e-07,3.205691235920641e-08,2.6006683153988987e-07,4.1369139896301424e-07,2.4946066986523976e-07,0.0
lead574,b5668089b793502b,ignore_all,8.47673705641511,20.827176088176394,1.4963331373571533,5.431212050875604,11.948338997889941,20.827176088176394,1.0
lead574,b5668089b793502b,constant_velocity,3.401965164727763,8.938746292040577,0.4321439390583663,1.9495545567272112,4.806837487304373,8.938746292040577,1.0
lead574,b5668089b793502b,timid_creep,3.431917522539925,5.90896794373679,1.0717035871240062,3.0647599744407095,5.125243260498196,5.90896794373679,1.0
lead574,b5668089b793502b,lead_release,2.8751422587029083,7.557971919216356,0.3190540616876949,1.647901665697073,4.097006026095848,7.557971919216356,1.0
lead574,eae658a09ef152a9,human_replay,1.8782341718299544e-07,1.7841696382770365e-08,6.260818500299076e-08,6.359612797733235e-08,2.8481175085997774e-07,1.7841696382770365e-08,0.0
lead574,eae658a09ef152a9,ignore_all,9.311396645745646,22.419882171811903,1.7443425938652848,6.153660636194901,13.142422081363414,22.419882171811903,1.0
lead574,eae658a09ef152a9,constant_velocity,4.184754045278217,10.393923693104165,0.6723215077764023,2.6423846056946054,5.929121646561183,10.393923693104165,1.0
lead574,eae658a09ef152a9,timid_creep,2.5085341595152473,4.008679242262307,0.8304112647907528,2.3705447206831263,3.7764839369828263,4.008679242262307,1.0
lead574,eae658a09ef152a9,lead_release,2.827587361225425,6.634569190120847,0.4832431301752274,1.8947288685547394,4.117609091759286,6.634569190120847,1.0
lead574,fc1b6762387f5209,human_replay,1.9137130029969095e-07,3.625476240999566e-07,8.702316282145739e-08,4.496314230391134e-07,2.9709576376670835e-07,3.625476240999566e-07,0.0
lead574,fc1b6762387f5209,ignore_all,9.704982670337811,23.093945462997453,1.885882537543253,6.511198028492148,13.714789582967581,23.093945462997453,1.0
lead574,fc1b6762387f5209,constant_velocity,4.478539737046811,10.794610198272576,0.8014755504565625,2.9448735219910063,6.364643372152468,10.794610198272576,1.0
lead574,fc1b6762387f5209,timid_creep,1.9066506127709695,2.6222548960291077,0.7046676412226578,2.0652870978929245,2.847870229576167,2.6222548960291077,1.0
lead574,fc1b6762387f5209,lead_release,1.0869679278106175,2.481148578752815,0.15024908836156112,0.729036473900773,1.6428987125389605,2.481148578752815,1.0
lead574,534efc35151f543d,human_replay,2.2734580286693557e-07,4.204257542931692e-07,8.070256726399792e-08,3.679728666984077e-07,1.4770885865998264e-07,4.204257542931692e-07,0.0
lead574,534efc35151f543d,ignore_all,9.885373450299742,23.30474946093559,1.9864126211214035,6.716286877724804,13.96822704699114,23.30474946093559,1.0
lead574,534efc35151f543d,constant_velocity,4.560501007252881,10.730251975809935,0.8904498188052067,3.097581447471063,6.483701519686853,10.730251975809935,1.0
lead574,534efc35151f543d,timid_creep,1.3384552563570629,1.3260499983744691,0.6196937985937847,1.7164917545975578,1.9480647678242706,1.3260499983744691,0.0
lead574,534efc35151f543d,lead_release,0.6823442041007693,1.4742211182214802,0.12141420933000113,0.5105966322179066,1.016517197207623,1.4742211182214802,0.0
lead574,b7d52a0a64825b14,human_replay,2.043368130602717e-07,3.88929740344068e-07,2.3556260895264513e-07,1.6768780305685604e-07,4.5962156402044567e-07,3.88929740344068e-07,0.0
lead574,b7d52a0a64825b14,ignore_all,9.806405730046126,23.0275851012871,1.9972976605294388,6.719221382376863,13.836336503700101,23.0275851012871,1.0
lead574,b7d52a0a64825b14,constant_velocity,4.392779307817307,10.19936091277249,0.890159499114542,3.0559074316958053,6.2321124384681825,10.19936091277249,1.0
lead574,b7d52a0a64825b14,timid_creep,0.8686094024874749,0.23124940172822342,0.6153689946955255,1.3967949070013055,1.171293688663089,0.23124940172822342,0.0
lead574,b7d52a0a64825b14,lead_release,0.5913238016602697,1.3308741086875462,0.07124857277325335,0.40898599418992065,0.8981681634918088,1.3308741086875462,0.0
lead574,028613e11f415422,human_replay,1.5683132137496487e-07,2.051251836655557e-07,1.0778070954332171e-07,1.7226490866100738e-07,2.2241679857311266e-07,2.051251836655557e-07,0.0
lead574,028613e11f415422,ignore_all,9.566795470606511,22.460829237530206,1.9669031285350471,6.577418632152159,13.466616760066984,22.460829237530206,1.0
lead574,028613e11f415422,constant_velocity,4.083787737492123,9.429106532472124,0.8517422466053577,2.8808869964577366,5.770234170799097,9.429106532472124,1.0
lead574,028613e11f415422,timid_creep,0.6442168784312787,1.168335210365323,0.649666818189341,0.8804691521890897,0.27383970059696694,1.168335210365323,0.0
lead574,028613e11f415422,lead_release,0.5276233425929794,1.3672054805007126,0.024767141430617225,0.29222326252834585,0.7851927894751135,1.3672054805007126,0.0
lead574,173b456bbf29598f,human_replay,8.909556631648062e-08,1.296120427794361e-07,3.3463289746601464e-08,1.3429080318595914e-07,1.3156080931553868e-08,1.296120427794361e-07,0.0
lead574,173b456bbf29598f,ignore_all,9.174842865942864,21.625692740358193,1.8917411629476444,6.273022100892015,12.889921261356143,21.625692740358193,1.0
lead574,173b456bbf29598f,constant_velocity,3.6411060346556265,8.438366405854381,0.7726714024399006,2.554127813553516,5.126579165615216,8.438366405854381,1.0
lead574,173b456bbf29598f,timid_creep,0.8196979430280548,2.5122727302233763,0.5071583918846562,0.28791125961746944,0.7577760278178778,2.5122727302233763,1.0
lead574,173b456bbf29598f,lead_release,0.28184331518034,0.22612514353767932,0.14883301738477275,0.36697010467099694,0.4305126597598794,0.22612514353767932,0.0
lead574,0cb87152ed5e5ca1,human_replay,6.41328200989192e-08,1.9876064952615144e-08,8.488785077456112e-08,2.883057829018054e-08,1.8666962785846113e-07,1.9876064952615144e-08,0.0
lead574,0cb87152ed5e5ca1,ignore_all,8.718077987141747,20.627273967210183,1.7771333578461936,5.902165356092637,12.26031066292976,20.627273967210183,1.0
lead574,0cb87152ed5e5ca1,constant_velocity,3.151004204013391,7.3325824227872,0.6560596634992552,2.1700876761590497,4.453332698771843,7.3325824227872,1.0
lead574,0cb87152ed5e5ca1,timid_creep,1.2990983332330899,3.809875371241552,0.23456164166043753,0.41854807368396074,1.8129802054000743,3.809875371241552,1.0
lead574,0cb87152ed5e5ca1,lead_release,0.7281898927914824,1.1070729341585908,0.22648347647963182,0.7568108994958337,1.0999629604952907,1.1070729341585908,0.0
lead574,2ca33fd04f805478,human_replay,4.63344251975261e-08,6.41588920243265e-08,4.7755067605577244e-08,7.126907652330851e-08,6.849392671257068e-08,6.41588920243265e-08,0.0
lead574,2ca33fd04f805478,ignore_all,8.341775516753552,19.696629063034703,1.6724071239320286,5.6281839993026805,11.798581696316804,19.696629063034703,1.0
lead574,2ca33fd04f805478,constant_velocity,2.754391176605619,6.336165343748816,0.5496211289088233,1.8883439370112984,3.965952241793395,6.336165343748816,1.0
lead574,2ca33fd04f805478,timid_creep,2.043450972723984,5.068628143757534,0.23500992296715664,1.2553103577771751,3.0154064638338114,5.068628143757534,1.0
lead574,2ca33fd04f805478,lead_release,0.2819308625940864,0.36963409978332745,0.12082951987589179,0.3541719581253029,0.38095055362191665,0.36963409978332745,0.0
lead574,0eb72de48c875897,human_replay,3.0059037073481134e-08,4.451449162033326e-08,3.006108731339542e-08,5.840603772698939e-09,3.956219327090684e-08,4.451449162033326e-08,0.0
lead574,0eb72de48c875897,ignore_all,8.054952203244326,18.880274972652465,1.611215335606978,5.486859552129211,11.44091823969708,18.880274972652465,1.0
lead574,0eb72de48c875897,constant_velocity,2.455800364070869,5.4794220591704415,0.4884036118477621,1.7428915951233679,3.5936322961824496,5.4794220591704415,1.0
lead574,0eb72de48c875897,timid_creep,2.7877692415490767,6.069951176637506,0.6354800402625561,2.0380100566238895,4.0365188163828405,6.069951176637506,1.0
lead574,0eb72de48c875897,lead_release,0.5054598106949084,0.770680212144811,0.19218194627978047,0.5638617890671906,0.685471916814739,0.770680212144811,0.0
lead574,db4f9f954c2e597f,human_replay,2.331503262547473e-08,4.199390877556874e-08,2.4341614298766837e-09,1.3815140386435202e-08,1.3154675122763253e-08,4.199390877556874e-08,0.0
lead574,db4f9f954c2e597f,ignore_all,7.744281699361666,17.996936371869925,1.5744097185541865,5.3850173794352,10.975479796110443,17.996936371869925,1.0
lead574,db4f9f954c2e597f,constant_velocity,2.1371080631471453,4.567971173251494,0.4506494865242741,1.6381653795500728,3.118681161027348,4.567971173251494,1.0
lead574,db4f9f954c2e597f,timid_creep,3.425765808200408,6.859604186613044,1.0227645730456933,2.78393089477278,4.837403755308534,6.859604186613044,1.0
lead574,db4f9f954c2e597f,lead_release,0.3343761176131482,0.49016921095056043,0.2172767373284021,0.34161075158403376,0.401731221207782,0.49016921095056043,0.0
lead574,36e1ce5794595e73,human_replay,1.60186228764255e-08,4.08528907672892e-09,1.4894453710230065e-08,7.611203189195893e-09,2.3429968730716158e-08,4.08528907672892e-09,0.0
lead574,36e1ce5794595e73,ignore_all,7.3437011233090175,16.96871154748155,1.5455211600042282,5.185098052445199,10.350503781093483,16.96871154748155,1.0
lead574,36e1ce5794595e73,constant_velocity,1.730659234290785,3.5192628941625594,0.42076195762303287,1.4368456229514124,2.4873491083179506,3.5192628941625594,1.0
lead574,36e1ce5794595e73,timid_creep,3.825783332426142,7.3346453714917565,1.2871092973410805,3.2862631875543884,5.319746195898018,7.3346453714917565,1.0
lead574,36e1ce5794595e73,lead_release,0.31259932081284203,0.49299519298647587,0.19060104788181487,0.2961241648541026,0.39057636431101644,0.49299519298647587,0.0
lead574,225eb6e22af55972,human_replay,1.2172804235877405e-07,4.237529732838789e-07,7.904368597764621e-09,1.1294367481219271e-07,1.9574375756947073e-07,4.237529732838789e-07,0.0
lead574,225eb6e22af55972,ignore_all,2.8403646824449584,7.064025349107465,0.6768415474211303,1.8469320381834653,3.770819852342167,7.064025349107465,1.0
lead574,225eb6e22af55972,constant_velocity,2.7793056924544777,6.409599429100245,0.44823286672039464,1.9029310688284127,4.1001496098232515,6.409599429100245,1.0
lead574,225eb6e22af55972,timid_creep,0.5229019312913236,0.6139609414099874,0.6768566862023511,0.7858978979184129,0.17522609642176867,0.6139609414099874,0.0
lead574,225eb6e22af55972,lead_release,0.1635238080655032,0.08371286940357578,0.09247722327433724,0.1874736252557454,0.2866183383408689,0.08371286940357578,0.0
lead574,a3df0f8925b251e0,human_replay,7.627748456507021e-08,1.4267389390910213e-07,1.713351815975144e-08,5.777770792753701e-08,7.12981190320068e-08,1.4267389390910213e-07,0.0
lead574,a3df0f8925b251e0,ignore_all,2.9491276151468333,7.729681656903297,0.6021525851970319,1.732752270490861,3.934773332762404,7.729681656903297,1.0
lead574,a3df0f8925b251e0,constant_velocity,2.6679433567758286,5.7309719295742525,0.5233108031024953,2.0172050889932773,3.934046106122937,5.7309719295742525,1.0
lead574,a3df0f8925b251e0,timid_creep,0.5599123429987273,1.3361622251815193,0.42773053451241616,0.09745646309345586,0.6904143004202222,1.3361622251815193,0.0
lead574,a3df0f8925b251e0,lead_release,0.7344307797425893,2.576949311372573,0.04313449788825669,0.1571993770383006,0.9346511629597095,2.576949311372573,1.0
